<?xml version="1.0" encoding="UTF-8"?>

<!-- generated on 2024-04-29 21:36:06 by Eclipse SUMO GUI Version 1.19.0
<configuration xmlns:xsi="http://www.w3.org/2001/XMLSchema-instance" xsi:noNamespaceSchemaLocation="http://sumo.dlr.de/xsd/sumoConfiguration.xsd">

    <input>
        <net-file value="C:\Users\10539\Documents\BaiduNetdiskWorkspace\Python项目\Python绘图\本科毕业设计\交叉口模型参数分析\jmCrossingGap\3.4晚高峰（jmCrossingGap=5）\4.net.xml"/>
        <route-files value="C:\Users\10539\Documents\BaiduNetdiskWorkspace\Python项目\Python绘图\本科毕业设计\交叉口模型参数分析\jmCrossingGap\3.4晚高峰（jmCrossingGap=5）\v_vehs.rou.xml,C:\Users\10539\Documents\BaiduNetdiskWorkspace\Python项目\Python绘图\本科毕业设计\交叉口模型参数分析\jmCrossingGap\3.4晚高峰（jmCrossingGap=5）\pedestrian.rou.xml,C:\Users\10539\Documents\BaiduNetdiskWorkspace\Python项目\Python绘图\本科毕业设计\交叉口模型参数分析\jmCrossingGap\3.4晚高峰（jmCrossingGap=5）\bus.rou.xml"/>
        <additional-files value="C:\Users\10539\Documents\BaiduNetdiskWorkspace\Python项目\Python绘图\本科毕业设计\交叉口模型参数分析\jmCrossingGap\3.4晚高峰（jmCrossingGap=5）\det_e3.add.xml,C:\Users\10539\Documents\BaiduNetdiskWorkspace\Python项目\Python绘图\本科毕业设计\交叉口模型参数分析\jmCrossingGap\3.4晚高峰（jmCrossingGap=5）\det_e2.add.xml,C:\Users\10539\Documents\BaiduNetdiskWorkspace\Python项目\Python绘图\本科毕业设计\交叉口模型参数分析\jmCrossingGap\3.4晚高峰（jmCrossingGap=5）\busstop_def.add.xml"/>
    </input>

    <output>
        <write-license value="false"/>
        <output-prefix value="OUTPUT-"/>
        <precision value="2"/>
        <human-readable-time value="false"/>
        <emission-output value="C:\Users\10539\Documents\BaiduNetdiskWorkspace\Python项目\Python绘图\本科毕业设计\交叉口模型参数分析\jmCrossingGap\3.4晚高峰（jmCrossingGap=5）\output/data_emission.xml"/>
        <emission-output.precision value="2"/>
        <queue-output value="C:\Users\10539\Documents\BaiduNetdiskWorkspace\Python项目\Python绘图\本科毕业设计\交叉口模型参数分析\jmCrossingGap\3.4晚高峰（jmCrossingGap=5）\output/data_Queue.xml"/>
        <queue-output.period value="300"/>
        <summary-output value="C:\Users\10539\Documents\BaiduNetdiskWorkspace\Python项目\Python绘图\本科毕业设计\交叉口模型参数分析\jmCrossingGap\3.4晚高峰（jmCrossingGap=5）\output/data_summary.xml"/>
        <summary-output.period value="300"/>
        <person-summary-output value="C:\Users\10539\Documents\BaiduNetdiskWorkspace\Python项目\Python绘图\本科毕业设计\交叉口模型参数分析\jmCrossingGap\3.4晚高峰（jmCrossingGap=5）\output/data_person_summary.xml"/>
        <personinfo-output value="C:\Users\10539\Documents\BaiduNetdiskWorkspace\Python项目\Python绘图\本科毕业设计\交叉口模型参数分析\jmCrossingGap\3.4晚高峰（jmCrossingGap=5）\output/data_personinfo.xml"/>
        <collision-output value="C:\Users\10539\Documents\BaiduNetdiskWorkspace\Python项目\Python绘图\本科毕业设计\交叉口模型参数分析\jmCrossingGap\3.4晚高峰（jmCrossingGap=5）\output/data_collision.xml"/>
        <edgedata-output value="C:\Users\10539\Documents\BaiduNetdiskWorkspace\Python项目\Python绘图\本科毕业设计\交叉口模型参数分析\jmCrossingGap\3.4晚高峰（jmCrossingGap=5）\output/data_edges.xml"/>
        <lanedata-output value="C:\Users\10539\Documents\BaiduNetdiskWorkspace\Python项目\Python绘图\本科毕业设计\交叉口模型参数分析\jmCrossingGap\3.4晚高峰（jmCrossingGap=5）\output/data_lanes.xml"/>
        <statistic-output value="C:\Users\10539\Documents\BaiduNetdiskWorkspace\Python项目\Python绘图\本科毕业设计\交叉口模型参数分析\jmCrossingGap\3.4晚高峰（jmCrossingGap=5）\output/data_statistic.xml"/>
    </output>

    <time>
        <begin value="0"/>
        <end value="3600"/>
        <step-length value="1"/>
    </time>

    <processing>
        <no-internal-links value="false"/>
        <ignore-route-errors value="true"/>
        <collision.action value="teleport"/>
        <intermodal-collision.action value="warn"/>
        <collision.stoptime value="0"/>
        <intermodal-collision.stoptime value="0"/>
        <collision.check-junctions value="false"/>
        <max-num-vehicles value="-1"/>
        <max-num-teleports value="-1"/>
        <time-to-teleport value="300"/>
        <time-to-teleport.remove value="false"/>
        <waiting-time-memory value="100"/>
        <max-depart-delay value="-1"/>
        <random-depart-offset value="0"/>
        <lanechange.duration value="0"/>
        <lanechange.overtake-right value="false"/>
        <tls.all-off value="false"/>
        <tls.yellow.min-decel value="3"/>
    </processing>

    <routing>
        <routing-algorithm value="dijkstra"/>
    </routing>

    <report>
        <verbose value="true"/>
        <no-warnings value="true"/>
        <log value="C:\Users\10539\Documents\BaiduNetdiskWorkspace\Python项目\Python绘图\本科毕业设计\交叉口模型参数分析\jmCrossingGap\3.4晚高峰（jmCrossingGap=5）\output/data_log.xml"/>
        <no-step-log value="true"/>
        <step-log.period value="300"/>
    </report>

    <emissions>
        <device.emissions.period value="300"/>
    </emissions>

    <mesoscopic>
        <mesosim value="false"/>
    </mesoscopic>

    <random_number>
        <random value="false"/>
        <seed value="23423"/>
    </random_number>

    <gui_only>
        <gui-settings-file value="C:\Users\10539\Documents\BaiduNetdiskWorkspace\Python项目\Python绘图\本科毕业设计\交叉口模型参数分析\jmCrossingGap\3.4晚高峰（jmCrossingGap=5）\viewsettings.xml"/>
        <start value="false"/>
        <demo value="false"/>
        <window-size value="800,600"/>
        <window-pos value="100,100"/>
    </gui_only>

</configuration>
-->

<e3Detector xmlns:xsi="http://www.w3.org/2001/XMLSchema-instance" xsi:noNamespaceSchemaLocation="http://sumo.dlr.de/xsd/det_e3_file.xsd">
   <interval begin="0.00" end="300.00" id="首体路整体" meanTravelTime="78.08" meanOverlapTravelTime="78.52" meanSpeed="8.66" meanHaltsPerVehicle="0.70" meanTimeLoss="36.21" vehicleSum="54" meanSpeedWithin="5.43" meanHaltsPerVehicleWithin="1.24" meanDurationWithin="119.29" vehicleSumWithin="67" meanIntervalSpeedWithin="5.43" meanIntervalHaltsPerVehicleWithin="1.24" meanIntervalDurationWithin="119.29" meanTimeLossWithin="87.54"/>
   <interval begin="0.00" end="300.00" id="首体路与车公庄西" meanTravelTime="42.96" meanOverlapTravelTime="43.43" meanSpeed="10.39" meanHaltsPerVehicle="0.46" meanTimeLoss="12.09" vehicleSum="39" meanSpeedWithin="4.32" meanHaltsPerVehicleWithin="1.10" meanDurationWithin="108.94" vehicleSumWithin="20" meanIntervalSpeedWithin="4.32" meanIntervalHaltsPerVehicleWithin="1.10" meanIntervalDurationWithin="108.94" meanTimeLossWithin="91.37"/>
   <interval begin="0.00" end="300.00" id="首体路与增光路" meanTravelTime="60.02" meanOverlapTravelTime="60.47" meanSpeed="8.35" meanHaltsPerVehicle="0.51" meanTimeLoss="33.57" vehicleSum="59" meanSpeedWithin="5.50" meanHaltsPerVehicleWithin="0.81" meanDurationWithin="87.14" vehicleSumWithin="26" meanIntervalSpeedWithin="5.50" meanIntervalHaltsPerVehicleWithin="0.81" meanIntervalDurationWithin="87.14" meanTimeLossWithin="69.46"/>
   <interval begin="0.00" end="300.00" id="首体路与阜城路" meanTravelTime="71.54" meanOverlapTravelTime="72.04" meanSpeed="8.50" meanHaltsPerVehicle="0.61" meanTimeLoss="36.38" vehicleSum="31" meanSpeedWithin="7.46" meanHaltsPerVehicleWithin="0.92" meanDurationWithin="62.81" vehicleSumWithin="26" meanIntervalSpeedWithin="7.46" meanIntervalHaltsPerVehicleWithin="0.92" meanIntervalDurationWithin="62.81" meanTimeLossWithin="40.10"/>
   <interval begin="0.00" end="300.00" id="CAV_首体路整体" meanTravelTime="-1.00" meanOverlapTravelTime="-1.00" meanSpeed="-1.00" meanHaltsPerVehicle="-1.00" meanTimeLoss="-1.00" vehicleSum="0" meanSpeedWithin="-1.00" meanHaltsPerVehicleWithin="-1.00" meanDurationWithin="-1.00" vehicleSumWithin="0" meanIntervalSpeedWithin="-1.00" meanIntervalHaltsPerVehicleWithin="-1.00" meanIntervalDurationWithin="-1.00" meanTimeLossWithin="-1.00"/>
   <interval begin="0.00" end="300.00" id="CAV_首体路与车公庄西" meanTravelTime="-1.00" meanOverlapTravelTime="-1.00" meanSpeed="-1.00" meanHaltsPerVehicle="-1.00" meanTimeLoss="-1.00" vehicleSum="0" meanSpeedWithin="-1.00" meanHaltsPerVehicleWithin="-1.00" meanDurationWithin="-1.00" vehicleSumWithin="0" meanIntervalSpeedWithin="-1.00" meanIntervalHaltsPerVehicleWithin="-1.00" meanIntervalDurationWithin="-1.00" meanTimeLossWithin="-1.00"/>
   <interval begin="0.00" end="300.00" id="CAV_首体路与增光路" meanTravelTime="-1.00" meanOverlapTravelTime="-1.00" meanSpeed="-1.00" meanHaltsPerVehicle="-1.00" meanTimeLoss="-1.00" vehicleSum="0" meanSpeedWithin="-1.00" meanHaltsPerVehicleWithin="-1.00" meanDurationWithin="-1.00" vehicleSumWithin="0" meanIntervalSpeedWithin="-1.00" meanIntervalHaltsPerVehicleWithin="-1.00" meanIntervalDurationWithin="-1.00" meanTimeLossWithin="-1.00"/>
   <interval begin="0.00" end="300.00" id="CAV_首体路与阜城路" meanTravelTime="-1.00" meanOverlapTravelTime="-1.00" meanSpeed="-1.00" meanHaltsPerVehicle="-1.00" meanTimeLoss="-1.00" vehicleSum="0" meanSpeedWithin="-1.00" meanHaltsPerVehicleWithin="-1.00" meanDurationWithin="-1.00" vehicleSumWithin="0" meanIntervalSpeedWithin="-1.00" meanIntervalHaltsPerVehicleWithin="-1.00" meanIntervalDurationWithin="-1.00" meanTimeLossWithin="-1.00"/>
   <interval begin="300.00" end="600.00" id="首体路整体" meanTravelTime="138.59" meanOverlapTravelTime="138.99" meanSpeed="6.29" meanHaltsPerVehicle="1.43" meanTimeLoss="92.99" vehicleSum="120" meanSpeedWithin="4.94" meanHaltsPerVehicleWithin="1.30" meanDurationWithin="166.64" vehicleSumWithin="61" meanIntervalSpeedWithin="4.97" meanIntervalHaltsPerVehicleWithin="1.15" meanIntervalDurationWithin="142.61" meanTimeLossWithin="113.56"/>
   <interval begin="300.00" end="600.00" id="首体路与车公庄西" meanTravelTime="71.33" meanOverlapTravelTime="71.75" meanSpeed="8.50" meanHaltsPerVehicle="0.95" meanTimeLoss="39.77" vehicleSum="61" meanSpeedWithin="3.65" meanHaltsPerVehicleWithin="1.26" meanDurationWithin="202.02" vehicleSumWithin="27" meanIntervalSpeedWithin="3.66" meanIntervalHaltsPerVehicleWithin="1.00" meanIntervalDurationWithin="161.64" meanTimeLossWithin="143.12"/>
   <interval begin="300.00" end="600.00" id="首体路与增光路" meanTravelTime="99.56" meanOverlapTravelTime="99.95" meanSpeed="5.92" meanHaltsPerVehicle="0.92" meanTimeLoss="74.22" vehicleSum="87" meanSpeedWithin="6.45" meanHaltsPerVehicleWithin="0.71" meanDurationWithin="73.45" vehicleSumWithin="24" meanIntervalSpeedWithin="6.45" meanIntervalHaltsPerVehicleWithin="0.71" meanIntervalDurationWithin="73.45" meanTimeLossWithin="55.86"/>
   <interval begin="300.00" end="600.00" id="首体路与阜城路" meanTravelTime="81.36" meanOverlapTravelTime="81.76" meanSpeed="7.42" meanHaltsPerVehicle="0.84" meanTimeLoss="49.69" vehicleSum="58" meanSpeedWithin="7.01" meanHaltsPerVehicleWithin="0.64" meanDurationWithin="72.79" vehicleSumWithin="14" meanIntervalSpeedWithin="7.01" meanIntervalHaltsPerVehicleWithin="0.64" meanIntervalDurationWithin="72.79" meanTimeLossWithin="52.19"/>
   <interval begin="300.00" end="600.00" id="CAV_首体路整体" meanTravelTime="-1.00" meanOverlapTravelTime="-1.00" meanSpeed="-1.00" meanHaltsPerVehicle="-1.00" meanTimeLoss="-1.00" vehicleSum="0" meanSpeedWithin="-1.00" meanHaltsPerVehicleWithin="-1.00" meanDurationWithin="-1.00" vehicleSumWithin="0" meanIntervalSpeedWithin="-1.00" meanIntervalHaltsPerVehicleWithin="-1.00" meanIntervalDurationWithin="-1.00" meanTimeLossWithin="-1.00"/>
   <interval begin="300.00" end="600.00" id="CAV_首体路与车公庄西" meanTravelTime="-1.00" meanOverlapTravelTime="-1.00" meanSpeed="-1.00" meanHaltsPerVehicle="-1.00" meanTimeLoss="-1.00" vehicleSum="0" meanSpeedWithin="-1.00" meanHaltsPerVehicleWithin="-1.00" meanDurationWithin="-1.00" vehicleSumWithin="0" meanIntervalSpeedWithin="-1.00" meanIntervalHaltsPerVehicleWithin="-1.00" meanIntervalDurationWithin="-1.00" meanTimeLossWithin="-1.00"/>
   <interval begin="300.00" end="600.00" id="CAV_首体路与增光路" meanTravelTime="-1.00" meanOverlapTravelTime="-1.00" meanSpeed="-1.00" meanHaltsPerVehicle="-1.00" meanTimeLoss="-1.00" vehicleSum="0" meanSpeedWithin="-1.00" meanHaltsPerVehicleWithin="-1.00" meanDurationWithin="-1.00" vehicleSumWithin="0" meanIntervalSpeedWithin="-1.00" meanIntervalHaltsPerVehicleWithin="-1.00" meanIntervalDurationWithin="-1.00" meanTimeLossWithin="-1.00"/>
   <interval begin="300.00" end="600.00" id="CAV_首体路与阜城路" meanTravelTime="-1.00" meanOverlapTravelTime="-1.00" meanSpeed="-1.00" meanHaltsPerVehicle="-1.00" meanTimeLoss="-1.00" vehicleSum="0" meanSpeedWithin="-1.00" meanHaltsPerVehicleWithin="-1.00" meanDurationWithin="-1.00" vehicleSumWithin="0" meanIntervalSpeedWithin="-1.00" meanIntervalHaltsPerVehicleWithin="-1.00" meanIntervalDurationWithin="-1.00" meanTimeLossWithin="-1.00"/>
   <interval begin="600.00" end="900.00" id="首体路整体" meanTravelTime="148.80" meanOverlapTravelTime="149.22" meanSpeed="6.75" meanHaltsPerVehicle="1.27" meanTimeLoss="108.45" vehicleSum="123" meanSpeedWithin="4.89" meanHaltsPerVehicleWithin="1.44" meanDurationWithin="171.18" vehicleSumWithin="57" meanIntervalSpeedWithin="4.83" meanIntervalHaltsPerVehicleWithin="1.30" meanIntervalDurationWithin="158.68" meanTimeLossWithin="121.09"/>
   <interval begin="600.00" end="900.00" id="首体路与车公庄西" meanTravelTime="127.03" meanOverlapTravelTime="127.46" meanSpeed="7.19" meanHaltsPerVehicle="1.08" meanTimeLoss="97.21" vehicleSum="73" meanSpeedWithin="7.45" meanHaltsPerVehicleWithin="0.69" meanDurationWithin="74.96" vehicleSumWithin="26" meanIntervalSpeedWithin="7.45" meanIntervalHaltsPerVehicleWithin="0.69" meanIntervalDurationWithin="74.96" meanTimeLossWithin="55.32"/>
   <interval begin="600.00" end="900.00" id="首体路与增光路" meanTravelTime="83.31" meanOverlapTravelTime="83.77" meanSpeed="7.33" meanHaltsPerVehicle="0.68" meanTimeLoss="56.49" vehicleSum="90" meanSpeedWithin="6.59" meanHaltsPerVehicleWithin="0.85" meanDurationWithin="120.51" vehicleSumWithin="26" meanIntervalSpeedWithin="6.51" meanIntervalHaltsPerVehicleWithin="0.73" meanIntervalDurationWithin="102.96" meanTimeLossWithin="88.52"/>
   <interval begin="600.00" end="900.00" id="首体路与阜城路" meanTravelTime="90.60" meanOverlapTravelTime="91.03" meanSpeed="7.17" meanHaltsPerVehicle="0.83" meanTimeLoss="58.07" vehicleSum="59" meanSpeedWithin="8.70" meanHaltsPerVehicleWithin="0.50" meanDurationWithin="55.00" vehicleSumWithin="10" meanIntervalSpeedWithin="8.70" meanIntervalHaltsPerVehicleWithin="0.50" meanIntervalDurationWithin="55.00" meanTimeLossWithin="37.89"/>
   <interval begin="600.00" end="900.00" id="CAV_首体路整体" meanTravelTime="-1.00" meanOverlapTravelTime="-1.00" meanSpeed="-1.00" meanHaltsPerVehicle="-1.00" meanTimeLoss="-1.00" vehicleSum="0" meanSpeedWithin="-1.00" meanHaltsPerVehicleWithin="-1.00" meanDurationWithin="-1.00" vehicleSumWithin="0" meanIntervalSpeedWithin="-1.00" meanIntervalHaltsPerVehicleWithin="-1.00" meanIntervalDurationWithin="-1.00" meanTimeLossWithin="-1.00"/>
   <interval begin="600.00" end="900.00" id="CAV_首体路与车公庄西" meanTravelTime="-1.00" meanOverlapTravelTime="-1.00" meanSpeed="-1.00" meanHaltsPerVehicle="-1.00" meanTimeLoss="-1.00" vehicleSum="0" meanSpeedWithin="-1.00" meanHaltsPerVehicleWithin="-1.00" meanDurationWithin="-1.00" vehicleSumWithin="0" meanIntervalSpeedWithin="-1.00" meanIntervalHaltsPerVehicleWithin="-1.00" meanIntervalDurationWithin="-1.00" meanTimeLossWithin="-1.00"/>
   <interval begin="600.00" end="900.00" id="CAV_首体路与增光路" meanTravelTime="-1.00" meanOverlapTravelTime="-1.00" meanSpeed="-1.00" meanHaltsPerVehicle="-1.00" meanTimeLoss="-1.00" vehicleSum="0" meanSpeedWithin="-1.00" meanHaltsPerVehicleWithin="-1.00" meanDurationWithin="-1.00" vehicleSumWithin="0" meanIntervalSpeedWithin="-1.00" meanIntervalHaltsPerVehicleWithin="-1.00" meanIntervalDurationWithin="-1.00" meanTimeLossWithin="-1.00"/>
   <interval begin="600.00" end="900.00" id="CAV_首体路与阜城路" meanTravelTime="-1.00" meanOverlapTravelTime="-1.00" meanSpeed="-1.00" meanHaltsPerVehicle="-1.00" meanTimeLoss="-1.00" vehicleSum="0" meanSpeedWithin="-1.00" meanHaltsPerVehicleWithin="-1.00" meanDurationWithin="-1.00" vehicleSumWithin="0" meanIntervalSpeedWithin="-1.00" meanIntervalHaltsPerVehicleWithin="-1.00" meanIntervalDurationWithin="-1.00" meanTimeLossWithin="-1.00"/>
   <interval begin="900.00" end="1200.00" id="首体路整体" meanTravelTime="145.13" meanOverlapTravelTime="145.53" meanSpeed="6.98" meanHaltsPerVehicle="1.53" meanTimeLoss="94.74" vehicleSum="112" meanSpeedWithin="5.38" meanHaltsPerVehicleWithin="1.46" meanDurationWithin="179.69" vehicleSumWithin="65" meanIntervalSpeedWithin="5.36" meanIntervalHaltsPerVehicleWithin="1.15" meanIntervalDurationWithin="136.56" meanTimeLossWithin="109.27"/>
   <interval begin="900.00" end="1200.00" id="首体路与车公庄西" meanTravelTime="72.28" meanOverlapTravelTime="72.71" meanSpeed="8.74" meanHaltsPerVehicle="1.01" meanTimeLoss="40.74" vehicleSum="69" meanSpeedWithin="5.08" meanHaltsPerVehicleWithin="1.05" meanDurationWithin="165.56" vehicleSumWithin="20" meanIntervalSpeedWithin="5.07" meanIntervalHaltsPerVehicleWithin="0.80" meanIntervalDurationWithin="135.77" meanTimeLossWithin="117.75"/>
   <interval begin="900.00" end="1200.00" id="首体路与增光路" meanTravelTime="82.21" meanOverlapTravelTime="82.60" meanSpeed="7.11" meanHaltsPerVehicle="0.77" meanTimeLoss="56.84" vehicleSum="91" meanSpeedWithin="5.39" meanHaltsPerVehicleWithin="1.36" meanDurationWithin="203.29" vehicleSumWithin="25" meanIntervalSpeedWithin="5.29" meanIntervalHaltsPerVehicleWithin="0.88" meanIntervalDurationWithin="126.61" meanTimeLossWithin="113.09"/>
   <interval begin="900.00" end="1200.00" id="首体路与阜城路" meanTravelTime="83.22" meanOverlapTravelTime="83.64" meanSpeed="6.97" meanHaltsPerVehicle="0.93" meanTimeLoss="51.81" vehicleSum="45" meanSpeedWithin="11.26" meanHaltsPerVehicleWithin="0.24" meanDurationWithin="24.75" vehicleSumWithin="25" meanIntervalSpeedWithin="11.26" meanIntervalHaltsPerVehicleWithin="0.24" meanIntervalDurationWithin="24.75" meanTimeLossWithin="9.46"/>
   <interval begin="900.00" end="1200.00" id="CAV_首体路整体" meanTravelTime="-1.00" meanOverlapTravelTime="-1.00" meanSpeed="-1.00" meanHaltsPerVehicle="-1.00" meanTimeLoss="-1.00" vehicleSum="0" meanSpeedWithin="-1.00" meanHaltsPerVehicleWithin="-1.00" meanDurationWithin="-1.00" vehicleSumWithin="0" meanIntervalSpeedWithin="-1.00" meanIntervalHaltsPerVehicleWithin="-1.00" meanIntervalDurationWithin="-1.00" meanTimeLossWithin="-1.00"/>
   <interval begin="900.00" end="1200.00" id="CAV_首体路与车公庄西" meanTravelTime="-1.00" meanOverlapTravelTime="-1.00" meanSpeed="-1.00" meanHaltsPerVehicle="-1.00" meanTimeLoss="-1.00" vehicleSum="0" meanSpeedWithin="-1.00" meanHaltsPerVehicleWithin="-1.00" meanDurationWithin="-1.00" vehicleSumWithin="0" meanIntervalSpeedWithin="-1.00" meanIntervalHaltsPerVehicleWithin="-1.00" meanIntervalDurationWithin="-1.00" meanTimeLossWithin="-1.00"/>
   <interval begin="900.00" end="1200.00" id="CAV_首体路与增光路" meanTravelTime="-1.00" meanOverlapTravelTime="-1.00" meanSpeed="-1.00" meanHaltsPerVehicle="-1.00" meanTimeLoss="-1.00" vehicleSum="0" meanSpeedWithin="-1.00" meanHaltsPerVehicleWithin="-1.00" meanDurationWithin="-1.00" vehicleSumWithin="0" meanIntervalSpeedWithin="-1.00" meanIntervalHaltsPerVehicleWithin="-1.00" meanIntervalDurationWithin="-1.00" meanTimeLossWithin="-1.00"/>
   <interval begin="900.00" end="1200.00" id="CAV_首体路与阜城路" meanTravelTime="-1.00" meanOverlapTravelTime="-1.00" meanSpeed="-1.00" meanHaltsPerVehicle="-1.00" meanTimeLoss="-1.00" vehicleSum="0" meanSpeedWithin="-1.00" meanHaltsPerVehicleWithin="-1.00" meanDurationWithin="-1.00" vehicleSumWithin="0" meanIntervalSpeedWithin="-1.00" meanIntervalHaltsPerVehicleWithin="-1.00" meanIntervalDurationWithin="-1.00" meanTimeLossWithin="-1.00"/>
   <interval begin="1200.00" end="1500.00" id="首体路整体" meanTravelTime="162.91" meanOverlapTravelTime="163.34" meanSpeed="6.39" meanHaltsPerVehicle="1.44" meanTimeLoss="111.29" vehicleSum="115" meanSpeedWithin="4.75" meanHaltsPerVehicleWithin="1.62" meanDurationWithin="190.95" vehicleSumWithin="72" meanIntervalSpeedWithin="4.71" meanIntervalHaltsPerVehicleWithin="1.35" meanIntervalDurationWithin="140.40" meanTimeLossWithin="111.31"/>
   <interval begin="1200.00" end="1500.00" id="首体路与车公庄西" meanTravelTime="104.03" meanOverlapTravelTime="104.46" meanSpeed="7.80" meanHaltsPerVehicle="0.78" meanTimeLoss="72.25" vehicleSum="82" meanSpeedWithin="4.09" meanHaltsPerVehicleWithin="1.32" meanDurationWithin="99.66" vehicleSumWithin="19" meanIntervalSpeedWithin="4.09" meanIntervalHaltsPerVehicleWithin="1.32" meanIntervalDurationWithin="99.66" meanTimeLossWithin="84.12"/>
   <interval begin="1200.00" end="1500.00" id="首体路与增光路" meanTravelTime="89.13" meanOverlapTravelTime="89.59" meanSpeed="6.82" meanHaltsPerVehicle="0.78" meanTimeLoss="62.24" vehicleSum="81" meanSpeedWithin="5.15" meanHaltsPerVehicleWithin="1.44" meanDurationWithin="214.45" vehicleSumWithin="39" meanIntervalSpeedWithin="5.08" meanIntervalHaltsPerVehicleWithin="0.92" meanIntervalDurationWithin="121.18" meanTimeLossWithin="105.73"/>
   <interval begin="1200.00" end="1500.00" id="首体路与阜城路" meanTravelTime="72.08" meanOverlapTravelTime="72.51" meanSpeed="8.84" meanHaltsPerVehicle="0.68" meanTimeLoss="39.22" vehicleSum="63" meanSpeedWithin="7.83" meanHaltsPerVehicleWithin="0.79" meanDurationWithin="53.60" vehicleSumWithin="19" meanIntervalSpeedWithin="7.83" meanIntervalHaltsPerVehicleWithin="0.79" meanIntervalDurationWithin="53.60" meanTimeLossWithin="30.50"/>
   <interval begin="1200.00" end="1500.00" id="CAV_首体路整体" meanTravelTime="-1.00" meanOverlapTravelTime="-1.00" meanSpeed="-1.00" meanHaltsPerVehicle="-1.00" meanTimeLoss="-1.00" vehicleSum="0" meanSpeedWithin="-1.00" meanHaltsPerVehicleWithin="-1.00" meanDurationWithin="-1.00" vehicleSumWithin="0" meanIntervalSpeedWithin="-1.00" meanIntervalHaltsPerVehicleWithin="-1.00" meanIntervalDurationWithin="-1.00" meanTimeLossWithin="-1.00"/>
   <interval begin="1200.00" end="1500.00" id="CAV_首体路与车公庄西" meanTravelTime="-1.00" meanOverlapTravelTime="-1.00" meanSpeed="-1.00" meanHaltsPerVehicle="-1.00" meanTimeLoss="-1.00" vehicleSum="0" meanSpeedWithin="-1.00" meanHaltsPerVehicleWithin="-1.00" meanDurationWithin="-1.00" vehicleSumWithin="0" meanIntervalSpeedWithin="-1.00" meanIntervalHaltsPerVehicleWithin="-1.00" meanIntervalDurationWithin="-1.00" meanTimeLossWithin="-1.00"/>
   <interval begin="1200.00" end="1500.00" id="CAV_首体路与增光路" meanTravelTime="-1.00" meanOverlapTravelTime="-1.00" meanSpeed="-1.00" meanHaltsPerVehicle="-1.00" meanTimeLoss="-1.00" vehicleSum="0" meanSpeedWithin="-1.00" meanHaltsPerVehicleWithin="-1.00" meanDurationWithin="-1.00" vehicleSumWithin="0" meanIntervalSpeedWithin="-1.00" meanIntervalHaltsPerVehicleWithin="-1.00" meanIntervalDurationWithin="-1.00" meanTimeLossWithin="-1.00"/>
   <interval begin="1200.00" end="1500.00" id="CAV_首体路与阜城路" meanTravelTime="-1.00" meanOverlapTravelTime="-1.00" meanSpeed="-1.00" meanHaltsPerVehicle="-1.00" meanTimeLoss="-1.00" vehicleSum="0" meanSpeedWithin="-1.00" meanHaltsPerVehicleWithin="-1.00" meanDurationWithin="-1.00" vehicleSumWithin="0" meanIntervalSpeedWithin="-1.00" meanIntervalHaltsPerVehicleWithin="-1.00" meanIntervalDurationWithin="-1.00" meanTimeLossWithin="-1.00"/>
   <interval begin="1500.00" end="1800.00" id="首体路整体" meanTravelTime="143.17" meanOverlapTravelTime="143.58" meanSpeed="6.49" meanHaltsPerVehicle="1.49" meanTimeLoss="99.03" vehicleSum="121" meanSpeedWithin="5.05" meanHaltsPerVehicleWithin="1.76" meanDurationWithin="257.69" vehicleSumWithin="68" meanIntervalSpeedWithin="5.02" meanIntervalHaltsPerVehicleWithin="1.26" meanIntervalDurationWithin="159.98" meanTimeLossWithin="127.02"/>
   <interval begin="1500.00" end="1800.00" id="首体路与车公庄西" meanTravelTime="76.94" meanOverlapTravelTime="77.38" meanSpeed="7.93" meanHaltsPerVehicle="1.19" meanTimeLoss="45.88" vehicleSum="59" meanSpeedWithin="6.10" meanHaltsPerVehicleWithin="1.06" meanDurationWithin="151.70" vehicleSumWithin="31" meanIntervalSpeedWithin="6.11" meanIntervalHaltsPerVehicleWithin="0.84" meanIntervalDurationWithin="118.12" meanTimeLossWithin="96.71"/>
   <interval begin="1500.00" end="1800.00" id="首体路与增光路" meanTravelTime="97.69" meanOverlapTravelTime="98.09" meanSpeed="6.92" meanHaltsPerVehicle="0.75" meanTimeLoss="71.57" vehicleSum="95" meanSpeedWithin="5.47" meanHaltsPerVehicleWithin="1.60" meanDurationWithin="304.65" vehicleSumWithin="30" meanIntervalSpeedWithin="5.40" meanIntervalHaltsPerVehicleWithin="0.77" meanIntervalDurationWithin="128.22" meanTimeLossWithin="115.70"/>
   <interval begin="1500.00" end="1800.00" id="首体路与阜城路" meanTravelTime="87.43" meanOverlapTravelTime="87.83" meanSpeed="6.65" meanHaltsPerVehicle="1.09" meanTimeLoss="55.86" vehicleSum="56" meanSpeedWithin="7.51" meanHaltsPerVehicleWithin="0.50" meanDurationWithin="65.62" vehicleSumWithin="12" meanIntervalSpeedWithin="7.51" meanIntervalHaltsPerVehicleWithin="0.50" meanIntervalDurationWithin="65.62" meanTimeLossWithin="40.60"/>
   <interval begin="1500.00" end="1800.00" id="CAV_首体路整体" meanTravelTime="-1.00" meanOverlapTravelTime="-1.00" meanSpeed="-1.00" meanHaltsPerVehicle="-1.00" meanTimeLoss="-1.00" vehicleSum="0" meanSpeedWithin="-1.00" meanHaltsPerVehicleWithin="-1.00" meanDurationWithin="-1.00" vehicleSumWithin="0" meanIntervalSpeedWithin="-1.00" meanIntervalHaltsPerVehicleWithin="-1.00" meanIntervalDurationWithin="-1.00" meanTimeLossWithin="-1.00"/>
   <interval begin="1500.00" end="1800.00" id="CAV_首体路与车公庄西" meanTravelTime="-1.00" meanOverlapTravelTime="-1.00" meanSpeed="-1.00" meanHaltsPerVehicle="-1.00" meanTimeLoss="-1.00" vehicleSum="0" meanSpeedWithin="-1.00" meanHaltsPerVehicleWithin="-1.00" meanDurationWithin="-1.00" vehicleSumWithin="0" meanIntervalSpeedWithin="-1.00" meanIntervalHaltsPerVehicleWithin="-1.00" meanIntervalDurationWithin="-1.00" meanTimeLossWithin="-1.00"/>
   <interval begin="1500.00" end="1800.00" id="CAV_首体路与增光路" meanTravelTime="-1.00" meanOverlapTravelTime="-1.00" meanSpeed="-1.00" meanHaltsPerVehicle="-1.00" meanTimeLoss="-1.00" vehicleSum="0" meanSpeedWithin="-1.00" meanHaltsPerVehicleWithin="-1.00" meanDurationWithin="-1.00" vehicleSumWithin="0" meanIntervalSpeedWithin="-1.00" meanIntervalHaltsPerVehicleWithin="-1.00" meanIntervalDurationWithin="-1.00" meanTimeLossWithin="-1.00"/>
   <interval begin="1500.00" end="1800.00" id="CAV_首体路与阜城路" meanTravelTime="-1.00" meanOverlapTravelTime="-1.00" meanSpeed="-1.00" meanHaltsPerVehicle="-1.00" meanTimeLoss="-1.00" vehicleSum="0" meanSpeedWithin="-1.00" meanHaltsPerVehicleWithin="-1.00" meanDurationWithin="-1.00" vehicleSumWithin="0" meanIntervalSpeedWithin="-1.00" meanIntervalHaltsPerVehicleWithin="-1.00" meanIntervalDurationWithin="-1.00" meanTimeLossWithin="-1.00"/>
   <interval begin="1800.00" end="2100.00" id="首体路整体" meanTravelTime="183.36" meanOverlapTravelTime="183.78" meanSpeed="5.98" meanHaltsPerVehicle="1.60" meanTimeLoss="134.84" vehicleSum="123" meanSpeedWithin="4.36" meanHaltsPerVehicleWithin="1.88" meanDurationWithin="247.59" vehicleSumWithin="73" meanIntervalSpeedWithin="4.32" meanIntervalHaltsPerVehicleWithin="1.41" meanIntervalDurationWithin="149.77" meanTimeLossWithin="119.83"/>
   <interval begin="1800.00" end="2100.00" id="首体路与车公庄西" meanTravelTime="131.81" meanOverlapTravelTime="132.24" meanSpeed="6.88" meanHaltsPerVehicle="1.22" meanTimeLoss="100.71" vehicleSum="81" meanSpeedWithin="6.05" meanHaltsPerVehicleWithin="1.38" meanDurationWithin="80.98" vehicleSumWithin="21" meanIntervalSpeedWithin="6.05" meanIntervalHaltsPerVehicleWithin="1.38" meanIntervalDurationWithin="80.98" meanTimeLossWithin="63.34"/>
   <interval begin="1800.00" end="2100.00" id="首体路与增光路" meanTravelTime="108.04" meanOverlapTravelTime="108.49" meanSpeed="6.28" meanHaltsPerVehicle="0.84" meanTimeLoss="81.06" vehicleSum="86" meanSpeedWithin="4.17" meanHaltsPerVehicleWithin="1.53" meanDurationWithin="259.90" vehicleSumWithin="47" meanIntervalSpeedWithin="4.14" meanIntervalHaltsPerVehicleWithin="0.96" meanIntervalDurationWithin="126.25" meanTimeLossWithin="111.00"/>
   <interval begin="1800.00" end="2100.00" id="首体路与阜城路" meanTravelTime="70.38" meanOverlapTravelTime="70.84" meanSpeed="8.56" meanHaltsPerVehicle="0.60" meanTimeLoss="36.21" vehicleSum="62" meanSpeedWithin="10.26" meanHaltsPerVehicleWithin="0.30" meanDurationWithin="76.68" vehicleSumWithin="10" meanIntervalSpeedWithin="10.26" meanIntervalHaltsPerVehicleWithin="0.30" meanIntervalDurationWithin="76.68" meanTimeLossWithin="54.47"/>
   <interval begin="1800.00" end="2100.00" id="CAV_首体路整体" meanTravelTime="-1.00" meanOverlapTravelTime="-1.00" meanSpeed="-1.00" meanHaltsPerVehicle="-1.00" meanTimeLoss="-1.00" vehicleSum="0" meanSpeedWithin="-1.00" meanHaltsPerVehicleWithin="-1.00" meanDurationWithin="-1.00" vehicleSumWithin="0" meanIntervalSpeedWithin="-1.00" meanIntervalHaltsPerVehicleWithin="-1.00" meanIntervalDurationWithin="-1.00" meanTimeLossWithin="-1.00"/>
   <interval begin="1800.00" end="2100.00" id="CAV_首体路与车公庄西" meanTravelTime="-1.00" meanOverlapTravelTime="-1.00" meanSpeed="-1.00" meanHaltsPerVehicle="-1.00" meanTimeLoss="-1.00" vehicleSum="0" meanSpeedWithin="-1.00" meanHaltsPerVehicleWithin="-1.00" meanDurationWithin="-1.00" vehicleSumWithin="0" meanIntervalSpeedWithin="-1.00" meanIntervalHaltsPerVehicleWithin="-1.00" meanIntervalDurationWithin="-1.00" meanTimeLossWithin="-1.00"/>
   <interval begin="1800.00" end="2100.00" id="CAV_首体路与增光路" meanTravelTime="-1.00" meanOverlapTravelTime="-1.00" meanSpeed="-1.00" meanHaltsPerVehicle="-1.00" meanTimeLoss="-1.00" vehicleSum="0" meanSpeedWithin="-1.00" meanHaltsPerVehicleWithin="-1.00" meanDurationWithin="-1.00" vehicleSumWithin="0" meanIntervalSpeedWithin="-1.00" meanIntervalHaltsPerVehicleWithin="-1.00" meanIntervalDurationWithin="-1.00" meanTimeLossWithin="-1.00"/>
   <interval begin="1800.00" end="2100.00" id="CAV_首体路与阜城路" meanTravelTime="-1.00" meanOverlapTravelTime="-1.00" meanSpeed="-1.00" meanHaltsPerVehicle="-1.00" meanTimeLoss="-1.00" vehicleSum="0" meanSpeedWithin="-1.00" meanHaltsPerVehicleWithin="-1.00" meanDurationWithin="-1.00" vehicleSumWithin="0" meanIntervalSpeedWithin="-1.00" meanIntervalHaltsPerVehicleWithin="-1.00" meanIntervalDurationWithin="-1.00" meanTimeLossWithin="-1.00"/>
   <interval begin="2100.00" end="2400.00" id="首体路整体" meanTravelTime="189.81" meanOverlapTravelTime="190.23" meanSpeed="6.29" meanHaltsPerVehicle="2.09" meanTimeLoss="129.74" vehicleSum="97" meanSpeedWithin="3.37" meanHaltsPerVehicleWithin="1.68" meanDurationWithin="252.76" vehicleSumWithin="96" meanIntervalSpeedWithin="3.31" meanIntervalHaltsPerVehicleWithin="1.17" meanIntervalDurationWithin="156.31" meanTimeLossWithin="137.63"/>
   <interval begin="2100.00" end="2400.00" id="首体路与车公庄西" meanTravelTime="75.25" meanOverlapTravelTime="75.69" meanSpeed="8.32" meanHaltsPerVehicle="1.40" meanTimeLoss="43.02" vehicleSum="67" meanSpeedWithin="3.31" meanHaltsPerVehicleWithin="1.32" meanDurationWithin="177.79" vehicleSumWithin="19" meanIntervalSpeedWithin="3.30" meanIntervalHaltsPerVehicleWithin="1.11" meanIntervalDurationWithin="146.95" meanTimeLossWithin="134.40"/>
   <interval begin="2100.00" end="2400.00" id="首体路与增光路" meanTravelTime="115.66" meanOverlapTravelTime="116.07" meanSpeed="6.49" meanHaltsPerVehicle="0.93" meanTimeLoss="88.58" vehicleSum="80" meanSpeedWithin="3.14" meanHaltsPerVehicleWithin="1.71" meanDurationWithin="302.81" vehicleSumWithin="55" meanIntervalSpeedWithin="3.05" meanIntervalHaltsPerVehicleWithin="0.95" meanIntervalDurationWithin="151.03" meanTimeLossWithin="142.00"/>
   <interval begin="2100.00" end="2400.00" id="首体路与阜城路" meanTravelTime="87.06" meanOverlapTravelTime="87.45" meanSpeed="7.31" meanHaltsPerVehicle="0.85" meanTimeLoss="55.60" vehicleSum="46" meanSpeedWithin="7.72" meanHaltsPerVehicleWithin="0.56" meanDurationWithin="69.10" vehicleSumWithin="27" meanIntervalSpeedWithin="7.72" meanIntervalHaltsPerVehicleWithin="0.56" meanIntervalDurationWithin="69.10" meanTimeLossWithin="47.93"/>
   <interval begin="2100.00" end="2400.00" id="CAV_首体路整体" meanTravelTime="-1.00" meanOverlapTravelTime="-1.00" meanSpeed="-1.00" meanHaltsPerVehicle="-1.00" meanTimeLoss="-1.00" vehicleSum="0" meanSpeedWithin="-1.00" meanHaltsPerVehicleWithin="-1.00" meanDurationWithin="-1.00" vehicleSumWithin="0" meanIntervalSpeedWithin="-1.00" meanIntervalHaltsPerVehicleWithin="-1.00" meanIntervalDurationWithin="-1.00" meanTimeLossWithin="-1.00"/>
   <interval begin="2100.00" end="2400.00" id="CAV_首体路与车公庄西" meanTravelTime="-1.00" meanOverlapTravelTime="-1.00" meanSpeed="-1.00" meanHaltsPerVehicle="-1.00" meanTimeLoss="-1.00" vehicleSum="0" meanSpeedWithin="-1.00" meanHaltsPerVehicleWithin="-1.00" meanDurationWithin="-1.00" vehicleSumWithin="0" meanIntervalSpeedWithin="-1.00" meanIntervalHaltsPerVehicleWithin="-1.00" meanIntervalDurationWithin="-1.00" meanTimeLossWithin="-1.00"/>
   <interval begin="2100.00" end="2400.00" id="CAV_首体路与增光路" meanTravelTime="-1.00" meanOverlapTravelTime="-1.00" meanSpeed="-1.00" meanHaltsPerVehicle="-1.00" meanTimeLoss="-1.00" vehicleSum="0" meanSpeedWithin="-1.00" meanHaltsPerVehicleWithin="-1.00" meanDurationWithin="-1.00" vehicleSumWithin="0" meanIntervalSpeedWithin="-1.00" meanIntervalHaltsPerVehicleWithin="-1.00" meanIntervalDurationWithin="-1.00" meanTimeLossWithin="-1.00"/>
   <interval begin="2100.00" end="2400.00" id="CAV_首体路与阜城路" meanTravelTime="-1.00" meanOverlapTravelTime="-1.00" meanSpeed="-1.00" meanHaltsPerVehicle="-1.00" meanTimeLoss="-1.00" vehicleSum="0" meanSpeedWithin="-1.00" meanHaltsPerVehicleWithin="-1.00" meanDurationWithin="-1.00" vehicleSumWithin="0" meanIntervalSpeedWithin="-1.00" meanIntervalHaltsPerVehicleWithin="-1.00" meanIntervalDurationWithin="-1.00" meanTimeLossWithin="-1.00"/>
   <interval begin="2400.00" end="2700.00" id="首体路整体" meanTravelTime="237.41" meanOverlapTravelTime="237.82" meanSpeed="4.84" meanHaltsPerVehicle="1.88" meanTimeLoss="193.57" vehicleSum="152" meanSpeedWithin="4.59" meanHaltsPerVehicleWithin="1.49" meanDurationWithin="229.56" vehicleSumWithin="71" meanIntervalSpeedWithin="4.56" meanIntervalHaltsPerVehicleWithin="1.08" meanIntervalDurationWithin="133.66" meanTimeLossWithin="108.11"/>
   <interval begin="2400.00" end="2700.00" id="首体路与车公庄西" meanTravelTime="123.73" meanOverlapTravelTime="124.16" meanSpeed="8.11" meanHaltsPerVehicle="0.71" meanTimeLoss="93.43" vehicleSum="75" meanSpeedWithin="5.77" meanHaltsPerVehicleWithin="0.83" meanDurationWithin="84.10" vehicleSumWithin="23" meanIntervalSpeedWithin="5.77" meanIntervalHaltsPerVehicleWithin="0.83" meanIntervalDurationWithin="84.10" meanTimeLossWithin="67.17"/>
   <interval begin="2400.00" end="2700.00" id="首体路与增光路" meanTravelTime="190.11" meanOverlapTravelTime="190.56" meanSpeed="4.65" meanHaltsPerVehicle="1.49" meanTimeLoss="163.14" vehicleSum="116" meanSpeedWithin="4.52" meanHaltsPerVehicleWithin="1.58" meanDurationWithin="299.90" vehicleSumWithin="38" meanIntervalSpeedWithin="4.47" meanIntervalHaltsPerVehicleWithin="0.84" meanIntervalDurationWithin="121.49" meanTimeLossWithin="109.00"/>
   <interval begin="2400.00" end="2700.00" id="首体路与阜城路" meanTravelTime="84.73" meanOverlapTravelTime="85.16" meanSpeed="7.37" meanHaltsPerVehicle="0.95" meanTimeLoss="51.97" vehicleSum="66" meanSpeedWithin="6.27" meanHaltsPerVehicleWithin="0.73" meanDurationWithin="74.96" vehicleSumWithin="15" meanIntervalSpeedWithin="6.27" meanIntervalHaltsPerVehicleWithin="0.73" meanIntervalDurationWithin="74.96" meanTimeLossWithin="54.26"/>
   <interval begin="2400.00" end="2700.00" id="CAV_首体路整体" meanTravelTime="-1.00" meanOverlapTravelTime="-1.00" meanSpeed="-1.00" meanHaltsPerVehicle="-1.00" meanTimeLoss="-1.00" vehicleSum="0" meanSpeedWithin="-1.00" meanHaltsPerVehicleWithin="-1.00" meanDurationWithin="-1.00" vehicleSumWithin="0" meanIntervalSpeedWithin="-1.00" meanIntervalHaltsPerVehicleWithin="-1.00" meanIntervalDurationWithin="-1.00" meanTimeLossWithin="-1.00"/>
   <interval begin="2400.00" end="2700.00" id="CAV_首体路与车公庄西" meanTravelTime="-1.00" meanOverlapTravelTime="-1.00" meanSpeed="-1.00" meanHaltsPerVehicle="-1.00" meanTimeLoss="-1.00" vehicleSum="0" meanSpeedWithin="-1.00" meanHaltsPerVehicleWithin="-1.00" meanDurationWithin="-1.00" vehicleSumWithin="0" meanIntervalSpeedWithin="-1.00" meanIntervalHaltsPerVehicleWithin="-1.00" meanIntervalDurationWithin="-1.00" meanTimeLossWithin="-1.00"/>
   <interval begin="2400.00" end="2700.00" id="CAV_首体路与增光路" meanTravelTime="-1.00" meanOverlapTravelTime="-1.00" meanSpeed="-1.00" meanHaltsPerVehicle="-1.00" meanTimeLoss="-1.00" vehicleSum="0" meanSpeedWithin="-1.00" meanHaltsPerVehicleWithin="-1.00" meanDurationWithin="-1.00" vehicleSumWithin="0" meanIntervalSpeedWithin="-1.00" meanIntervalHaltsPerVehicleWithin="-1.00" meanIntervalDurationWithin="-1.00" meanTimeLossWithin="-1.00"/>
   <interval begin="2400.00" end="2700.00" id="CAV_首体路与阜城路" meanTravelTime="-1.00" meanOverlapTravelTime="-1.00" meanSpeed="-1.00" meanHaltsPerVehicle="-1.00" meanTimeLoss="-1.00" vehicleSum="0" meanSpeedWithin="-1.00" meanHaltsPerVehicleWithin="-1.00" meanDurationWithin="-1.00" vehicleSumWithin="0" meanIntervalSpeedWithin="-1.00" meanIntervalHaltsPerVehicleWithin="-1.00" meanIntervalDurationWithin="-1.00" meanTimeLossWithin="-1.00"/>
   <interval begin="2700.00" end="3000.00" id="首体路整体" meanTravelTime="146.95" meanOverlapTravelTime="147.35" meanSpeed="6.67" meanHaltsPerVehicle="1.37" meanTimeLoss="101.97" vehicleSum="125" meanSpeedWithin="4.53" meanHaltsPerVehicleWithin="1.67" meanDurationWithin="274.31" vehicleSumWithin="67" meanIntervalSpeedWithin="4.51" meanIntervalHaltsPerVehicleWithin="1.06" meanIntervalDurationWithin="144.15" meanTimeLossWithin="120.61"/>
   <interval begin="2700.00" end="3000.00" id="首体路与车公庄西" meanTravelTime="74.47" meanOverlapTravelTime="74.90" meanSpeed="8.04" meanHaltsPerVehicle="1.05" meanTimeLoss="43.83" vehicleSum="63" meanSpeedWithin="5.10" meanHaltsPerVehicleWithin="1.09" meanDurationWithin="178.54" vehicleSumWithin="23" meanIntervalSpeedWithin="5.11" meanIntervalHaltsPerVehicleWithin="0.78" meanIntervalDurationWithin="133.93" meanTimeLossWithin="117.27"/>
   <interval begin="2700.00" end="3000.00" id="首体路与增光路" meanTravelTime="108.15" meanOverlapTravelTime="108.53" meanSpeed="6.85" meanHaltsPerVehicle="0.81" meanTimeLoss="83.28" vehicleSum="94" meanSpeedWithin="5.50" meanHaltsPerVehicleWithin="1.49" meanDurationWithin="297.17" vehicleSumWithin="39" meanIntervalSpeedWithin="5.47" meanIntervalHaltsPerVehicleWithin="0.72" meanIntervalDurationWithin="109.12" meanTimeLossWithin="96.98"/>
   <interval begin="2700.00" end="3000.00" id="首体路与阜城路" meanTravelTime="79.98" meanOverlapTravelTime="80.38" meanSpeed="7.77" meanHaltsPerVehicle="0.78" meanTimeLoss="48.62" vehicleSum="58" meanSpeedWithin="7.77" meanHaltsPerVehicleWithin="0.64" meanDurationWithin="60.09" vehicleSumWithin="11" meanIntervalSpeedWithin="7.77" meanIntervalHaltsPerVehicleWithin="0.64" meanIntervalDurationWithin="60.09" meanTimeLossWithin="37.10"/>
   <interval begin="2700.00" end="3000.00" id="CAV_首体路整体" meanTravelTime="-1.00" meanOverlapTravelTime="-1.00" meanSpeed="-1.00" meanHaltsPerVehicle="-1.00" meanTimeLoss="-1.00" vehicleSum="0" meanSpeedWithin="-1.00" meanHaltsPerVehicleWithin="-1.00" meanDurationWithin="-1.00" vehicleSumWithin="0" meanIntervalSpeedWithin="-1.00" meanIntervalHaltsPerVehicleWithin="-1.00" meanIntervalDurationWithin="-1.00" meanTimeLossWithin="-1.00"/>
   <interval begin="2700.00" end="3000.00" id="CAV_首体路与车公庄西" meanTravelTime="-1.00" meanOverlapTravelTime="-1.00" meanSpeed="-1.00" meanHaltsPerVehicle="-1.00" meanTimeLoss="-1.00" vehicleSum="0" meanSpeedWithin="-1.00" meanHaltsPerVehicleWithin="-1.00" meanDurationWithin="-1.00" vehicleSumWithin="0" meanIntervalSpeedWithin="-1.00" meanIntervalHaltsPerVehicleWithin="-1.00" meanIntervalDurationWithin="-1.00" meanTimeLossWithin="-1.00"/>
   <interval begin="2700.00" end="3000.00" id="CAV_首体路与增光路" meanTravelTime="-1.00" meanOverlapTravelTime="-1.00" meanSpeed="-1.00" meanHaltsPerVehicle="-1.00" meanTimeLoss="-1.00" vehicleSum="0" meanSpeedWithin="-1.00" meanHaltsPerVehicleWithin="-1.00" meanDurationWithin="-1.00" vehicleSumWithin="0" meanIntervalSpeedWithin="-1.00" meanIntervalHaltsPerVehicleWithin="-1.00" meanIntervalDurationWithin="-1.00" meanTimeLossWithin="-1.00"/>
   <interval begin="2700.00" end="3000.00" id="CAV_首体路与阜城路" meanTravelTime="-1.00" meanOverlapTravelTime="-1.00" meanSpeed="-1.00" meanHaltsPerVehicle="-1.00" meanTimeLoss="-1.00" vehicleSum="0" meanSpeedWithin="-1.00" meanHaltsPerVehicleWithin="-1.00" meanDurationWithin="-1.00" vehicleSumWithin="0" meanIntervalSpeedWithin="-1.00" meanIntervalHaltsPerVehicleWithin="-1.00" meanIntervalDurationWithin="-1.00" meanTimeLossWithin="-1.00"/>
   <interval begin="3000.00" end="3300.00" id="首体路整体" meanTravelTime="184.31" meanOverlapTravelTime="184.73" meanSpeed="6.48" meanHaltsPerVehicle="1.40" meanTimeLoss="139.62" vehicleSum="127" meanSpeedWithin="4.67" meanHaltsPerVehicleWithin="1.47" meanDurationWithin="250.81" vehicleSumWithin="64" meanIntervalSpeedWithin="4.64" meanIntervalHaltsPerVehicleWithin="0.97" meanIntervalDurationWithin="130.10" meanTimeLossWithin="108.92"/>
   <interval begin="3000.00" end="3300.00" id="首体路与车公庄西" meanTravelTime="144.33" meanOverlapTravelTime="144.75" meanSpeed="7.91" meanHaltsPerVehicle="0.85" meanTimeLoss="114.65" vehicleSum="71" meanSpeedWithin="5.80" meanHaltsPerVehicleWithin="0.77" meanDurationWithin="88.48" vehicleSumWithin="22" meanIntervalSpeedWithin="5.80" meanIntervalHaltsPerVehicleWithin="0.77" meanIntervalDurationWithin="88.48" meanTimeLossWithin="75.43"/>
   <interval begin="3000.00" end="3300.00" id="首体路与增光路" meanTravelTime="99.53" meanOverlapTravelTime="99.96" meanSpeed="7.20" meanHaltsPerVehicle="0.73" meanTimeLoss="73.06" vehicleSum="91" meanSpeedWithin="4.18" meanHaltsPerVehicleWithin="1.67" meanDurationWithin="330.86" vehicleSumWithin="39" meanIntervalSpeedWithin="4.14" meanIntervalHaltsPerVehicleWithin="0.85" meanIntervalDurationWithin="132.77" meanTimeLossWithin="120.07"/>
   <interval begin="3000.00" end="3300.00" id="首体路与阜城路" meanTravelTime="73.80" meanOverlapTravelTime="74.24" meanSpeed="8.24" meanHaltsPerVehicle="0.84" meanTimeLoss="40.70" vehicleSum="58" meanSpeedWithin="7.87" meanHaltsPerVehicleWithin="0.73" meanDurationWithin="62.40" vehicleSumWithin="11" meanIntervalSpeedWithin="7.87" meanIntervalHaltsPerVehicleWithin="0.73" meanIntervalDurationWithin="62.40" meanTimeLossWithin="40.47"/>
   <interval begin="3000.00" end="3300.00" id="CAV_首体路整体" meanTravelTime="-1.00" meanOverlapTravelTime="-1.00" meanSpeed="-1.00" meanHaltsPerVehicle="-1.00" meanTimeLoss="-1.00" vehicleSum="0" meanSpeedWithin="-1.00" meanHaltsPerVehicleWithin="-1.00" meanDurationWithin="-1.00" vehicleSumWithin="0" meanIntervalSpeedWithin="-1.00" meanIntervalHaltsPerVehicleWithin="-1.00" meanIntervalDurationWithin="-1.00" meanTimeLossWithin="-1.00"/>
   <interval begin="3000.00" end="3300.00" id="CAV_首体路与车公庄西" meanTravelTime="-1.00" meanOverlapTravelTime="-1.00" meanSpeed="-1.00" meanHaltsPerVehicle="-1.00" meanTimeLoss="-1.00" vehicleSum="0" meanSpeedWithin="-1.00" meanHaltsPerVehicleWithin="-1.00" meanDurationWithin="-1.00" vehicleSumWithin="0" meanIntervalSpeedWithin="-1.00" meanIntervalHaltsPerVehicleWithin="-1.00" meanIntervalDurationWithin="-1.00" meanTimeLossWithin="-1.00"/>
   <interval begin="3000.00" end="3300.00" id="CAV_首体路与增光路" meanTravelTime="-1.00" meanOverlapTravelTime="-1.00" meanSpeed="-1.00" meanHaltsPerVehicle="-1.00" meanTimeLoss="-1.00" vehicleSum="0" meanSpeedWithin="-1.00" meanHaltsPerVehicleWithin="-1.00" meanDurationWithin="-1.00" vehicleSumWithin="0" meanIntervalSpeedWithin="-1.00" meanIntervalHaltsPerVehicleWithin="-1.00" meanIntervalDurationWithin="-1.00" meanTimeLossWithin="-1.00"/>
   <interval begin="3000.00" end="3300.00" id="CAV_首体路与阜城路" meanTravelTime="-1.00" meanOverlapTravelTime="-1.00" meanSpeed="-1.00" meanHaltsPerVehicle="-1.00" meanTimeLoss="-1.00" vehicleSum="0" meanSpeedWithin="-1.00" meanHaltsPerVehicleWithin="-1.00" meanDurationWithin="-1.00" vehicleSumWithin="0" meanIntervalSpeedWithin="-1.00" meanIntervalHaltsPerVehicleWithin="-1.00" meanIntervalDurationWithin="-1.00" meanTimeLossWithin="-1.00"/>
   <interval begin="3300.00" end="3600.00" id="首体路整体" meanTravelTime="174.69" meanOverlapTravelTime="175.09" meanSpeed="6.52" meanHaltsPerVehicle="1.80" meanTimeLoss="121.98" vehicleSum="109" meanSpeedWithin="5.01" meanHaltsPerVehicleWithin="1.67" meanDurationWithin="263.78" vehicleSumWithin="75" meanIntervalSpeedWithin="5.02" meanIntervalHaltsPerVehicleWithin="1.12" meanIntervalDurationWithin="135.27" meanTimeLossWithin="109.92"/>
   <interval begin="3300.00" end="3600.00" id="首体路与车公庄西" meanTravelTime="67.32" meanOverlapTravelTime="67.74" meanSpeed="8.91" meanHaltsPerVehicle="0.74" meanTimeLoss="35.68" vehicleSum="68" meanSpeedWithin="5.35" meanHaltsPerVehicleWithin="1.08" meanDurationWithin="153.03" vehicleSumWithin="25" meanIntervalSpeedWithin="5.36" meanIntervalHaltsPerVehicleWithin="0.84" meanIntervalDurationWithin="112.41" meanTimeLossWithin="98.33"/>
   <interval begin="3300.00" end="3600.00" id="首体路与增光路" meanTravelTime="113.44" meanOverlapTravelTime="113.86" meanSpeed="6.61" meanHaltsPerVehicle="0.87" meanTimeLoss="87.47" vehicleSum="99" meanSpeedWithin="4.38" meanHaltsPerVehicleWithin="1.84" meanDurationWithin="390.46" vehicleSumWithin="31" meanIntervalSpeedWithin="4.34" meanIntervalHaltsPerVehicleWithin="0.81" meanIntervalDurationWithin="131.08" meanTimeLossWithin="118.77"/>
   <interval begin="3300.00" end="3600.00" id="首体路与阜城路" meanTravelTime="111.70" meanOverlapTravelTime="112.10" meanSpeed="5.82" meanHaltsPerVehicle="1.51" meanTimeLoss="79.88" vehicleSum="59" meanSpeedWithin="8.49" meanHaltsPerVehicleWithin="0.81" meanDurationWithin="50.00" vehicleSumWithin="26" meanIntervalSpeedWithin="8.49" meanIntervalHaltsPerVehicleWithin="0.81" meanIntervalDurationWithin="50.00" meanTimeLossWithin="23.69"/>
   <interval begin="3300.00" end="3600.00" id="CAV_首体路整体" meanTravelTime="-1.00" meanOverlapTravelTime="-1.00" meanSpeed="-1.00" meanHaltsPerVehicle="-1.00" meanTimeLoss="-1.00" vehicleSum="0" meanSpeedWithin="-1.00" meanHaltsPerVehicleWithin="-1.00" meanDurationWithin="-1.00" vehicleSumWithin="0" meanIntervalSpeedWithin="-1.00" meanIntervalHaltsPerVehicleWithin="-1.00" meanIntervalDurationWithin="-1.00" meanTimeLossWithin="-1.00"/>
   <interval begin="3300.00" end="3600.00" id="CAV_首体路与车公庄西" meanTravelTime="-1.00" meanOverlapTravelTime="-1.00" meanSpeed="-1.00" meanHaltsPerVehicle="-1.00" meanTimeLoss="-1.00" vehicleSum="0" meanSpeedWithin="-1.00" meanHaltsPerVehicleWithin="-1.00" meanDurationWithin="-1.00" vehicleSumWithin="0" meanIntervalSpeedWithin="-1.00" meanIntervalHaltsPerVehicleWithin="-1.00" meanIntervalDurationWithin="-1.00" meanTimeLossWithin="-1.00"/>
   <interval begin="3300.00" end="3600.00" id="CAV_首体路与增光路" meanTravelTime="-1.00" meanOverlapTravelTime="-1.00" meanSpeed="-1.00" meanHaltsPerVehicle="-1.00" meanTimeLoss="-1.00" vehicleSum="0" meanSpeedWithin="-1.00" meanHaltsPerVehicleWithin="-1.00" meanDurationWithin="-1.00" vehicleSumWithin="0" meanIntervalSpeedWithin="-1.00" meanIntervalHaltsPerVehicleWithin="-1.00" meanIntervalDurationWithin="-1.00" meanTimeLossWithin="-1.00"/>
   <interval begin="3300.00" end="3600.00" id="CAV_首体路与阜城路" meanTravelTime="-1.00" meanOverlapTravelTime="-1.00" meanSpeed="-1.00" meanHaltsPerVehicle="-1.00" meanTimeLoss="-1.00" vehicleSum="0" meanSpeedWithin="-1.00" meanHaltsPerVehicleWithin="-1.00" meanDurationWithin="-1.00" vehicleSumWithin="0" meanIntervalSpeedWithin="-1.00" meanIntervalHaltsPerVehicleWithin="-1.00" meanIntervalDurationWithin="-1.00" meanTimeLossWithin="-1.00"/>
</e3Detector>
