<?xml version="1.0" encoding="UTF-8"?>

<!-- generated on 2024-04-29 21:36:34 by Eclipse SUMO GUI Version 1.19.0
<configuration xmlns:xsi="http://www.w3.org/2001/XMLSchema-instance" xsi:noNamespaceSchemaLocation="http://sumo.dlr.de/xsd/sumoConfiguration.xsd">

    <input>
        <net-file value="C:\Users\10539\Documents\BaiduNetdiskWorkspace\Python项目\Python绘图\本科毕业设计\交叉口模型参数分析\jmCrossingGap\3.4晚高峰（jmCrossingGap=1）\4.net.xml"/>
        <route-files value="C:\Users\10539\Documents\BaiduNetdiskWorkspace\Python项目\Python绘图\本科毕业设计\交叉口模型参数分析\jmCrossingGap\3.4晚高峰（jmCrossingGap=1）\v_vehs.rou.xml,C:\Users\10539\Documents\BaiduNetdiskWorkspace\Python项目\Python绘图\本科毕业设计\交叉口模型参数分析\jmCrossingGap\3.4晚高峰（jmCrossingGap=1）\pedestrian.rou.xml,C:\Users\10539\Documents\BaiduNetdiskWorkspace\Python项目\Python绘图\本科毕业设计\交叉口模型参数分析\jmCrossingGap\3.4晚高峰（jmCrossingGap=1）\bus.rou.xml"/>
        <additional-files value="C:\Users\10539\Documents\BaiduNetdiskWorkspace\Python项目\Python绘图\本科毕业设计\交叉口模型参数分析\jmCrossingGap\3.4晚高峰（jmCrossingGap=1）\det_e3.add.xml,C:\Users\10539\Documents\BaiduNetdiskWorkspace\Python项目\Python绘图\本科毕业设计\交叉口模型参数分析\jmCrossingGap\3.4晚高峰（jmCrossingGap=1）\det_e2.add.xml,C:\Users\10539\Documents\BaiduNetdiskWorkspace\Python项目\Python绘图\本科毕业设计\交叉口模型参数分析\jmCrossingGap\3.4晚高峰（jmCrossingGap=1）\busstop_def.add.xml"/>
    </input>

    <output>
        <write-license value="false"/>
        <output-prefix value="OUTPUT-"/>
        <precision value="2"/>
        <human-readable-time value="false"/>
        <emission-output value="C:\Users\10539\Documents\BaiduNetdiskWorkspace\Python项目\Python绘图\本科毕业设计\交叉口模型参数分析\jmCrossingGap\3.4晚高峰（jmCrossingGap=1）\output/data_emission.xml"/>
        <emission-output.precision value="2"/>
        <queue-output value="C:\Users\10539\Documents\BaiduNetdiskWorkspace\Python项目\Python绘图\本科毕业设计\交叉口模型参数分析\jmCrossingGap\3.4晚高峰（jmCrossingGap=1）\output/data_Queue.xml"/>
        <queue-output.period value="300"/>
        <summary-output value="C:\Users\10539\Documents\BaiduNetdiskWorkspace\Python项目\Python绘图\本科毕业设计\交叉口模型参数分析\jmCrossingGap\3.4晚高峰（jmCrossingGap=1）\output/data_summary.xml"/>
        <summary-output.period value="300"/>
        <person-summary-output value="C:\Users\10539\Documents\BaiduNetdiskWorkspace\Python项目\Python绘图\本科毕业设计\交叉口模型参数分析\jmCrossingGap\3.4晚高峰（jmCrossingGap=1）\output/data_person_summary.xml"/>
        <personinfo-output value="C:\Users\10539\Documents\BaiduNetdiskWorkspace\Python项目\Python绘图\本科毕业设计\交叉口模型参数分析\jmCrossingGap\3.4晚高峰（jmCrossingGap=1）\output/data_personinfo.xml"/>
        <collision-output value="C:\Users\10539\Documents\BaiduNetdiskWorkspace\Python项目\Python绘图\本科毕业设计\交叉口模型参数分析\jmCrossingGap\3.4晚高峰（jmCrossingGap=1）\output/data_collision.xml"/>
        <edgedata-output value="C:\Users\10539\Documents\BaiduNetdiskWorkspace\Python项目\Python绘图\本科毕业设计\交叉口模型参数分析\jmCrossingGap\3.4晚高峰（jmCrossingGap=1）\output/data_edges.xml"/>
        <lanedata-output value="C:\Users\10539\Documents\BaiduNetdiskWorkspace\Python项目\Python绘图\本科毕业设计\交叉口模型参数分析\jmCrossingGap\3.4晚高峰（jmCrossingGap=1）\output/data_lanes.xml"/>
        <statistic-output value="C:\Users\10539\Documents\BaiduNetdiskWorkspace\Python项目\Python绘图\本科毕业设计\交叉口模型参数分析\jmCrossingGap\3.4晚高峰（jmCrossingGap=1）\output/data_statistic.xml"/>
    </output>

    <time>
        <begin value="0"/>
        <end value="3600"/>
        <step-length value="1"/>
    </time>

    <processing>
        <no-internal-links value="false"/>
        <ignore-route-errors value="true"/>
        <collision.action value="teleport"/>
        <intermodal-collision.action value="warn"/>
        <collision.stoptime value="0"/>
        <intermodal-collision.stoptime value="0"/>
        <collision.check-junctions value="false"/>
        <max-num-vehicles value="-1"/>
        <max-num-teleports value="-1"/>
        <time-to-teleport value="300"/>
        <time-to-teleport.remove value="false"/>
        <waiting-time-memory value="100"/>
        <max-depart-delay value="-1"/>
        <random-depart-offset value="0"/>
        <lanechange.duration value="0"/>
        <lanechange.overtake-right value="false"/>
        <tls.all-off value="false"/>
        <tls.yellow.min-decel value="3"/>
    </processing>

    <routing>
        <routing-algorithm value="dijkstra"/>
    </routing>

    <report>
        <verbose value="true"/>
        <no-warnings value="true"/>
        <log value="C:\Users\10539\Documents\BaiduNetdiskWorkspace\Python项目\Python绘图\本科毕业设计\交叉口模型参数分析\jmCrossingGap\3.4晚高峰（jmCrossingGap=1）\output/data_log.xml"/>
        <no-step-log value="true"/>
        <step-log.period value="300"/>
    </report>

    <emissions>
        <device.emissions.period value="300"/>
    </emissions>

    <mesoscopic>
        <mesosim value="false"/>
    </mesoscopic>

    <random_number>
        <random value="false"/>
        <seed value="23423"/>
    </random_number>

    <gui_only>
        <gui-settings-file value="C:\Users\10539\Documents\BaiduNetdiskWorkspace\Python项目\Python绘图\本科毕业设计\交叉口模型参数分析\jmCrossingGap\3.4晚高峰（jmCrossingGap=1）\viewsettings.xml"/>
        <start value="false"/>
        <demo value="false"/>
        <window-size value="800,600"/>
        <window-pos value="100,100"/>
    </gui_only>

</configuration>
-->

<e3Detector xmlns:xsi="http://www.w3.org/2001/XMLSchema-instance" xsi:noNamespaceSchemaLocation="http://sumo.dlr.de/xsd/det_e3_file.xsd">
   <interval begin="0.00" end="300.00" id="首体路整体" meanTravelTime="77.84" meanOverlapTravelTime="78.29" meanSpeed="8.72" meanHaltsPerVehicle="0.67" meanTimeLoss="35.96" vehicleSum="54" meanSpeedWithin="5.43" meanHaltsPerVehicleWithin="1.25" meanDurationWithin="119.33" vehicleSumWithin="67" meanIntervalSpeedWithin="5.43" meanIntervalHaltsPerVehicleWithin="1.25" meanIntervalDurationWithin="119.33" meanTimeLossWithin="87.49"/>
   <interval begin="0.00" end="300.00" id="首体路与车公庄西" meanTravelTime="41.98" meanOverlapTravelTime="42.44" meanSpeed="10.60" meanHaltsPerVehicle="0.38" meanTimeLoss="11.11" vehicleSum="39" meanSpeedWithin="4.33" meanHaltsPerVehicleWithin="1.10" meanDurationWithin="108.97" vehicleSumWithin="20" meanIntervalSpeedWithin="4.33" meanIntervalHaltsPerVehicleWithin="1.10" meanIntervalDurationWithin="108.97" meanTimeLossWithin="91.32"/>
   <interval begin="0.00" end="300.00" id="首体路与增光路" meanTravelTime="59.88" meanOverlapTravelTime="60.34" meanSpeed="8.40" meanHaltsPerVehicle="0.49" meanTimeLoss="33.42" vehicleSum="59" meanSpeedWithin="5.49" meanHaltsPerVehicleWithin="0.81" meanDurationWithin="87.13" vehicleSumWithin="26" meanIntervalSpeedWithin="5.49" meanIntervalHaltsPerVehicleWithin="0.81" meanIntervalDurationWithin="87.13" meanTimeLossWithin="69.46"/>
   <interval begin="0.00" end="300.00" id="首体路与阜城路" meanTravelTime="72.03" meanOverlapTravelTime="72.53" meanSpeed="8.43" meanHaltsPerVehicle="0.61" meanTimeLoss="36.86" vehicleSum="31" meanSpeedWithin="7.46" meanHaltsPerVehicleWithin="0.96" meanDurationWithin="63.02" vehicleSumWithin="26" meanIntervalSpeedWithin="7.46" meanIntervalHaltsPerVehicleWithin="0.96" meanIntervalDurationWithin="63.02" meanTimeLossWithin="40.11"/>
   <interval begin="0.00" end="300.00" id="CAV_首体路整体" meanTravelTime="-1.00" meanOverlapTravelTime="-1.00" meanSpeed="-1.00" meanHaltsPerVehicle="-1.00" meanTimeLoss="-1.00" vehicleSum="0" meanSpeedWithin="-1.00" meanHaltsPerVehicleWithin="-1.00" meanDurationWithin="-1.00" vehicleSumWithin="0" meanIntervalSpeedWithin="-1.00" meanIntervalHaltsPerVehicleWithin="-1.00" meanIntervalDurationWithin="-1.00" meanTimeLossWithin="-1.00"/>
   <interval begin="0.00" end="300.00" id="CAV_首体路与车公庄西" meanTravelTime="-1.00" meanOverlapTravelTime="-1.00" meanSpeed="-1.00" meanHaltsPerVehicle="-1.00" meanTimeLoss="-1.00" vehicleSum="0" meanSpeedWithin="-1.00" meanHaltsPerVehicleWithin="-1.00" meanDurationWithin="-1.00" vehicleSumWithin="0" meanIntervalSpeedWithin="-1.00" meanIntervalHaltsPerVehicleWithin="-1.00" meanIntervalDurationWithin="-1.00" meanTimeLossWithin="-1.00"/>
   <interval begin="0.00" end="300.00" id="CAV_首体路与增光路" meanTravelTime="-1.00" meanOverlapTravelTime="-1.00" meanSpeed="-1.00" meanHaltsPerVehicle="-1.00" meanTimeLoss="-1.00" vehicleSum="0" meanSpeedWithin="-1.00" meanHaltsPerVehicleWithin="-1.00" meanDurationWithin="-1.00" vehicleSumWithin="0" meanIntervalSpeedWithin="-1.00" meanIntervalHaltsPerVehicleWithin="-1.00" meanIntervalDurationWithin="-1.00" meanTimeLossWithin="-1.00"/>
   <interval begin="0.00" end="300.00" id="CAV_首体路与阜城路" meanTravelTime="-1.00" meanOverlapTravelTime="-1.00" meanSpeed="-1.00" meanHaltsPerVehicle="-1.00" meanTimeLoss="-1.00" vehicleSum="0" meanSpeedWithin="-1.00" meanHaltsPerVehicleWithin="-1.00" meanDurationWithin="-1.00" vehicleSumWithin="0" meanIntervalSpeedWithin="-1.00" meanIntervalHaltsPerVehicleWithin="-1.00" meanIntervalDurationWithin="-1.00" meanTimeLossWithin="-1.00"/>
   <interval begin="300.00" end="600.00" id="首体路整体" meanTravelTime="137.20" meanOverlapTravelTime="137.60" meanSpeed="6.33" meanHaltsPerVehicle="1.39" meanTimeLoss="91.80" vehicleSum="121" meanSpeedWithin="5.13" meanHaltsPerVehicleWithin="1.23" meanDurationWithin="166.99" vehicleSumWithin="60" meanIntervalSpeedWithin="5.16" meanIntervalHaltsPerVehicleWithin="1.08" meanIntervalDurationWithin="142.55" meanTimeLossWithin="112.06"/>
   <interval begin="300.00" end="600.00" id="首体路与车公庄西" meanTravelTime="71.02" meanOverlapTravelTime="71.44" meanSpeed="8.55" meanHaltsPerVehicle="0.87" meanTimeLoss="39.27" vehicleSum="60" meanSpeedWithin="4.51" meanHaltsPerVehicleWithin="1.17" meanDurationWithin="184.75" vehicleSumWithin="30" meanIntervalSpeedWithin="4.52" meanIntervalHaltsPerVehicleWithin="0.93" meanIntervalDurationWithin="148.39" meanTimeLossWithin="129.27"/>
   <interval begin="300.00" end="600.00" id="首体路与增光路" meanTravelTime="98.74" meanOverlapTravelTime="99.14" meanSpeed="6.02" meanHaltsPerVehicle="0.91" meanTimeLoss="73.44" vehicleSum="88" meanSpeedWithin="6.63" meanHaltsPerVehicleWithin="0.70" meanDurationWithin="70.26" vehicleSumWithin="23" meanIntervalSpeedWithin="6.63" meanIntervalHaltsPerVehicleWithin="0.70" meanIntervalDurationWithin="70.26" meanTimeLossWithin="52.59"/>
   <interval begin="300.00" end="600.00" id="首体路与阜城路" meanTravelTime="79.49" meanOverlapTravelTime="79.92" meanSpeed="7.56" meanHaltsPerVehicle="0.82" meanTimeLoss="47.76" vehicleSum="60" meanSpeedWithin="6.46" meanHaltsPerVehicleWithin="0.64" meanDurationWithin="82.51" vehicleSumWithin="11" meanIntervalSpeedWithin="6.46" meanIntervalHaltsPerVehicleWithin="0.64" meanIntervalDurationWithin="82.51" meanTimeLossWithin="60.94"/>
   <interval begin="300.00" end="600.00" id="CAV_首体路整体" meanTravelTime="-1.00" meanOverlapTravelTime="-1.00" meanSpeed="-1.00" meanHaltsPerVehicle="-1.00" meanTimeLoss="-1.00" vehicleSum="0" meanSpeedWithin="-1.00" meanHaltsPerVehicleWithin="-1.00" meanDurationWithin="-1.00" vehicleSumWithin="0" meanIntervalSpeedWithin="-1.00" meanIntervalHaltsPerVehicleWithin="-1.00" meanIntervalDurationWithin="-1.00" meanTimeLossWithin="-1.00"/>
   <interval begin="300.00" end="600.00" id="CAV_首体路与车公庄西" meanTravelTime="-1.00" meanOverlapTravelTime="-1.00" meanSpeed="-1.00" meanHaltsPerVehicle="-1.00" meanTimeLoss="-1.00" vehicleSum="0" meanSpeedWithin="-1.00" meanHaltsPerVehicleWithin="-1.00" meanDurationWithin="-1.00" vehicleSumWithin="0" meanIntervalSpeedWithin="-1.00" meanIntervalHaltsPerVehicleWithin="-1.00" meanIntervalDurationWithin="-1.00" meanTimeLossWithin="-1.00"/>
   <interval begin="300.00" end="600.00" id="CAV_首体路与增光路" meanTravelTime="-1.00" meanOverlapTravelTime="-1.00" meanSpeed="-1.00" meanHaltsPerVehicle="-1.00" meanTimeLoss="-1.00" vehicleSum="0" meanSpeedWithin="-1.00" meanHaltsPerVehicleWithin="-1.00" meanDurationWithin="-1.00" vehicleSumWithin="0" meanIntervalSpeedWithin="-1.00" meanIntervalHaltsPerVehicleWithin="-1.00" meanIntervalDurationWithin="-1.00" meanTimeLossWithin="-1.00"/>
   <interval begin="300.00" end="600.00" id="CAV_首体路与阜城路" meanTravelTime="-1.00" meanOverlapTravelTime="-1.00" meanSpeed="-1.00" meanHaltsPerVehicle="-1.00" meanTimeLoss="-1.00" vehicleSum="0" meanSpeedWithin="-1.00" meanHaltsPerVehicleWithin="-1.00" meanDurationWithin="-1.00" vehicleSumWithin="0" meanIntervalSpeedWithin="-1.00" meanIntervalHaltsPerVehicleWithin="-1.00" meanIntervalDurationWithin="-1.00" meanTimeLossWithin="-1.00"/>
   <interval begin="600.00" end="900.00" id="首体路整体" meanTravelTime="146.97" meanOverlapTravelTime="147.39" meanSpeed="6.92" meanHaltsPerVehicle="1.13" meanTimeLoss="105.73" vehicleSum="125" meanSpeedWithin="5.13" meanHaltsPerVehicleWithin="1.31" meanDurationWithin="158.40" vehicleSumWithin="55" meanIntervalSpeedWithin="5.07" meanIntervalHaltsPerVehicleWithin="1.20" meanIntervalDurationWithin="149.44" meanTimeLossWithin="113.11"/>
   <interval begin="600.00" end="900.00" id="首体路与车公庄西" meanTravelTime="122.85" meanOverlapTravelTime="123.28" meanSpeed="7.46" meanHaltsPerVehicle="0.88" meanTimeLoss="92.92" vehicleSum="76" meanSpeedWithin="7.45" meanHaltsPerVehicleWithin="0.58" meanDurationWithin="73.78" vehicleSumWithin="24" meanIntervalSpeedWithin="7.45" meanIntervalHaltsPerVehicleWithin="0.58" meanIntervalDurationWithin="73.78" meanTimeLossWithin="54.66"/>
   <interval begin="600.00" end="900.00" id="首体路与增光路" meanTravelTime="83.10" meanOverlapTravelTime="83.56" meanSpeed="7.38" meanHaltsPerVehicle="0.63" meanTimeLoss="56.28" vehicleSum="90" meanSpeedWithin="7.00" meanHaltsPerVehicleWithin="0.77" meanDurationWithin="103.21" vehicleSumWithin="26" meanIntervalSpeedWithin="6.93" meanIntervalHaltsPerVehicleWithin="0.69" meanIntervalDurationWithin="91.30" meanTimeLossWithin="76.84"/>
   <interval begin="600.00" end="900.00" id="首体路与阜城路" meanTravelTime="87.55" meanOverlapTravelTime="87.99" meanSpeed="7.15" meanHaltsPerVehicle="0.88" meanTimeLoss="55.13" vehicleSum="56" meanSpeedWithin="9.18" meanHaltsPerVehicleWithin="0.45" meanDurationWithin="53.28" vehicleSumWithin="11" meanIntervalSpeedWithin="9.18" meanIntervalHaltsPerVehicleWithin="0.45" meanIntervalDurationWithin="53.28" meanTimeLossWithin="34.41"/>
   <interval begin="600.00" end="900.00" id="CAV_首体路整体" meanTravelTime="-1.00" meanOverlapTravelTime="-1.00" meanSpeed="-1.00" meanHaltsPerVehicle="-1.00" meanTimeLoss="-1.00" vehicleSum="0" meanSpeedWithin="-1.00" meanHaltsPerVehicleWithin="-1.00" meanDurationWithin="-1.00" vehicleSumWithin="0" meanIntervalSpeedWithin="-1.00" meanIntervalHaltsPerVehicleWithin="-1.00" meanIntervalDurationWithin="-1.00" meanTimeLossWithin="-1.00"/>
   <interval begin="600.00" end="900.00" id="CAV_首体路与车公庄西" meanTravelTime="-1.00" meanOverlapTravelTime="-1.00" meanSpeed="-1.00" meanHaltsPerVehicle="-1.00" meanTimeLoss="-1.00" vehicleSum="0" meanSpeedWithin="-1.00" meanHaltsPerVehicleWithin="-1.00" meanDurationWithin="-1.00" vehicleSumWithin="0" meanIntervalSpeedWithin="-1.00" meanIntervalHaltsPerVehicleWithin="-1.00" meanIntervalDurationWithin="-1.00" meanTimeLossWithin="-1.00"/>
   <interval begin="600.00" end="900.00" id="CAV_首体路与增光路" meanTravelTime="-1.00" meanOverlapTravelTime="-1.00" meanSpeed="-1.00" meanHaltsPerVehicle="-1.00" meanTimeLoss="-1.00" vehicleSum="0" meanSpeedWithin="-1.00" meanHaltsPerVehicleWithin="-1.00" meanDurationWithin="-1.00" vehicleSumWithin="0" meanIntervalSpeedWithin="-1.00" meanIntervalHaltsPerVehicleWithin="-1.00" meanIntervalDurationWithin="-1.00" meanTimeLossWithin="-1.00"/>
   <interval begin="600.00" end="900.00" id="CAV_首体路与阜城路" meanTravelTime="-1.00" meanOverlapTravelTime="-1.00" meanSpeed="-1.00" meanHaltsPerVehicle="-1.00" meanTimeLoss="-1.00" vehicleSum="0" meanSpeedWithin="-1.00" meanHaltsPerVehicleWithin="-1.00" meanDurationWithin="-1.00" vehicleSumWithin="0" meanIntervalSpeedWithin="-1.00" meanIntervalHaltsPerVehicleWithin="-1.00" meanIntervalDurationWithin="-1.00" meanTimeLossWithin="-1.00"/>
   <interval begin="900.00" end="1200.00" id="首体路整体" meanTravelTime="141.05" meanOverlapTravelTime="141.46" meanSpeed="7.15" meanHaltsPerVehicle="1.38" meanTimeLoss="91.24" vehicleSum="111" meanSpeedWithin="5.49" meanHaltsPerVehicleWithin="1.33" meanDurationWithin="171.60" vehicleSumWithin="63" meanIntervalSpeedWithin="5.48" meanIntervalHaltsPerVehicleWithin="1.06" meanIntervalDurationWithin="134.20" meanTimeLossWithin="106.79"/>
   <interval begin="900.00" end="1200.00" id="首体路与车公庄西" meanTravelTime="70.91" meanOverlapTravelTime="71.34" meanSpeed="8.84" meanHaltsPerVehicle="0.97" meanTimeLoss="39.55" vehicleSum="68" meanSpeedWithin="5.05" meanHaltsPerVehicleWithin="1.05" meanDurationWithin="171.35" vehicleSumWithin="19" meanIntervalSpeedWithin="5.04" meanIntervalHaltsPerVehicleWithin="0.79" meanIntervalDurationWithin="140.00" meanTimeLossWithin="122.28"/>
   <interval begin="900.00" end="1200.00" id="首体路与增光路" meanTravelTime="80.84" meanOverlapTravelTime="81.23" meanSpeed="7.26" meanHaltsPerVehicle="0.68" meanTimeLoss="55.47" vehicleSum="91" meanSpeedWithin="5.72" meanHaltsPerVehicleWithin="1.25" meanDurationWithin="180.83" vehicleSumWithin="24" meanIntervalSpeedWithin="5.63" meanIntervalHaltsPerVehicleWithin="0.83" meanIntervalDurationWithin="119.61" meanTimeLossWithin="104.87"/>
   <interval begin="900.00" end="1200.00" id="首体路与阜城路" meanTravelTime="82.91" meanOverlapTravelTime="83.34" meanSpeed="7.18" meanHaltsPerVehicle="0.78" meanTimeLoss="51.46" vehicleSum="46" meanSpeedWithin="11.11" meanHaltsPerVehicleWithin="0.23" meanDurationWithin="24.34" vehicleSumWithin="26" meanIntervalSpeedWithin="11.11" meanIntervalHaltsPerVehicleWithin="0.23" meanIntervalDurationWithin="24.34" meanTimeLossWithin="9.42"/>
   <interval begin="900.00" end="1200.00" id="CAV_首体路整体" meanTravelTime="-1.00" meanOverlapTravelTime="-1.00" meanSpeed="-1.00" meanHaltsPerVehicle="-1.00" meanTimeLoss="-1.00" vehicleSum="0" meanSpeedWithin="-1.00" meanHaltsPerVehicleWithin="-1.00" meanDurationWithin="-1.00" vehicleSumWithin="0" meanIntervalSpeedWithin="-1.00" meanIntervalHaltsPerVehicleWithin="-1.00" meanIntervalDurationWithin="-1.00" meanTimeLossWithin="-1.00"/>
   <interval begin="900.00" end="1200.00" id="CAV_首体路与车公庄西" meanTravelTime="-1.00" meanOverlapTravelTime="-1.00" meanSpeed="-1.00" meanHaltsPerVehicle="-1.00" meanTimeLoss="-1.00" vehicleSum="0" meanSpeedWithin="-1.00" meanHaltsPerVehicleWithin="-1.00" meanDurationWithin="-1.00" vehicleSumWithin="0" meanIntervalSpeedWithin="-1.00" meanIntervalHaltsPerVehicleWithin="-1.00" meanIntervalDurationWithin="-1.00" meanTimeLossWithin="-1.00"/>
   <interval begin="900.00" end="1200.00" id="CAV_首体路与增光路" meanTravelTime="-1.00" meanOverlapTravelTime="-1.00" meanSpeed="-1.00" meanHaltsPerVehicle="-1.00" meanTimeLoss="-1.00" vehicleSum="0" meanSpeedWithin="-1.00" meanHaltsPerVehicleWithin="-1.00" meanDurationWithin="-1.00" vehicleSumWithin="0" meanIntervalSpeedWithin="-1.00" meanIntervalHaltsPerVehicleWithin="-1.00" meanIntervalDurationWithin="-1.00" meanTimeLossWithin="-1.00"/>
   <interval begin="900.00" end="1200.00" id="CAV_首体路与阜城路" meanTravelTime="-1.00" meanOverlapTravelTime="-1.00" meanSpeed="-1.00" meanHaltsPerVehicle="-1.00" meanTimeLoss="-1.00" vehicleSum="0" meanSpeedWithin="-1.00" meanHaltsPerVehicleWithin="-1.00" meanDurationWithin="-1.00" vehicleSumWithin="0" meanIntervalSpeedWithin="-1.00" meanIntervalHaltsPerVehicleWithin="-1.00" meanIntervalDurationWithin="-1.00" meanTimeLossWithin="-1.00"/>
   <interval begin="1200.00" end="1500.00" id="首体路整体" meanTravelTime="163.76" meanOverlapTravelTime="164.19" meanSpeed="6.38" meanHaltsPerVehicle="1.21" meanTimeLoss="112.00" vehicleSum="114" meanSpeedWithin="4.97" meanHaltsPerVehicleWithin="1.42" meanDurationWithin="176.04" vehicleSumWithin="71" meanIntervalSpeedWithin="4.93" meanIntervalHaltsPerVehicleWithin="1.18" meanIntervalDurationWithin="134.92" meanTimeLossWithin="105.33"/>
   <interval begin="1200.00" end="1500.00" id="首体路与车公庄西" meanTravelTime="105.13" meanOverlapTravelTime="105.56" meanSpeed="7.72" meanHaltsPerVehicle="0.71" meanTimeLoss="73.23" vehicleSum="80" meanSpeedWithin="4.49" meanHaltsPerVehicleWithin="1.20" meanDurationWithin="98.96" vehicleSumWithin="20" meanIntervalSpeedWithin="4.49" meanIntervalHaltsPerVehicleWithin="1.20" meanIntervalDurationWithin="98.96" meanTimeLossWithin="81.62"/>
   <interval begin="1200.00" end="1500.00" id="首体路与增光路" meanTravelTime="88.18" meanOverlapTravelTime="88.63" meanSpeed="6.90" meanHaltsPerVehicle="0.68" meanTimeLoss="61.20" vehicleSum="82" meanSpeedWithin="5.29" meanHaltsPerVehicleWithin="1.38" meanDurationWithin="195.69" vehicleSumWithin="37" meanIntervalSpeedWithin="5.22" meanIntervalHaltsPerVehicleWithin="0.92" meanIntervalDurationWithin="116.84" meanTimeLossWithin="101.18"/>
   <interval begin="1200.00" end="1500.00" id="首体路与阜城路" meanTravelTime="69.81" meanOverlapTravelTime="70.24" meanSpeed="9.50" meanHaltsPerVehicle="0.40" meanTimeLoss="36.95" vehicleSum="63" meanSpeedWithin="7.49" meanHaltsPerVehicleWithin="0.74" meanDurationWithin="56.06" vehicleSumWithin="19" meanIntervalSpeedWithin="7.49" meanIntervalHaltsPerVehicleWithin="0.74" meanIntervalDurationWithin="56.06" meanTimeLossWithin="32.47"/>
   <interval begin="1200.00" end="1500.00" id="CAV_首体路整体" meanTravelTime="-1.00" meanOverlapTravelTime="-1.00" meanSpeed="-1.00" meanHaltsPerVehicle="-1.00" meanTimeLoss="-1.00" vehicleSum="0" meanSpeedWithin="-1.00" meanHaltsPerVehicleWithin="-1.00" meanDurationWithin="-1.00" vehicleSumWithin="0" meanIntervalSpeedWithin="-1.00" meanIntervalHaltsPerVehicleWithin="-1.00" meanIntervalDurationWithin="-1.00" meanTimeLossWithin="-1.00"/>
   <interval begin="1200.00" end="1500.00" id="CAV_首体路与车公庄西" meanTravelTime="-1.00" meanOverlapTravelTime="-1.00" meanSpeed="-1.00" meanHaltsPerVehicle="-1.00" meanTimeLoss="-1.00" vehicleSum="0" meanSpeedWithin="-1.00" meanHaltsPerVehicleWithin="-1.00" meanDurationWithin="-1.00" vehicleSumWithin="0" meanIntervalSpeedWithin="-1.00" meanIntervalHaltsPerVehicleWithin="-1.00" meanIntervalDurationWithin="-1.00" meanTimeLossWithin="-1.00"/>
   <interval begin="1200.00" end="1500.00" id="CAV_首体路与增光路" meanTravelTime="-1.00" meanOverlapTravelTime="-1.00" meanSpeed="-1.00" meanHaltsPerVehicle="-1.00" meanTimeLoss="-1.00" vehicleSum="0" meanSpeedWithin="-1.00" meanHaltsPerVehicleWithin="-1.00" meanDurationWithin="-1.00" vehicleSumWithin="0" meanIntervalSpeedWithin="-1.00" meanIntervalHaltsPerVehicleWithin="-1.00" meanIntervalDurationWithin="-1.00" meanTimeLossWithin="-1.00"/>
   <interval begin="1200.00" end="1500.00" id="CAV_首体路与阜城路" meanTravelTime="-1.00" meanOverlapTravelTime="-1.00" meanSpeed="-1.00" meanHaltsPerVehicle="-1.00" meanTimeLoss="-1.00" vehicleSum="0" meanSpeedWithin="-1.00" meanHaltsPerVehicleWithin="-1.00" meanDurationWithin="-1.00" vehicleSumWithin="0" meanIntervalSpeedWithin="-1.00" meanIntervalHaltsPerVehicleWithin="-1.00" meanIntervalDurationWithin="-1.00" meanTimeLossWithin="-1.00"/>
   <interval begin="1500.00" end="1800.00" id="首体路整体" meanTravelTime="142.89" meanOverlapTravelTime="143.29" meanSpeed="6.76" meanHaltsPerVehicle="1.30" meanTimeLoss="95.12" vehicleSum="132" meanSpeedWithin="5.02" meanHaltsPerVehicleWithin="1.52" meanDurationWithin="253.80" vehicleSumWithin="56" meanIntervalSpeedWithin="5.02" meanIntervalHaltsPerVehicleWithin="0.96" meanIntervalDurationWithin="149.68" meanTimeLossWithin="124.77"/>
   <interval begin="1500.00" end="1800.00" id="首体路与车公庄西" meanTravelTime="68.47" meanOverlapTravelTime="68.90" meanSpeed="8.65" meanHaltsPerVehicle="0.90" meanTimeLoss="36.43" vehicleSum="70" meanSpeedWithin="4.77" meanHaltsPerVehicleWithin="1.19" meanDurationWithin="199.55" vehicleSumWithin="21" meanIntervalSpeedWithin="4.78" meanIntervalHaltsPerVehicleWithin="0.86" meanIntervalDurationWithin="149.99" meanTimeLossWithin="134.56"/>
   <interval begin="1500.00" end="1800.00" id="首体路与增光路" meanTravelTime="97.38" meanOverlapTravelTime="97.78" meanSpeed="7.00" meanHaltsPerVehicle="0.71" meanTimeLoss="71.35" vehicleSum="94" meanSpeedWithin="5.63" meanHaltsPerVehicleWithin="1.50" meanDurationWithin="270.48" vehicleSumWithin="30" meanIntervalSpeedWithin="5.57" meanIntervalHaltsPerVehicleWithin="0.77" meanIntervalDurationWithin="120.52" meanTimeLossWithin="106.52"/>
   <interval begin="1500.00" end="1800.00" id="首体路与阜城路" meanTravelTime="85.89" meanOverlapTravelTime="86.30" meanSpeed="6.87" meanHaltsPerVehicle="0.90" meanTimeLoss="53.83" vehicleSum="58" meanSpeedWithin="7.94" meanHaltsPerVehicleWithin="0.50" meanDurationWithin="60.84" vehicleSumWithin="10" meanIntervalSpeedWithin="7.94" meanIntervalHaltsPerVehicleWithin="0.50" meanIntervalDurationWithin="60.84" meanTimeLossWithin="35.12"/>
   <interval begin="1500.00" end="1800.00" id="CAV_首体路整体" meanTravelTime="-1.00" meanOverlapTravelTime="-1.00" meanSpeed="-1.00" meanHaltsPerVehicle="-1.00" meanTimeLoss="-1.00" vehicleSum="0" meanSpeedWithin="-1.00" meanHaltsPerVehicleWithin="-1.00" meanDurationWithin="-1.00" vehicleSumWithin="0" meanIntervalSpeedWithin="-1.00" meanIntervalHaltsPerVehicleWithin="-1.00" meanIntervalDurationWithin="-1.00" meanTimeLossWithin="-1.00"/>
   <interval begin="1500.00" end="1800.00" id="CAV_首体路与车公庄西" meanTravelTime="-1.00" meanOverlapTravelTime="-1.00" meanSpeed="-1.00" meanHaltsPerVehicle="-1.00" meanTimeLoss="-1.00" vehicleSum="0" meanSpeedWithin="-1.00" meanHaltsPerVehicleWithin="-1.00" meanDurationWithin="-1.00" vehicleSumWithin="0" meanIntervalSpeedWithin="-1.00" meanIntervalHaltsPerVehicleWithin="-1.00" meanIntervalDurationWithin="-1.00" meanTimeLossWithin="-1.00"/>
   <interval begin="1500.00" end="1800.00" id="CAV_首体路与增光路" meanTravelTime="-1.00" meanOverlapTravelTime="-1.00" meanSpeed="-1.00" meanHaltsPerVehicle="-1.00" meanTimeLoss="-1.00" vehicleSum="0" meanSpeedWithin="-1.00" meanHaltsPerVehicleWithin="-1.00" meanDurationWithin="-1.00" vehicleSumWithin="0" meanIntervalSpeedWithin="-1.00" meanIntervalHaltsPerVehicleWithin="-1.00" meanIntervalDurationWithin="-1.00" meanTimeLossWithin="-1.00"/>
   <interval begin="1500.00" end="1800.00" id="CAV_首体路与阜城路" meanTravelTime="-1.00" meanOverlapTravelTime="-1.00" meanSpeed="-1.00" meanHaltsPerVehicle="-1.00" meanTimeLoss="-1.00" vehicleSum="0" meanSpeedWithin="-1.00" meanHaltsPerVehicleWithin="-1.00" meanDurationWithin="-1.00" vehicleSumWithin="0" meanIntervalSpeedWithin="-1.00" meanIntervalHaltsPerVehicleWithin="-1.00" meanIntervalDurationWithin="-1.00" meanTimeLossWithin="-1.00"/>
   <interval begin="1800.00" end="2100.00" id="首体路整体" meanTravelTime="167.59" meanOverlapTravelTime="168.01" meanSpeed="6.41" meanHaltsPerVehicle="1.40" meanTimeLoss="123.80" vehicleSum="121" meanSpeedWithin="4.98" meanHaltsPerVehicleWithin="1.67" meanDurationWithin="240.06" vehicleSumWithin="63" meanIntervalSpeedWithin="4.92" meanIntervalHaltsPerVehicleWithin="1.22" meanIntervalDurationWithin="144.87" meanTimeLossWithin="113.68"/>
   <interval begin="1800.00" end="2100.00" id="首体路与车公庄西" meanTravelTime="137.94" meanOverlapTravelTime="138.38" meanSpeed="6.67" meanHaltsPerVehicle="1.23" meanTimeLoss="107.92" vehicleSum="71" meanSpeedWithin="6.83" meanHaltsPerVehicleWithin="0.91" meanDurationWithin="71.34" vehicleSumWithin="22" meanIntervalSpeedWithin="6.83" meanIntervalHaltsPerVehicleWithin="0.91" meanIntervalDurationWithin="71.34" meanTimeLossWithin="55.95"/>
   <interval begin="1800.00" end="2100.00" id="首体路与增光路" meanTravelTime="96.23" meanOverlapTravelTime="96.68" meanSpeed="6.67" meanHaltsPerVehicle="0.84" meanTimeLoss="69.23" vehicleSum="95" meanSpeedWithin="5.11" meanHaltsPerVehicleWithin="1.43" meanDurationWithin="269.37" vehicleSumWithin="37" meanIntervalSpeedWithin="5.07" meanIntervalHaltsPerVehicleWithin="0.76" meanIntervalDurationWithin="114.52" meanTimeLossWithin="99.47"/>
   <interval begin="1800.00" end="2100.00" id="首体路与阜城路" meanTravelTime="69.11" meanOverlapTravelTime="69.56" meanSpeed="8.75" meanHaltsPerVehicle="0.53" meanTimeLoss="35.35" vehicleSum="60" meanSpeedWithin="10.32" meanHaltsPerVehicleWithin="0.30" meanDurationWithin="76.69" vehicleSumWithin="10" meanIntervalSpeedWithin="10.32" meanIntervalHaltsPerVehicleWithin="0.30" meanIntervalDurationWithin="76.69" meanTimeLossWithin="54.46"/>
   <interval begin="1800.00" end="2100.00" id="CAV_首体路整体" meanTravelTime="-1.00" meanOverlapTravelTime="-1.00" meanSpeed="-1.00" meanHaltsPerVehicle="-1.00" meanTimeLoss="-1.00" vehicleSum="0" meanSpeedWithin="-1.00" meanHaltsPerVehicleWithin="-1.00" meanDurationWithin="-1.00" vehicleSumWithin="0" meanIntervalSpeedWithin="-1.00" meanIntervalHaltsPerVehicleWithin="-1.00" meanIntervalDurationWithin="-1.00" meanTimeLossWithin="-1.00"/>
   <interval begin="1800.00" end="2100.00" id="CAV_首体路与车公庄西" meanTravelTime="-1.00" meanOverlapTravelTime="-1.00" meanSpeed="-1.00" meanHaltsPerVehicle="-1.00" meanTimeLoss="-1.00" vehicleSum="0" meanSpeedWithin="-1.00" meanHaltsPerVehicleWithin="-1.00" meanDurationWithin="-1.00" vehicleSumWithin="0" meanIntervalSpeedWithin="-1.00" meanIntervalHaltsPerVehicleWithin="-1.00" meanIntervalDurationWithin="-1.00" meanTimeLossWithin="-1.00"/>
   <interval begin="1800.00" end="2100.00" id="CAV_首体路与增光路" meanTravelTime="-1.00" meanOverlapTravelTime="-1.00" meanSpeed="-1.00" meanHaltsPerVehicle="-1.00" meanTimeLoss="-1.00" vehicleSum="0" meanSpeedWithin="-1.00" meanHaltsPerVehicleWithin="-1.00" meanDurationWithin="-1.00" vehicleSumWithin="0" meanIntervalSpeedWithin="-1.00" meanIntervalHaltsPerVehicleWithin="-1.00" meanIntervalDurationWithin="-1.00" meanTimeLossWithin="-1.00"/>
   <interval begin="1800.00" end="2100.00" id="CAV_首体路与阜城路" meanTravelTime="-1.00" meanOverlapTravelTime="-1.00" meanSpeed="-1.00" meanHaltsPerVehicle="-1.00" meanTimeLoss="-1.00" vehicleSum="0" meanSpeedWithin="-1.00" meanHaltsPerVehicleWithin="-1.00" meanDurationWithin="-1.00" vehicleSumWithin="0" meanIntervalSpeedWithin="-1.00" meanIntervalHaltsPerVehicleWithin="-1.00" meanIntervalDurationWithin="-1.00" meanTimeLossWithin="-1.00"/>
   <interval begin="2100.00" end="2400.00" id="首体路整体" meanTravelTime="159.08" meanOverlapTravelTime="159.48" meanSpeed="7.14" meanHaltsPerVehicle="1.63" meanTimeLoss="103.88" vehicleSum="108" meanSpeedWithin="4.41" meanHaltsPerVehicleWithin="1.53" meanDurationWithin="241.93" vehicleSumWithin="75" meanIntervalSpeedWithin="4.39" meanIntervalHaltsPerVehicleWithin="1.07" meanIntervalDurationWithin="142.31" meanTimeLossWithin="118.86"/>
   <interval begin="2100.00" end="2400.00" id="首体路与车公庄西" meanTravelTime="74.17" meanOverlapTravelTime="74.61" meanSpeed="8.35" meanHaltsPerVehicle="1.24" meanTimeLoss="41.96" vehicleSum="67" meanSpeedWithin="3.29" meanHaltsPerVehicleWithin="1.32" meanDurationWithin="179.39" vehicleSumWithin="19" meanIntervalSpeedWithin="3.28" meanIntervalHaltsPerVehicleWithin="1.11" meanIntervalDurationWithin="148.60" meanTimeLossWithin="135.96"/>
   <interval begin="2100.00" end="2400.00" id="首体路与增光路" meanTravelTime="95.61" meanOverlapTravelTime="96.00" meanSpeed="7.47" meanHaltsPerVehicle="0.67" meanTimeLoss="69.32" vehicleSum="91" meanSpeedWithin="5.23" meanHaltsPerVehicleWithin="1.56" meanDurationWithin="308.51" vehicleSumWithin="34" meanIntervalSpeedWithin="5.18" meanIntervalHaltsPerVehicleWithin="0.74" meanIntervalDurationWithin="115.54" meanTimeLossWithin="103.21"/>
   <interval begin="2100.00" end="2400.00" id="首体路与阜城路" meanTravelTime="85.26" meanOverlapTravelTime="85.66" meanSpeed="7.47" meanHaltsPerVehicle="0.76" meanTimeLoss="53.80" vehicleSum="46" meanSpeedWithin="7.80" meanHaltsPerVehicleWithin="0.56" meanDurationWithin="71.16" vehicleSumWithin="27" meanIntervalSpeedWithin="7.80" meanIntervalHaltsPerVehicleWithin="0.56" meanIntervalDurationWithin="71.16" meanTimeLossWithin="48.45"/>
   <interval begin="2100.00" end="2400.00" id="CAV_首体路整体" meanTravelTime="-1.00" meanOverlapTravelTime="-1.00" meanSpeed="-1.00" meanHaltsPerVehicle="-1.00" meanTimeLoss="-1.00" vehicleSum="0" meanSpeedWithin="-1.00" meanHaltsPerVehicleWithin="-1.00" meanDurationWithin="-1.00" vehicleSumWithin="0" meanIntervalSpeedWithin="-1.00" meanIntervalHaltsPerVehicleWithin="-1.00" meanIntervalDurationWithin="-1.00" meanTimeLossWithin="-1.00"/>
   <interval begin="2100.00" end="2400.00" id="CAV_首体路与车公庄西" meanTravelTime="-1.00" meanOverlapTravelTime="-1.00" meanSpeed="-1.00" meanHaltsPerVehicle="-1.00" meanTimeLoss="-1.00" vehicleSum="0" meanSpeedWithin="-1.00" meanHaltsPerVehicleWithin="-1.00" meanDurationWithin="-1.00" vehicleSumWithin="0" meanIntervalSpeedWithin="-1.00" meanIntervalHaltsPerVehicleWithin="-1.00" meanIntervalDurationWithin="-1.00" meanTimeLossWithin="-1.00"/>
   <interval begin="2100.00" end="2400.00" id="CAV_首体路与增光路" meanTravelTime="-1.00" meanOverlapTravelTime="-1.00" meanSpeed="-1.00" meanHaltsPerVehicle="-1.00" meanTimeLoss="-1.00" vehicleSum="0" meanSpeedWithin="-1.00" meanHaltsPerVehicleWithin="-1.00" meanDurationWithin="-1.00" vehicleSumWithin="0" meanIntervalSpeedWithin="-1.00" meanIntervalHaltsPerVehicleWithin="-1.00" meanIntervalDurationWithin="-1.00" meanTimeLossWithin="-1.00"/>
   <interval begin="2100.00" end="2400.00" id="CAV_首体路与阜城路" meanTravelTime="-1.00" meanOverlapTravelTime="-1.00" meanSpeed="-1.00" meanHaltsPerVehicle="-1.00" meanTimeLoss="-1.00" vehicleSum="0" meanSpeedWithin="-1.00" meanHaltsPerVehicleWithin="-1.00" meanDurationWithin="-1.00" vehicleSumWithin="0" meanIntervalSpeedWithin="-1.00" meanIntervalHaltsPerVehicleWithin="-1.00" meanIntervalDurationWithin="-1.00" meanTimeLossWithin="-1.00"/>
   <interval begin="2400.00" end="2700.00" id="首体路整体" meanTravelTime="184.77" meanOverlapTravelTime="185.18" meanSpeed="6.27" meanHaltsPerVehicle="1.49" meanTimeLoss="137.45" vehicleSum="130" meanSpeedWithin="4.40" meanHaltsPerVehicleWithin="1.57" meanDurationWithin="242.88" vehicleSumWithin="72" meanIntervalSpeedWithin="4.37" meanIntervalHaltsPerVehicleWithin="1.11" meanIntervalDurationWithin="137.46" meanTimeLossWithin="113.23"/>
   <interval begin="2400.00" end="2700.00" id="首体路与车公庄西" meanTravelTime="121.81" meanOverlapTravelTime="122.23" meanSpeed="8.12" meanHaltsPerVehicle="0.68" meanTimeLoss="91.39" vehicleSum="76" meanSpeedWithin="5.08" meanHaltsPerVehicleWithin="1.09" meanDurationWithin="87.47" vehicleSumWithin="22" meanIntervalSpeedWithin="5.08" meanIntervalHaltsPerVehicleWithin="1.09" meanIntervalDurationWithin="87.47" meanTimeLossWithin="71.48"/>
   <interval begin="2400.00" end="2700.00" id="首体路与增光路" meanTravelTime="109.65" meanOverlapTravelTime="110.09" meanSpeed="6.57" meanHaltsPerVehicle="0.99" meanTimeLoss="81.95" vehicleSum="92" meanSpeedWithin="4.47" meanHaltsPerVehicleWithin="1.61" meanDurationWithin="312.16" vehicleSumWithin="41" meanIntervalSpeedWithin="4.43" meanIntervalHaltsPerVehicleWithin="0.83" meanIntervalDurationWithin="127.76" meanTimeLossWithin="115.12"/>
   <interval begin="2400.00" end="2700.00" id="首体路与阜城路" meanTravelTime="82.49" meanOverlapTravelTime="82.93" meanSpeed="7.76" meanHaltsPerVehicle="0.83" meanTimeLoss="49.81" vehicleSum="66" meanSpeedWithin="6.26" meanHaltsPerVehicleWithin="0.79" meanDurationWithin="73.44" vehicleSumWithin="14" meanIntervalSpeedWithin="6.26" meanIntervalHaltsPerVehicleWithin="0.79" meanIntervalDurationWithin="73.44" meanTimeLossWithin="54.18"/>
   <interval begin="2400.00" end="2700.00" id="CAV_首体路整体" meanTravelTime="-1.00" meanOverlapTravelTime="-1.00" meanSpeed="-1.00" meanHaltsPerVehicle="-1.00" meanTimeLoss="-1.00" vehicleSum="0" meanSpeedWithin="-1.00" meanHaltsPerVehicleWithin="-1.00" meanDurationWithin="-1.00" vehicleSumWithin="0" meanIntervalSpeedWithin="-1.00" meanIntervalHaltsPerVehicleWithin="-1.00" meanIntervalDurationWithin="-1.00" meanTimeLossWithin="-1.00"/>
   <interval begin="2400.00" end="2700.00" id="CAV_首体路与车公庄西" meanTravelTime="-1.00" meanOverlapTravelTime="-1.00" meanSpeed="-1.00" meanHaltsPerVehicle="-1.00" meanTimeLoss="-1.00" vehicleSum="0" meanSpeedWithin="-1.00" meanHaltsPerVehicleWithin="-1.00" meanDurationWithin="-1.00" vehicleSumWithin="0" meanIntervalSpeedWithin="-1.00" meanIntervalHaltsPerVehicleWithin="-1.00" meanIntervalDurationWithin="-1.00" meanTimeLossWithin="-1.00"/>
   <interval begin="2400.00" end="2700.00" id="CAV_首体路与增光路" meanTravelTime="-1.00" meanOverlapTravelTime="-1.00" meanSpeed="-1.00" meanHaltsPerVehicle="-1.00" meanTimeLoss="-1.00" vehicleSum="0" meanSpeedWithin="-1.00" meanHaltsPerVehicleWithin="-1.00" meanDurationWithin="-1.00" vehicleSumWithin="0" meanIntervalSpeedWithin="-1.00" meanIntervalHaltsPerVehicleWithin="-1.00" meanIntervalDurationWithin="-1.00" meanTimeLossWithin="-1.00"/>
   <interval begin="2400.00" end="2700.00" id="CAV_首体路与阜城路" meanTravelTime="-1.00" meanOverlapTravelTime="-1.00" meanSpeed="-1.00" meanHaltsPerVehicle="-1.00" meanTimeLoss="-1.00" vehicleSum="0" meanSpeedWithin="-1.00" meanHaltsPerVehicleWithin="-1.00" meanDurationWithin="-1.00" vehicleSumWithin="0" meanIntervalSpeedWithin="-1.00" meanIntervalHaltsPerVehicleWithin="-1.00" meanIntervalDurationWithin="-1.00" meanTimeLossWithin="-1.00"/>
   <interval begin="2700.00" end="3000.00" id="首体路整体" meanTravelTime="159.88" meanOverlapTravelTime="160.27" meanSpeed="6.29" meanHaltsPerVehicle="1.50" meanTimeLoss="111.94" vehicleSum="118" meanSpeedWithin="3.51" meanHaltsPerVehicleWithin="1.59" meanDurationWithin="285.76" vehicleSumWithin="74" meanIntervalSpeedWithin="3.49" meanIntervalHaltsPerVehicleWithin="1.00" meanIntervalDurationWithin="154.09" meanTimeLossWithin="136.71"/>
   <interval begin="2700.00" end="3000.00" id="首体路与车公庄西" meanTravelTime="69.46" meanOverlapTravelTime="69.87" meanSpeed="8.47" meanHaltsPerVehicle="1.00" meanTimeLoss="38.82" vehicleSum="65" meanSpeedWithin="3.77" meanHaltsPerVehicleWithin="1.26" meanDurationWithin="207.48" vehicleSumWithin="19" meanIntervalSpeedWithin="3.78" meanIntervalHaltsPerVehicleWithin="0.89" meanIntervalDurationWithin="153.49" meanTimeLossWithin="141.25"/>
   <interval begin="2700.00" end="3000.00" id="首体路与增光路" meanTravelTime="122.55" meanOverlapTravelTime="122.93" meanSpeed="6.39" meanHaltsPerVehicle="0.88" meanTimeLoss="97.10" vehicleSum="85" meanSpeedWithin="3.92" meanHaltsPerVehicleWithin="1.48" meanDurationWithin="303.58" vehicleSumWithin="50" meanIntervalSpeedWithin="3.88" meanIntervalHaltsPerVehicleWithin="0.80" meanIntervalDurationWithin="135.55" meanTimeLossWithin="124.60"/>
   <interval begin="2700.00" end="3000.00" id="首体路与阜城路" meanTravelTime="79.22" meanOverlapTravelTime="79.60" meanSpeed="7.83" meanHaltsPerVehicle="0.81" meanTimeLoss="48.14" vehicleSum="57" meanSpeedWithin="7.79" meanHaltsPerVehicleWithin="0.64" meanDurationWithin="60.29" vehicleSumWithin="11" meanIntervalSpeedWithin="7.79" meanIntervalHaltsPerVehicleWithin="0.64" meanIntervalDurationWithin="60.29" meanTimeLossWithin="37.16"/>
   <interval begin="2700.00" end="3000.00" id="CAV_首体路整体" meanTravelTime="-1.00" meanOverlapTravelTime="-1.00" meanSpeed="-1.00" meanHaltsPerVehicle="-1.00" meanTimeLoss="-1.00" vehicleSum="0" meanSpeedWithin="-1.00" meanHaltsPerVehicleWithin="-1.00" meanDurationWithin="-1.00" vehicleSumWithin="0" meanIntervalSpeedWithin="-1.00" meanIntervalHaltsPerVehicleWithin="-1.00" meanIntervalDurationWithin="-1.00" meanTimeLossWithin="-1.00"/>
   <interval begin="2700.00" end="3000.00" id="CAV_首体路与车公庄西" meanTravelTime="-1.00" meanOverlapTravelTime="-1.00" meanSpeed="-1.00" meanHaltsPerVehicle="-1.00" meanTimeLoss="-1.00" vehicleSum="0" meanSpeedWithin="-1.00" meanHaltsPerVehicleWithin="-1.00" meanDurationWithin="-1.00" vehicleSumWithin="0" meanIntervalSpeedWithin="-1.00" meanIntervalHaltsPerVehicleWithin="-1.00" meanIntervalDurationWithin="-1.00" meanTimeLossWithin="-1.00"/>
   <interval begin="2700.00" end="3000.00" id="CAV_首体路与增光路" meanTravelTime="-1.00" meanOverlapTravelTime="-1.00" meanSpeed="-1.00" meanHaltsPerVehicle="-1.00" meanTimeLoss="-1.00" vehicleSum="0" meanSpeedWithin="-1.00" meanHaltsPerVehicleWithin="-1.00" meanDurationWithin="-1.00" vehicleSumWithin="0" meanIntervalSpeedWithin="-1.00" meanIntervalHaltsPerVehicleWithin="-1.00" meanIntervalDurationWithin="-1.00" meanTimeLossWithin="-1.00"/>
   <interval begin="2700.00" end="3000.00" id="CAV_首体路与阜城路" meanTravelTime="-1.00" meanOverlapTravelTime="-1.00" meanSpeed="-1.00" meanHaltsPerVehicle="-1.00" meanTimeLoss="-1.00" vehicleSum="0" meanSpeedWithin="-1.00" meanHaltsPerVehicleWithin="-1.00" meanDurationWithin="-1.00" vehicleSumWithin="0" meanIntervalSpeedWithin="-1.00" meanIntervalHaltsPerVehicleWithin="-1.00" meanIntervalDurationWithin="-1.00" meanTimeLossWithin="-1.00"/>
   <interval begin="3000.00" end="3300.00" id="首体路整体" meanTravelTime="190.76" meanOverlapTravelTime="191.18" meanSpeed="5.86" meanHaltsPerVehicle="1.33" meanTimeLoss="149.55" vehicleSum="135" meanSpeedWithin="4.64" meanHaltsPerVehicleWithin="1.61" meanDurationWithin="272.88" vehicleSumWithin="64" meanIntervalSpeedWithin="4.63" meanIntervalHaltsPerVehicleWithin="1.03" meanIntervalDurationWithin="130.12" meanTimeLossWithin="108.23"/>
   <interval begin="3000.00" end="3300.00" id="首体路与车公庄西" meanTravelTime="147.72" meanOverlapTravelTime="148.16" meanSpeed="7.68" meanHaltsPerVehicle="0.82" meanTimeLoss="118.14" vehicleSum="68" meanSpeedWithin="5.19" meanHaltsPerVehicleWithin="0.90" meanDurationWithin="97.14" vehicleSumWithin="20" meanIntervalSpeedWithin="5.19" meanIntervalHaltsPerVehicleWithin="0.90" meanIntervalDurationWithin="97.14" meanTimeLossWithin="83.07"/>
   <interval begin="3000.00" end="3300.00" id="首体路与增光路" meanTravelTime="124.86" meanOverlapTravelTime="125.29" meanSpeed="6.24" meanHaltsPerVehicle="0.87" meanTimeLoss="99.04" vehicleSum="103" meanSpeedWithin="4.20" meanHaltsPerVehicleWithin="1.72" meanDurationWithin="348.33" vehicleSumWithin="39" meanIntervalSpeedWithin="4.16" meanIntervalHaltsPerVehicleWithin="0.85" meanIntervalDurationWithin="129.17" meanTimeLossWithin="115.28"/>
   <interval begin="3000.00" end="3300.00" id="首体路与阜城路" meanTravelTime="73.99" meanOverlapTravelTime="74.45" meanSpeed="8.38" meanHaltsPerVehicle="0.75" meanTimeLoss="40.74" vehicleSum="57" meanSpeedWithin="7.75" meanHaltsPerVehicleWithin="0.77" meanDurationWithin="66.53" vehicleSumWithin="13" meanIntervalSpeedWithin="7.75" meanIntervalHaltsPerVehicleWithin="0.77" meanIntervalDurationWithin="66.53" meanTimeLossWithin="42.39"/>
   <interval begin="3000.00" end="3300.00" id="CAV_首体路整体" meanTravelTime="-1.00" meanOverlapTravelTime="-1.00" meanSpeed="-1.00" meanHaltsPerVehicle="-1.00" meanTimeLoss="-1.00" vehicleSum="0" meanSpeedWithin="-1.00" meanHaltsPerVehicleWithin="-1.00" meanDurationWithin="-1.00" vehicleSumWithin="0" meanIntervalSpeedWithin="-1.00" meanIntervalHaltsPerVehicleWithin="-1.00" meanIntervalDurationWithin="-1.00" meanTimeLossWithin="-1.00"/>
   <interval begin="3000.00" end="3300.00" id="CAV_首体路与车公庄西" meanTravelTime="-1.00" meanOverlapTravelTime="-1.00" meanSpeed="-1.00" meanHaltsPerVehicle="-1.00" meanTimeLoss="-1.00" vehicleSum="0" meanSpeedWithin="-1.00" meanHaltsPerVehicleWithin="-1.00" meanDurationWithin="-1.00" vehicleSumWithin="0" meanIntervalSpeedWithin="-1.00" meanIntervalHaltsPerVehicleWithin="-1.00" meanIntervalDurationWithin="-1.00" meanTimeLossWithin="-1.00"/>
   <interval begin="3000.00" end="3300.00" id="CAV_首体路与增光路" meanTravelTime="-1.00" meanOverlapTravelTime="-1.00" meanSpeed="-1.00" meanHaltsPerVehicle="-1.00" meanTimeLoss="-1.00" vehicleSum="0" meanSpeedWithin="-1.00" meanHaltsPerVehicleWithin="-1.00" meanDurationWithin="-1.00" vehicleSumWithin="0" meanIntervalSpeedWithin="-1.00" meanIntervalHaltsPerVehicleWithin="-1.00" meanIntervalDurationWithin="-1.00" meanTimeLossWithin="-1.00"/>
   <interval begin="3000.00" end="3300.00" id="CAV_首体路与阜城路" meanTravelTime="-1.00" meanOverlapTravelTime="-1.00" meanSpeed="-1.00" meanHaltsPerVehicle="-1.00" meanTimeLoss="-1.00" vehicleSum="0" meanSpeedWithin="-1.00" meanHaltsPerVehicleWithin="-1.00" meanDurationWithin="-1.00" vehicleSumWithin="0" meanIntervalSpeedWithin="-1.00" meanIntervalHaltsPerVehicleWithin="-1.00" meanIntervalDurationWithin="-1.00" meanTimeLossWithin="-1.00"/>
   <interval begin="3300.00" end="3600.00" id="首体路整体" meanTravelTime="180.00" meanOverlapTravelTime="180.41" meanSpeed="6.59" meanHaltsPerVehicle="1.45" meanTimeLoss="125.71" vehicleSum="110" meanSpeedWithin="5.09" meanHaltsPerVehicleWithin="1.65" meanDurationWithin="267.58" vehicleSumWithin="74" meanIntervalSpeedWithin="5.09" meanIntervalHaltsPerVehicleWithin="1.08" meanIntervalDurationWithin="131.22" meanTimeLossWithin="105.56"/>
   <interval begin="3300.00" end="3600.00" id="首体路与车公庄西" meanTravelTime="68.36" meanOverlapTravelTime="68.78" meanSpeed="8.82" meanHaltsPerVehicle="0.70" meanTimeLoss="36.33" vehicleSum="69" meanSpeedWithin="5.28" meanHaltsPerVehicleWithin="1.08" meanDurationWithin="153.82" vehicleSumWithin="25" meanIntervalSpeedWithin="5.29" meanIntervalHaltsPerVehicleWithin="0.84" meanIntervalDurationWithin="113.21" meanTimeLossWithin="99.35"/>
   <interval begin="3300.00" end="3600.00" id="首体路与增光路" meanTravelTime="109.11" meanOverlapTravelTime="109.53" meanSpeed="6.73" meanHaltsPerVehicle="0.83" meanTimeLoss="82.82" vehicleSum="100" meanSpeedWithin="4.49" meanHaltsPerVehicleWithin="1.93" meanDurationWithin="418.42" vehicleSumWithin="30" meanIntervalSpeedWithin="4.46" meanIntervalHaltsPerVehicleWithin="0.80" meanIntervalDurationWithin="125.62" meanTimeLossWithin="113.24"/>
   <interval begin="3300.00" end="3600.00" id="首体路与阜城路" meanTravelTime="106.76" meanOverlapTravelTime="107.18" meanSpeed="6.03" meanHaltsPerVehicle="0.80" meanTimeLoss="74.58" vehicleSum="61" meanSpeedWithin="8.38" meanHaltsPerVehicleWithin="0.81" meanDurationWithin="50.99" vehicleSumWithin="26" meanIntervalSpeedWithin="8.38" meanIntervalHaltsPerVehicleWithin="0.81" meanIntervalDurationWithin="50.99" meanTimeLossWithin="24.41"/>
   <interval begin="3300.00" end="3600.00" id="CAV_首体路整体" meanTravelTime="-1.00" meanOverlapTravelTime="-1.00" meanSpeed="-1.00" meanHaltsPerVehicle="-1.00" meanTimeLoss="-1.00" vehicleSum="0" meanSpeedWithin="-1.00" meanHaltsPerVehicleWithin="-1.00" meanDurationWithin="-1.00" vehicleSumWithin="0" meanIntervalSpeedWithin="-1.00" meanIntervalHaltsPerVehicleWithin="-1.00" meanIntervalDurationWithin="-1.00" meanTimeLossWithin="-1.00"/>
   <interval begin="3300.00" end="3600.00" id="CAV_首体路与车公庄西" meanTravelTime="-1.00" meanOverlapTravelTime="-1.00" meanSpeed="-1.00" meanHaltsPerVehicle="-1.00" meanTimeLoss="-1.00" vehicleSum="0" meanSpeedWithin="-1.00" meanHaltsPerVehicleWithin="-1.00" meanDurationWithin="-1.00" vehicleSumWithin="0" meanIntervalSpeedWithin="-1.00" meanIntervalHaltsPerVehicleWithin="-1.00" meanIntervalDurationWithin="-1.00" meanTimeLossWithin="-1.00"/>
   <interval begin="3300.00" end="3600.00" id="CAV_首体路与增光路" meanTravelTime="-1.00" meanOverlapTravelTime="-1.00" meanSpeed="-1.00" meanHaltsPerVehicle="-1.00" meanTimeLoss="-1.00" vehicleSum="0" meanSpeedWithin="-1.00" meanHaltsPerVehicleWithin="-1.00" meanDurationWithin="-1.00" vehicleSumWithin="0" meanIntervalSpeedWithin="-1.00" meanIntervalHaltsPerVehicleWithin="-1.00" meanIntervalDurationWithin="-1.00" meanTimeLossWithin="-1.00"/>
   <interval begin="3300.00" end="3600.00" id="CAV_首体路与阜城路" meanTravelTime="-1.00" meanOverlapTravelTime="-1.00" meanSpeed="-1.00" meanHaltsPerVehicle="-1.00" meanTimeLoss="-1.00" vehicleSum="0" meanSpeedWithin="-1.00" meanHaltsPerVehicleWithin="-1.00" meanDurationWithin="-1.00" vehicleSumWithin="0" meanIntervalSpeedWithin="-1.00" meanIntervalHaltsPerVehicleWithin="-1.00" meanIntervalDurationWithin="-1.00" meanTimeLossWithin="-1.00"/>
</e3Detector>
