<?xml version="1.0" encoding="UTF-8"?>

<!-- generated on 2024-04-29 11:42:00 by Eclipse SUMO GUI Version 1.19.0
<configuration xmlns:xsi="http://www.w3.org/2001/XMLSchema-instance" xsi:noNamespaceSchemaLocation="http://sumo.dlr.de/xsd/sumoConfiguration.xsd">

    <input>
        <net-file value="E:\bishe\现状仿真\3.4早高峰\4.net.xml"/>
        <route-files value="E:\bishe\现状仿真\3.4早高峰\v_vehs.rou.xml,E:\bishe\现状仿真\3.4早高峰\pedestrian.rou.xml,E:\bishe\现状仿真\3.4早高峰\bus.rou.xml"/>
        <additional-files value="E:\bishe\现状仿真\3.4早高峰\det_e3.add.xml,E:\bishe\现状仿真\3.4早高峰\det_e2.add.xml,E:\bishe\现状仿真\3.4早高峰\busstop_def.add.xml"/>
    </input>

    <output>
        <write-license value="false"/>
        <output-prefix value="OUTPUT-"/>
        <precision value="2"/>
        <human-readable-time value="false"/>
        <emission-output value="E:\bishe\现状仿真\3.4早高峰\output/data_emission.xml"/>
        <emission-output.precision value="2"/>
        <queue-output value="E:\bishe\现状仿真\3.4早高峰\output/data_Queue.xml"/>
        <queue-output.period value="300"/>
        <summary-output value="E:\bishe\现状仿真\3.4早高峰\output/data_summary.xml"/>
        <summary-output.period value="300"/>
        <person-summary-output value="E:\bishe\现状仿真\3.4早高峰\output/data_person_summary.xml"/>
        <personinfo-output value="E:\bishe\现状仿真\3.4早高峰\output/data_personinfo.xml"/>
        <collision-output value="E:\bishe\现状仿真\3.4早高峰\output/data_collision.xml"/>
        <edgedata-output value="E:\bishe\现状仿真\3.4早高峰\output/data_edges.xml"/>
        <lanedata-output value="E:\bishe\现状仿真\3.4早高峰\output/data_lanes.xml"/>
        <statistic-output value="E:\bishe\现状仿真\3.4早高峰\output/data_statistic.xml"/>
    </output>

    <time>
        <begin value="0"/>
        <end value="3600"/>
        <step-length value="1"/>
    </time>

    <processing>
        <no-internal-links value="false"/>
        <ignore-route-errors value="true"/>
        <collision.action value="teleport"/>
        <intermodal-collision.action value="warn"/>
        <collision.stoptime value="0"/>
        <intermodal-collision.stoptime value="0"/>
        <collision.check-junctions value="false"/>
        <max-num-vehicles value="-1"/>
        <max-num-teleports value="-1"/>
        <time-to-teleport value="300"/>
        <time-to-teleport.remove value="false"/>
        <waiting-time-memory value="100"/>
        <max-depart-delay value="-1"/>
        <random-depart-offset value="0"/>
        <lanechange.duration value="0"/>
        <lanechange.overtake-right value="false"/>
        <tls.all-off value="false"/>
        <tls.yellow.min-decel value="3"/>
    </processing>

    <routing>
        <routing-algorithm value="dijkstra"/>
    </routing>

    <report>
        <verbose value="true"/>
        <no-warnings value="true"/>
        <log value="E:\bishe\现状仿真\3.4早高峰\output/data_log.xml"/>
        <no-step-log value="true"/>
        <step-log.period value="300"/>
    </report>

    <emissions>
        <device.emissions.period value="300"/>
    </emissions>

    <mesoscopic>
        <mesosim value="false"/>
    </mesoscopic>

    <random_number>
        <random value="false"/>
        <seed value="23423"/>
    </random_number>

    <gui_only>
        <gui-settings-file value="E:\bishe\现状仿真\3.4早高峰\viewsettings.xml"/>
        <start value="false"/>
        <demo value="false"/>
        <window-size value="800,600"/>
        <window-pos value="100,100"/>
    </gui_only>

</configuration>
-->

<tripinfos xmlns:xsi="http://www.w3.org/2001/XMLSchema-instance" xsi:noNamespaceSchemaLocation="http://sumo.dlr.de/xsd/tripinfo_file.xsd">
    <personinfo id="walk1.0" depart="0.00" type="DEFAULT_PEDTYPE" speedFactor="1.01">
        <walk depart="0.00" departPos="0.00" arrival="67.00" arrivalPos="1.64" duration="67.00" routeLength="84.01" timeLoss="7.30" maxSpeed="1.41"/>
    </personinfo>
    <personinfo id="walk9.0" depart="0.00" type="DEFAULT_PEDTYPE" speedFactor="1.09">
        <walk depart="0.00" departPos="0.00" arrival="76.00" arrivalPos="48.80" duration="76.00" routeLength="101.94" timeLoss="8.45" maxSpeed="1.51"/>
    </personinfo>
    <personinfo id="walk10.1" depart="36.00" type="DEFAULT_PEDTYPE" speedFactor="0.99">
        <walk depart="36.00" departPos="0.00" arrival="90.00" arrivalPos="79.47" duration="54.00" routeLength="63.05" timeLoss="7.93" maxSpeed="1.37"/>
    </personinfo>
    <personinfo id="walk10.0" depart="0.00" type="DEFAULT_PEDTYPE" speedFactor="0.97">
        <walk depart="0.00" departPos="0.00" arrival="91.00" arrivalPos="79.47" duration="91.00" routeLength="63.05" timeLoss="44.21" maxSpeed="1.35"/>
    </personinfo>
    <personinfo id="walk1.1" depart="36.00" type="DEFAULT_PEDTYPE" speedFactor="1.02">
        <walk depart="36.00" departPos="0.00" arrival="103.00" arrivalPos="1.64" duration="67.00" routeLength="84.01" timeLoss="7.53" maxSpeed="1.41"/>
    </personinfo>
</tripinfos>
