<?xml version="1.0" encoding="UTF-8"?>

<!-- generated on 2024-04-29 11:42:00 by Eclipse SUMO GUI Version 1.19.0
<configuration xmlns:xsi="http://www.w3.org/2001/XMLSchema-instance" xsi:noNamespaceSchemaLocation="http://sumo.dlr.de/xsd/sumoConfiguration.xsd">

    <input>
        <net-file value="E:\bishe\现状仿真\3.4早高峰\4.net.xml"/>
        <route-files value="E:\bishe\现状仿真\3.4早高峰\v_vehs.rou.xml,E:\bishe\现状仿真\3.4早高峰\pedestrian.rou.xml,E:\bishe\现状仿真\3.4早高峰\bus.rou.xml"/>
        <additional-files value="E:\bishe\现状仿真\3.4早高峰\det_e3.add.xml,E:\bishe\现状仿真\3.4早高峰\det_e2.add.xml,E:\bishe\现状仿真\3.4早高峰\busstop_def.add.xml"/>
    </input>

    <output>
        <write-license value="false"/>
        <output-prefix value="OUTPUT-"/>
        <precision value="2"/>
        <human-readable-time value="false"/>
        <emission-output value="E:\bishe\现状仿真\3.4早高峰\output/data_emission.xml"/>
        <emission-output.precision value="2"/>
        <queue-output value="E:\bishe\现状仿真\3.4早高峰\output/data_Queue.xml"/>
        <queue-output.period value="300"/>
        <summary-output value="E:\bishe\现状仿真\3.4早高峰\output/data_summary.xml"/>
        <summary-output.period value="300"/>
        <person-summary-output value="E:\bishe\现状仿真\3.4早高峰\output/data_person_summary.xml"/>
        <personinfo-output value="E:\bishe\现状仿真\3.4早高峰\output/data_personinfo.xml"/>
        <collision-output value="E:\bishe\现状仿真\3.4早高峰\output/data_collision.xml"/>
        <edgedata-output value="E:\bishe\现状仿真\3.4早高峰\output/data_edges.xml"/>
        <lanedata-output value="E:\bishe\现状仿真\3.4早高峰\output/data_lanes.xml"/>
        <statistic-output value="E:\bishe\现状仿真\3.4早高峰\output/data_statistic.xml"/>
    </output>

    <time>
        <begin value="0"/>
        <end value="3600"/>
        <step-length value="1"/>
    </time>

    <processing>
        <no-internal-links value="false"/>
        <ignore-route-errors value="true"/>
        <collision.action value="teleport"/>
        <intermodal-collision.action value="warn"/>
        <collision.stoptime value="0"/>
        <intermodal-collision.stoptime value="0"/>
        <collision.check-junctions value="false"/>
        <max-num-vehicles value="-1"/>
        <max-num-teleports value="-1"/>
        <time-to-teleport value="300"/>
        <time-to-teleport.remove value="false"/>
        <waiting-time-memory value="100"/>
        <max-depart-delay value="-1"/>
        <random-depart-offset value="0"/>
        <lanechange.duration value="0"/>
        <lanechange.overtake-right value="false"/>
        <tls.all-off value="false"/>
        <tls.yellow.min-decel value="3"/>
    </processing>

    <routing>
        <routing-algorithm value="dijkstra"/>
    </routing>

    <report>
        <verbose value="true"/>
        <no-warnings value="true"/>
        <log value="E:\bishe\现状仿真\3.4早高峰\output/data_log.xml"/>
        <no-step-log value="true"/>
        <step-log.period value="300"/>
    </report>

    <emissions>
        <device.emissions.period value="300"/>
    </emissions>

    <mesoscopic>
        <mesosim value="false"/>
    </mesoscopic>

    <random_number>
        <random value="false"/>
        <seed value="23423"/>
    </random_number>

    <gui_only>
        <gui-settings-file value="E:\bishe\现状仿真\3.4早高峰\viewsettings.xml"/>
        <start value="false"/>
        <demo value="false"/>
        <window-size value="800,600"/>
        <window-pos value="100,100"/>
    </gui_only>

</configuration>
-->

<meandata xmlns:xsi="http://www.w3.org/2001/XMLSchema-instance" xsi:noNamespaceSchemaLocation="http://sumo.dlr.de/xsd/meandata_file.xsd">
    <interval begin="0.00" end="111.00" id="DEFAULT_EDGEDATA">
        <edge id="E10" sampledSeconds="175.54" traveltime="18.33" overlapTraveltime="18.85" density="8.81" laneDensity="1.10" occupancy="0.65" waitingTime="0.00" timeLoss="36.86" speed="9.84" speedRelative="0.71" departed="11" arrived="0" entered="0" left="9" laneChangedFrom="4" laneChangedTo="4"/>
        <edge id="E11" sampledSeconds="16.12" traveltime="1.28" overlapTraveltime="1.88" density="9.75" laneDensity="1.22" occupancy="0.55" waitingTime="0.00" timeLoss="1.24" speed="11.40" speedRelative="0.82" departed="0" arrived="0" entered="9" left="9" laneChangedFrom="3" laneChangedTo="3"/>
        <edge id="E12" sampledSeconds="12.16" traveltime="0.84" overlapTraveltime="1.42" density="11.20" laneDensity="1.40" occupancy="0.53" waitingTime="0.00" timeLoss="0.76" speed="11.51" speedRelative="0.83" departed="0" arrived="0" entered="9" left="9" laneChangedFrom="1" laneChangedTo="1"/>
        <edge id="E13" sampledSeconds="201.22" traveltime="22.53" overlapTraveltime="23.47" density="31.11" laneDensity="3.46" occupancy="1.78" waitingTime="147.00" timeLoss="157.31" speed="2.71" speedRelative="0.19" departed="0" arrived="0" entered="9" left="5" laneChangedFrom="0" laneChangedTo="0"/>
        <edge id="E16" sampledSeconds="142.35" traveltime="34.71" overlapTraveltime="35.66" density="3.51" laneDensity="0.44" occupancy="0.40" waitingTime="0.00" timeLoss="5.53" speed="10.50" speedRelative="0.76" departed="0" arrived="0" entered="4" left="4" laneChangedFrom="3" laneChangedTo="3"/>
        <edge id="E17" sampledSeconds="60.78" traveltime="15.13" overlapTraveltime="17.45" density="9.47" laneDensity="1.05" occupancy="1.11" waitingTime="34.00" timeLoss="39.12" speed="3.94" speedRelative="0.28" departed="0" arrived="0" entered="4" left="2" laneChangedFrom="1" laneChangedTo="1"/>
        <edge id="E18" sampledSeconds="482.52" traveltime="61.06" overlapTraveltime="65.06" density="56.97" laneDensity="14.24" occupancy="7.09" waitingTime="407.00" timeLoss="434.98" speed="1.25" speedRelative="0.09" departed="0" arrived="0" entered="10" left="0" laneChangedFrom="3" laneChangedTo="3"/>
        <edge id="E19" sampledSeconds="197.58" traveltime="18.10" overlapTraveltime="18.52" density="9.66" laneDensity="3.22" occupancy="1.59" waitingTime="0.00" timeLoss="40.42" speed="10.22" speedRelative="0.74" departed="12" arrived="0" entered="0" left="10" laneChangedFrom="0" laneChangedTo="0"/>
        <edge id="E20" sampledSeconds="6.87" traveltime="6.71" overlapTraveltime="7.11" density="0.81" laneDensity="0.27" occupancy="0.13" waitingTime="0.00" timeLoss="1.10" speed="11.47" speedRelative="0.83" departed="0" arrived="0" entered="1" left="1" laneChangedFrom="0" laneChangedTo="0"/>
        <edge id="E22" sampledSeconds="169.27" traveltime="40.91" overlapTraveltime="44.52" density="35.19" laneDensity="8.80" occupancy="4.37" waitingTime="149.00" timeLoss="156.29" speed="1.09" speedRelative="0.08" departed="0" arrived="0" entered="5" left="1" laneChangedFrom="0" laneChangedTo="0"/>
        <edge id="E23" sampledSeconds="94.17" traveltime="18.90" overlapTraveltime="19.28" density="3.91" laneDensity="1.30" occupancy="0.64" waitingTime="0.00" timeLoss="17.96" speed="11.53" speedRelative="0.83" departed="6" arrived="0" entered="0" left="5" laneChangedFrom="0" laneChangedTo="0"/>
        <edge id="E26" sampledSeconds="12.87" traveltime="6.61" overlapTraveltime="7.98" density="2.95" laneDensity="0.37" occupancy="0.27" waitingTime="0.00" timeLoss="6.06" speed="5.95" speedRelative="0.43" departed="0" arrived="0" entered="2" left="0" laneChangedFrom="0" laneChangedTo="0"/>
        <edge id="E27" sampledSeconds="97.98" traveltime="40.39" overlapTraveltime="41.28" density="2.07" laneDensity="0.30" occupancy="0.25" waitingTime="0.00" timeLoss="8.73" speed="10.55" speedRelative="0.76" departed="0" arrived="0" entered="3" left="2" laneChangedFrom="5" laneChangedTo="5"/>
        <edge id="E29" sampledSeconds="55.54" traveltime="27.39" overlapTraveltime="27.77" density="1.34" laneDensity="0.17" occupancy="0.08" waitingTime="0.00" timeLoss="3.14" speed="13.66" speedRelative="0.98" departed="0" arrived="0" entered="2" left="2" laneChangedFrom="1" laneChangedTo="1"/>
        <edge id="E3" sampledSeconds="162.68" traveltime="14.14" overlapTraveltime="14.65" density="10.48" laneDensity="1.50" occupancy="0.87" waitingTime="0.00" timeLoss="41.32" speed="9.95" speedRelative="0.72" departed="12" arrived="0" entered="0" left="11" laneChangedFrom="10" laneChangedTo="10"/>
        <edge id="E30" sampledSeconds="13.95" traveltime="6.54" overlapTraveltime="6.97" density="1.40" laneDensity="0.16" occupancy="0.07" waitingTime="0.00" timeLoss="0.61" speed="13.59" speedRelative="0.98" departed="0" arrived="0" entered="2" left="2" laneChangedFrom="0" laneChangedTo="0"/>
        <edge id="E33" sampledSeconds="204.85" traveltime="29.71" overlapTraveltime="30.66" density="9.66" laneDensity="1.61" occupancy="1.44" waitingTime="0.00" timeLoss="33.28" speed="6.52" speedRelative="0.47" departed="7" arrived="0" entered="0" left="7" laneChangedFrom="5" laneChangedTo="5"/>
        <edge id="E34" sampledSeconds="66.07" traveltime="10.33" overlapTraveltime="11.21" density="7.22" laneDensity="1.03" occupancy="0.68" waitingTime="15.00" timeLoss="21.10" speed="7.99" speedRelative="0.58" departed="0" arrived="0" entered="7" left="5" laneChangedFrom="1" laneChangedTo="1"/>
        <edge id="E35" sampledSeconds="77.21" traveltime="21.93" overlapTraveltime="22.33" density="2.54" laneDensity="0.36" occupancy="0.18" waitingTime="0.00" timeLoss="7.86" speed="12.49" speedRelative="0.90" departed="0" arrived="3" entered="4" left="0" laneChangedFrom="1" laneChangedTo="1"/>
        <edge id="E36" sampledSeconds="19.07" traveltime="19.01" overlapTraveltime="19.35" density="0.63" laneDensity="0.08" occupancy="0.04" waitingTime="0.00" timeLoss="0.69" speed="14.45" speedRelative="1.04" departed="0" arrived="1" entered="1" left="0" laneChangedFrom="0" laneChangedTo="0"/>
        <edge id="E37" sampledSeconds="259.21" traveltime="58.47" overlapTraveltime="61.01" density="12.74" laneDensity="1.82" occupancy="1.92" waitingTime="162.00" timeLoss="187.12" speed="3.18" speedRelative="0.23" departed="5" arrived="0" entered="0" left="3" laneChangedFrom="0" laneChangedTo="0"/>
        <edge id="E38" sampledSeconds="68.24" traveltime="23.46" overlapTraveltime="24.42" density="6.84" laneDensity="0.86" occupancy="0.42" waitingTime="44.00" timeLoss="48.18" speed="3.88" speedRelative="0.28" departed="0" arrived="0" entered="3" left="1" laneChangedFrom="0" laneChangedTo="0"/>
        <edge id="E4" sampledSeconds="116.53" traveltime="10.11" overlapTraveltime="11.30" density="20.51" laneDensity="2.93" occupancy="2.67" waitingTime="0.00" timeLoss="9.14" speed="5.36" speedRelative="0.39" departed="0" arrived="0" entered="11" left="11" laneChangedFrom="1" laneChangedTo="1"/>
        <edge id="E5" sampledSeconds="448.65" traveltime="43.21" overlapTraveltime="44.70" density="59.62" laneDensity="7.45" occupancy="3.86" waitingTime="348.00" timeLoss="393.34" speed="1.63" speedRelative="0.12" departed="0" arrived="0" entered="11" left="9" laneChangedFrom="8" laneChangedTo="8"/>
        <edge id="E6" sampledSeconds="13.12" traveltime="20.74" overlapTraveltime="21.12" density="0.44" laneDensity="0.06" occupancy="0.03" waitingTime="0.00" timeLoss="1.64" speed="13.06" speedRelative="0.94" departed="0" arrived="0" entered="4" left="0" laneChangedFrom="0" laneChangedTo="0"/>
        <edge id="E7" sampledSeconds="25.69" traveltime="24.27" overlapTraveltime="24.71" density="0.86" laneDensity="0.12" occupancy="0.06" waitingTime="0.00" timeLoss="1.70" speed="11.13" speedRelative="0.80" departed="0" arrived="1" entered="3" left="0" laneChangedFrom="1" laneChangedTo="1"/>
        <edge id="E8" sampledSeconds="254.96" traveltime="23.65" overlapTraveltime="24.34" density="9.77" laneDensity="1.63" occupancy="1.08" waitingTime="0.00" timeLoss="47.88" speed="9.94" speedRelative="0.72" departed="12" arrived="0" entered="0" left="10" laneChangedFrom="6" laneChangedTo="6"/>
        <edge id="E9" sampledSeconds="438.94" traveltime="45.72" overlapTraveltime="48.35" density="111.64" laneDensity="18.61" occupancy="11.30" waitingTime="361.00" timeLoss="407.36" speed="0.86" speedRelative="0.06" departed="0" arrived="0" entered="10" left="6" laneChangedFrom="1" laneChangedTo="1"/>
    </interval>
</meandata>
