<?xml version="1.0" encoding="UTF-8"?>

<!-- generated on 2024-04-29 21:37:03 by Eclipse SUMO GUI Version 1.19.0
<configuration xmlns:xsi="http://www.w3.org/2001/XMLSchema-instance" xsi:noNamespaceSchemaLocation="http://sumo.dlr.de/xsd/sumoConfiguration.xsd">

    <input>
        <net-file value="C:\Users\10539\Documents\BaiduNetdiskWorkspace\Python项目\Python绘图\本科毕业设计\交叉口模型参数分析\jmCrossingGap\3.4晚高峰（jmCrossingGap=0）\4.net.xml"/>
        <route-files value="C:\Users\10539\Documents\BaiduNetdiskWorkspace\Python项目\Python绘图\本科毕业设计\交叉口模型参数分析\jmCrossingGap\3.4晚高峰（jmCrossingGap=0）\v_vehs.rou.xml,C:\Users\10539\Documents\BaiduNetdiskWorkspace\Python项目\Python绘图\本科毕业设计\交叉口模型参数分析\jmCrossingGap\3.4晚高峰（jmCrossingGap=0）\pedestrian.rou.xml,C:\Users\10539\Documents\BaiduNetdiskWorkspace\Python项目\Python绘图\本科毕业设计\交叉口模型参数分析\jmCrossingGap\3.4晚高峰（jmCrossingGap=0）\bus.rou.xml"/>
        <additional-files value="C:\Users\10539\Documents\BaiduNetdiskWorkspace\Python项目\Python绘图\本科毕业设计\交叉口模型参数分析\jmCrossingGap\3.4晚高峰（jmCrossingGap=0）\det_e3.add.xml,C:\Users\10539\Documents\BaiduNetdiskWorkspace\Python项目\Python绘图\本科毕业设计\交叉口模型参数分析\jmCrossingGap\3.4晚高峰（jmCrossingGap=0）\det_e2.add.xml,C:\Users\10539\Documents\BaiduNetdiskWorkspace\Python项目\Python绘图\本科毕业设计\交叉口模型参数分析\jmCrossingGap\3.4晚高峰（jmCrossingGap=0）\busstop_def.add.xml"/>
    </input>

    <output>
        <write-license value="false"/>
        <output-prefix value="OUTPUT-"/>
        <precision value="2"/>
        <human-readable-time value="false"/>
        <emission-output value="C:\Users\10539\Documents\BaiduNetdiskWorkspace\Python项目\Python绘图\本科毕业设计\交叉口模型参数分析\jmCrossingGap\3.4晚高峰（jmCrossingGap=0）\output/data_emission.xml"/>
        <emission-output.precision value="2"/>
        <queue-output value="C:\Users\10539\Documents\BaiduNetdiskWorkspace\Python项目\Python绘图\本科毕业设计\交叉口模型参数分析\jmCrossingGap\3.4晚高峰（jmCrossingGap=0）\output/data_Queue.xml"/>
        <queue-output.period value="300"/>
        <summary-output value="C:\Users\10539\Documents\BaiduNetdiskWorkspace\Python项目\Python绘图\本科毕业设计\交叉口模型参数分析\jmCrossingGap\3.4晚高峰（jmCrossingGap=0）\output/data_summary.xml"/>
        <summary-output.period value="300"/>
        <person-summary-output value="C:\Users\10539\Documents\BaiduNetdiskWorkspace\Python项目\Python绘图\本科毕业设计\交叉口模型参数分析\jmCrossingGap\3.4晚高峰（jmCrossingGap=0）\output/data_person_summary.xml"/>
        <personinfo-output value="C:\Users\10539\Documents\BaiduNetdiskWorkspace\Python项目\Python绘图\本科毕业设计\交叉口模型参数分析\jmCrossingGap\3.4晚高峰（jmCrossingGap=0）\output/data_personinfo.xml"/>
        <collision-output value="C:\Users\10539\Documents\BaiduNetdiskWorkspace\Python项目\Python绘图\本科毕业设计\交叉口模型参数分析\jmCrossingGap\3.4晚高峰（jmCrossingGap=0）\output/data_collision.xml"/>
        <edgedata-output value="C:\Users\10539\Documents\BaiduNetdiskWorkspace\Python项目\Python绘图\本科毕业设计\交叉口模型参数分析\jmCrossingGap\3.4晚高峰（jmCrossingGap=0）\output/data_edges.xml"/>
        <lanedata-output value="C:\Users\10539\Documents\BaiduNetdiskWorkspace\Python项目\Python绘图\本科毕业设计\交叉口模型参数分析\jmCrossingGap\3.4晚高峰（jmCrossingGap=0）\output/data_lanes.xml"/>
        <statistic-output value="C:\Users\10539\Documents\BaiduNetdiskWorkspace\Python项目\Python绘图\本科毕业设计\交叉口模型参数分析\jmCrossingGap\3.4晚高峰（jmCrossingGap=0）\output/data_statistic.xml"/>
    </output>

    <time>
        <begin value="0"/>
        <end value="3600"/>
        <step-length value="1"/>
    </time>

    <processing>
        <no-internal-links value="false"/>
        <ignore-route-errors value="true"/>
        <collision.action value="teleport"/>
        <intermodal-collision.action value="warn"/>
        <collision.stoptime value="0"/>
        <intermodal-collision.stoptime value="0"/>
        <collision.check-junctions value="false"/>
        <max-num-vehicles value="-1"/>
        <max-num-teleports value="-1"/>
        <time-to-teleport value="300"/>
        <time-to-teleport.remove value="false"/>
        <waiting-time-memory value="100"/>
        <max-depart-delay value="-1"/>
        <random-depart-offset value="0"/>
        <lanechange.duration value="0"/>
        <lanechange.overtake-right value="false"/>
        <tls.all-off value="false"/>
        <tls.yellow.min-decel value="3"/>
    </processing>

    <routing>
        <routing-algorithm value="dijkstra"/>
    </routing>

    <report>
        <verbose value="true"/>
        <no-warnings value="true"/>
        <log value="C:\Users\10539\Documents\BaiduNetdiskWorkspace\Python项目\Python绘图\本科毕业设计\交叉口模型参数分析\jmCrossingGap\3.4晚高峰（jmCrossingGap=0）\output/data_log.xml"/>
        <no-step-log value="true"/>
        <step-log.period value="300"/>
    </report>

    <emissions>
        <device.emissions.period value="300"/>
    </emissions>

    <mesoscopic>
        <mesosim value="false"/>
    </mesoscopic>

    <random_number>
        <random value="false"/>
        <seed value="23423"/>
    </random_number>

    <gui_only>
        <gui-settings-file value="C:\Users\10539\Documents\BaiduNetdiskWorkspace\Python项目\Python绘图\本科毕业设计\交叉口模型参数分析\jmCrossingGap\3.4晚高峰（jmCrossingGap=0）\viewsettings.xml"/>
        <start value="false"/>
        <demo value="false"/>
        <window-size value="800,600"/>
        <window-pos value="100,100"/>
    </gui_only>

</configuration>
-->

<e3Detector xmlns:xsi="http://www.w3.org/2001/XMLSchema-instance" xsi:noNamespaceSchemaLocation="http://sumo.dlr.de/xsd/det_e3_file.xsd">
   <interval begin="0.00" end="300.00" id="首体路整体" meanTravelTime="77.74" meanOverlapTravelTime="78.18" meanSpeed="8.72" meanHaltsPerVehicle="0.65" meanTimeLoss="35.85" vehicleSum="54" meanSpeedWithin="5.43" meanHaltsPerVehicleWithin="1.28" meanDurationWithin="119.35" vehicleSumWithin="67" meanIntervalSpeedWithin="5.43" meanIntervalHaltsPerVehicleWithin="1.28" meanIntervalDurationWithin="119.35" meanTimeLossWithin="87.51"/>
   <interval begin="0.00" end="300.00" id="首体路与车公庄西" meanTravelTime="41.84" meanOverlapTravelTime="42.30" meanSpeed="10.64" meanHaltsPerVehicle="0.36" meanTimeLoss="10.97" vehicleSum="39" meanSpeedWithin="4.33" meanHaltsPerVehicleWithin="1.10" meanDurationWithin="108.97" vehicleSumWithin="20" meanIntervalSpeedWithin="4.33" meanIntervalHaltsPerVehicleWithin="1.10" meanIntervalDurationWithin="108.97" meanTimeLossWithin="91.33"/>
   <interval begin="0.00" end="300.00" id="首体路与增光路" meanTravelTime="59.89" meanOverlapTravelTime="60.35" meanSpeed="8.40" meanHaltsPerVehicle="0.49" meanTimeLoss="33.43" vehicleSum="59" meanSpeedWithin="5.48" meanHaltsPerVehicleWithin="0.81" meanDurationWithin="87.14" vehicleSumWithin="26" meanIntervalSpeedWithin="5.48" meanIntervalHaltsPerVehicleWithin="0.81" meanIntervalDurationWithin="87.14" meanTimeLossWithin="69.47"/>
   <interval begin="0.00" end="300.00" id="首体路与阜城路" meanTravelTime="72.03" meanOverlapTravelTime="72.53" meanSpeed="8.43" meanHaltsPerVehicle="0.61" meanTimeLoss="36.86" vehicleSum="31" meanSpeedWithin="7.46" meanHaltsPerVehicleWithin="1.04" meanDurationWithin="63.04" vehicleSumWithin="26" meanIntervalSpeedWithin="7.46" meanIntervalHaltsPerVehicleWithin="1.04" meanIntervalDurationWithin="63.04" meanTimeLossWithin="40.13"/>
   <interval begin="0.00" end="300.00" id="CAV_首体路整体" meanTravelTime="-1.00" meanOverlapTravelTime="-1.00" meanSpeed="-1.00" meanHaltsPerVehicle="-1.00" meanTimeLoss="-1.00" vehicleSum="0" meanSpeedWithin="-1.00" meanHaltsPerVehicleWithin="-1.00" meanDurationWithin="-1.00" vehicleSumWithin="0" meanIntervalSpeedWithin="-1.00" meanIntervalHaltsPerVehicleWithin="-1.00" meanIntervalDurationWithin="-1.00" meanTimeLossWithin="-1.00"/>
   <interval begin="0.00" end="300.00" id="CAV_首体路与车公庄西" meanTravelTime="-1.00" meanOverlapTravelTime="-1.00" meanSpeed="-1.00" meanHaltsPerVehicle="-1.00" meanTimeLoss="-1.00" vehicleSum="0" meanSpeedWithin="-1.00" meanHaltsPerVehicleWithin="-1.00" meanDurationWithin="-1.00" vehicleSumWithin="0" meanIntervalSpeedWithin="-1.00" meanIntervalHaltsPerVehicleWithin="-1.00" meanIntervalDurationWithin="-1.00" meanTimeLossWithin="-1.00"/>
   <interval begin="0.00" end="300.00" id="CAV_首体路与增光路" meanTravelTime="-1.00" meanOverlapTravelTime="-1.00" meanSpeed="-1.00" meanHaltsPerVehicle="-1.00" meanTimeLoss="-1.00" vehicleSum="0" meanSpeedWithin="-1.00" meanHaltsPerVehicleWithin="-1.00" meanDurationWithin="-1.00" vehicleSumWithin="0" meanIntervalSpeedWithin="-1.00" meanIntervalHaltsPerVehicleWithin="-1.00" meanIntervalDurationWithin="-1.00" meanTimeLossWithin="-1.00"/>
   <interval begin="0.00" end="300.00" id="CAV_首体路与阜城路" meanTravelTime="-1.00" meanOverlapTravelTime="-1.00" meanSpeed="-1.00" meanHaltsPerVehicle="-1.00" meanTimeLoss="-1.00" vehicleSum="0" meanSpeedWithin="-1.00" meanHaltsPerVehicleWithin="-1.00" meanDurationWithin="-1.00" vehicleSumWithin="0" meanIntervalSpeedWithin="-1.00" meanIntervalHaltsPerVehicleWithin="-1.00" meanIntervalDurationWithin="-1.00" meanTimeLossWithin="-1.00"/>
   <interval begin="300.00" end="600.00" id="首体路整体" meanTravelTime="137.43" meanOverlapTravelTime="137.83" meanSpeed="6.32" meanHaltsPerVehicle="1.38" meanTimeLoss="92.02" vehicleSum="121" meanSpeedWithin="5.08" meanHaltsPerVehicleWithin="1.18" meanDurationWithin="167.22" vehicleSumWithin="60" meanIntervalSpeedWithin="5.11" meanIntervalHaltsPerVehicleWithin="1.03" meanIntervalDurationWithin="142.77" meanTimeLossWithin="112.35"/>
   <interval begin="300.00" end="600.00" id="首体路与车公庄西" meanTravelTime="70.26" meanOverlapTravelTime="70.68" meanSpeed="8.64" meanHaltsPerVehicle="0.84" meanTimeLoss="38.69" vehicleSum="61" meanSpeedWithin="4.22" meanHaltsPerVehicleWithin="1.14" meanDurationWithin="190.40" vehicleSumWithin="29" meanIntervalSpeedWithin="4.23" meanIntervalHaltsPerVehicleWithin="0.90" meanIntervalDurationWithin="152.78" meanTimeLossWithin="133.76"/>
   <interval begin="300.00" end="600.00" id="首体路与增光路" meanTravelTime="98.10" meanOverlapTravelTime="98.49" meanSpeed="6.05" meanHaltsPerVehicle="0.86" meanTimeLoss="72.79" vehicleSum="88" meanSpeedWithin="6.42" meanHaltsPerVehicleWithin="0.70" meanDurationWithin="71.27" vehicleSumWithin="23" meanIntervalSpeedWithin="6.42" meanIntervalHaltsPerVehicleWithin="0.70" meanIntervalDurationWithin="71.27" meanTimeLossWithin="53.82"/>
   <interval begin="300.00" end="600.00" id="首体路与阜城路" meanTravelTime="79.53" meanOverlapTravelTime="79.94" meanSpeed="7.49" meanHaltsPerVehicle="0.78" meanTimeLoss="47.76" vehicleSum="60" meanSpeedWithin="7.11" meanHaltsPerVehicleWithin="0.58" meanDurationWithin="75.97" vehicleSumWithin="12" meanIntervalSpeedWithin="7.11" meanIntervalHaltsPerVehicleWithin="0.58" meanIntervalDurationWithin="75.97" meanTimeLossWithin="55.82"/>
   <interval begin="300.00" end="600.00" id="CAV_首体路整体" meanTravelTime="-1.00" meanOverlapTravelTime="-1.00" meanSpeed="-1.00" meanHaltsPerVehicle="-1.00" meanTimeLoss="-1.00" vehicleSum="0" meanSpeedWithin="-1.00" meanHaltsPerVehicleWithin="-1.00" meanDurationWithin="-1.00" vehicleSumWithin="0" meanIntervalSpeedWithin="-1.00" meanIntervalHaltsPerVehicleWithin="-1.00" meanIntervalDurationWithin="-1.00" meanTimeLossWithin="-1.00"/>
   <interval begin="300.00" end="600.00" id="CAV_首体路与车公庄西" meanTravelTime="-1.00" meanOverlapTravelTime="-1.00" meanSpeed="-1.00" meanHaltsPerVehicle="-1.00" meanTimeLoss="-1.00" vehicleSum="0" meanSpeedWithin="-1.00" meanHaltsPerVehicleWithin="-1.00" meanDurationWithin="-1.00" vehicleSumWithin="0" meanIntervalSpeedWithin="-1.00" meanIntervalHaltsPerVehicleWithin="-1.00" meanIntervalDurationWithin="-1.00" meanTimeLossWithin="-1.00"/>
   <interval begin="300.00" end="600.00" id="CAV_首体路与增光路" meanTravelTime="-1.00" meanOverlapTravelTime="-1.00" meanSpeed="-1.00" meanHaltsPerVehicle="-1.00" meanTimeLoss="-1.00" vehicleSum="0" meanSpeedWithin="-1.00" meanHaltsPerVehicleWithin="-1.00" meanDurationWithin="-1.00" vehicleSumWithin="0" meanIntervalSpeedWithin="-1.00" meanIntervalHaltsPerVehicleWithin="-1.00" meanIntervalDurationWithin="-1.00" meanTimeLossWithin="-1.00"/>
   <interval begin="300.00" end="600.00" id="CAV_首体路与阜城路" meanTravelTime="-1.00" meanOverlapTravelTime="-1.00" meanSpeed="-1.00" meanHaltsPerVehicle="-1.00" meanTimeLoss="-1.00" vehicleSum="0" meanSpeedWithin="-1.00" meanHaltsPerVehicleWithin="-1.00" meanDurationWithin="-1.00" vehicleSumWithin="0" meanIntervalSpeedWithin="-1.00" meanIntervalHaltsPerVehicleWithin="-1.00" meanIntervalDurationWithin="-1.00" meanTimeLossWithin="-1.00"/>
   <interval begin="600.00" end="900.00" id="首体路整体" meanTravelTime="147.77" meanOverlapTravelTime="148.20" meanSpeed="6.83" meanHaltsPerVehicle="1.02" meanTimeLoss="106.53" vehicleSum="125" meanSpeedWithin="4.99" meanHaltsPerVehicleWithin="1.35" meanDurationWithin="161.29" vehicleSumWithin="54" meanIntervalSpeedWithin="4.94" meanIntervalHaltsPerVehicleWithin="1.24" meanIntervalDurationWithin="152.16" meanTimeLossWithin="115.38"/>
   <interval begin="600.00" end="900.00" id="首体路与车公庄西" meanTravelTime="123.17" meanOverlapTravelTime="123.60" meanSpeed="7.40" meanHaltsPerVehicle="0.80" meanTimeLoss="93.13" vehicleSum="75" meanSpeedWithin="7.44" meanHaltsPerVehicleWithin="0.58" meanDurationWithin="73.44" vehicleSumWithin="24" meanIntervalSpeedWithin="7.44" meanIntervalHaltsPerVehicleWithin="0.58" meanIntervalDurationWithin="73.44" meanTimeLossWithin="54.90"/>
   <interval begin="600.00" end="900.00" id="首体路与增光路" meanTravelTime="84.94" meanOverlapTravelTime="85.39" meanSpeed="7.33" meanHaltsPerVehicle="0.60" meanTimeLoss="58.14" vehicleSum="91" meanSpeedWithin="6.58" meanHaltsPerVehicleWithin="0.83" meanDurationWithin="111.31" vehicleSumWithin="24" meanIntervalSpeedWithin="6.51" meanIntervalHaltsPerVehicleWithin="0.75" meanIntervalDurationWithin="98.41" meanTimeLossWithin="83.46"/>
   <interval begin="600.00" end="900.00" id="首体路与阜城路" meanTravelTime="85.74" meanOverlapTravelTime="86.18" meanSpeed="7.48" meanHaltsPerVehicle="0.81" meanTimeLoss="53.29" vehicleSum="57" meanSpeedWithin="9.07" meanHaltsPerVehicleWithin="0.45" meanDurationWithin="50.09" vehicleSumWithin="11" meanIntervalSpeedWithin="9.07" meanIntervalHaltsPerVehicleWithin="0.45" meanIntervalDurationWithin="50.09" meanTimeLossWithin="34.36"/>
   <interval begin="600.00" end="900.00" id="CAV_首体路整体" meanTravelTime="-1.00" meanOverlapTravelTime="-1.00" meanSpeed="-1.00" meanHaltsPerVehicle="-1.00" meanTimeLoss="-1.00" vehicleSum="0" meanSpeedWithin="-1.00" meanHaltsPerVehicleWithin="-1.00" meanDurationWithin="-1.00" vehicleSumWithin="0" meanIntervalSpeedWithin="-1.00" meanIntervalHaltsPerVehicleWithin="-1.00" meanIntervalDurationWithin="-1.00" meanTimeLossWithin="-1.00"/>
   <interval begin="600.00" end="900.00" id="CAV_首体路与车公庄西" meanTravelTime="-1.00" meanOverlapTravelTime="-1.00" meanSpeed="-1.00" meanHaltsPerVehicle="-1.00" meanTimeLoss="-1.00" vehicleSum="0" meanSpeedWithin="-1.00" meanHaltsPerVehicleWithin="-1.00" meanDurationWithin="-1.00" vehicleSumWithin="0" meanIntervalSpeedWithin="-1.00" meanIntervalHaltsPerVehicleWithin="-1.00" meanIntervalDurationWithin="-1.00" meanTimeLossWithin="-1.00"/>
   <interval begin="600.00" end="900.00" id="CAV_首体路与增光路" meanTravelTime="-1.00" meanOverlapTravelTime="-1.00" meanSpeed="-1.00" meanHaltsPerVehicle="-1.00" meanTimeLoss="-1.00" vehicleSum="0" meanSpeedWithin="-1.00" meanHaltsPerVehicleWithin="-1.00" meanDurationWithin="-1.00" vehicleSumWithin="0" meanIntervalSpeedWithin="-1.00" meanIntervalHaltsPerVehicleWithin="-1.00" meanIntervalDurationWithin="-1.00" meanTimeLossWithin="-1.00"/>
   <interval begin="600.00" end="900.00" id="CAV_首体路与阜城路" meanTravelTime="-1.00" meanOverlapTravelTime="-1.00" meanSpeed="-1.00" meanHaltsPerVehicle="-1.00" meanTimeLoss="-1.00" vehicleSum="0" meanSpeedWithin="-1.00" meanHaltsPerVehicleWithin="-1.00" meanDurationWithin="-1.00" vehicleSumWithin="0" meanIntervalSpeedWithin="-1.00" meanIntervalHaltsPerVehicleWithin="-1.00" meanIntervalDurationWithin="-1.00" meanTimeLossWithin="-1.00"/>
   <interval begin="900.00" end="1200.00" id="首体路整体" meanTravelTime="142.68" meanOverlapTravelTime="143.08" meanSpeed="7.10" meanHaltsPerVehicle="1.35" meanTimeLoss="92.39" vehicleSum="109" meanSpeedWithin="5.51" meanHaltsPerVehicleWithin="1.34" meanDurationWithin="167.70" vehicleSumWithin="65" meanIntervalSpeedWithin="5.50" meanIntervalHaltsPerVehicleWithin="1.08" meanIntervalDurationWithin="131.42" meanTimeLossWithin="104.56"/>
   <interval begin="900.00" end="1200.00" id="首体路与车公庄西" meanTravelTime="70.58" meanOverlapTravelTime="71.01" meanSpeed="8.88" meanHaltsPerVehicle="0.90" meanTimeLoss="39.15" vehicleSum="67" meanSpeedWithin="5.06" meanHaltsPerVehicleWithin="1.05" meanDurationWithin="165.87" vehicleSumWithin="20" meanIntervalSpeedWithin="5.05" meanIntervalHaltsPerVehicleWithin="0.80" meanIntervalDurationWithin="136.03" meanTimeLossWithin="118.23"/>
   <interval begin="900.00" end="1200.00" id="首体路与增光路" meanTravelTime="81.97" meanOverlapTravelTime="82.36" meanSpeed="7.25" meanHaltsPerVehicle="0.61" meanTimeLoss="56.54" vehicleSum="89" meanSpeedWithin="5.91" meanHaltsPerVehicleWithin="1.24" meanDurationWithin="174.43" vehicleSumWithin="25" meanIntervalSpeedWithin="5.81" meanIntervalHaltsPerVehicleWithin="0.84" meanIntervalDurationWithin="115.64" meanTimeLossWithin="100.92"/>
   <interval begin="900.00" end="1200.00" id="首体路与阜城路" meanTravelTime="84.99" meanOverlapTravelTime="85.41" meanSpeed="6.94" meanHaltsPerVehicle="0.93" meanTimeLoss="53.57" vehicleSum="45" meanSpeedWithin="10.97" meanHaltsPerVehicleWithin="0.23" meanDurationWithin="23.75" vehicleSumWithin="26" meanIntervalSpeedWithin="10.97" meanIntervalHaltsPerVehicleWithin="0.23" meanIntervalDurationWithin="23.75" meanTimeLossWithin="9.37"/>
   <interval begin="900.00" end="1200.00" id="CAV_首体路整体" meanTravelTime="-1.00" meanOverlapTravelTime="-1.00" meanSpeed="-1.00" meanHaltsPerVehicle="-1.00" meanTimeLoss="-1.00" vehicleSum="0" meanSpeedWithin="-1.00" meanHaltsPerVehicleWithin="-1.00" meanDurationWithin="-1.00" vehicleSumWithin="0" meanIntervalSpeedWithin="-1.00" meanIntervalHaltsPerVehicleWithin="-1.00" meanIntervalDurationWithin="-1.00" meanTimeLossWithin="-1.00"/>
   <interval begin="900.00" end="1200.00" id="CAV_首体路与车公庄西" meanTravelTime="-1.00" meanOverlapTravelTime="-1.00" meanSpeed="-1.00" meanHaltsPerVehicle="-1.00" meanTimeLoss="-1.00" vehicleSum="0" meanSpeedWithin="-1.00" meanHaltsPerVehicleWithin="-1.00" meanDurationWithin="-1.00" vehicleSumWithin="0" meanIntervalSpeedWithin="-1.00" meanIntervalHaltsPerVehicleWithin="-1.00" meanIntervalDurationWithin="-1.00" meanTimeLossWithin="-1.00"/>
   <interval begin="900.00" end="1200.00" id="CAV_首体路与增光路" meanTravelTime="-1.00" meanOverlapTravelTime="-1.00" meanSpeed="-1.00" meanHaltsPerVehicle="-1.00" meanTimeLoss="-1.00" vehicleSum="0" meanSpeedWithin="-1.00" meanHaltsPerVehicleWithin="-1.00" meanDurationWithin="-1.00" vehicleSumWithin="0" meanIntervalSpeedWithin="-1.00" meanIntervalHaltsPerVehicleWithin="-1.00" meanIntervalDurationWithin="-1.00" meanTimeLossWithin="-1.00"/>
   <interval begin="900.00" end="1200.00" id="CAV_首体路与阜城路" meanTravelTime="-1.00" meanOverlapTravelTime="-1.00" meanSpeed="-1.00" meanHaltsPerVehicle="-1.00" meanTimeLoss="-1.00" vehicleSum="0" meanSpeedWithin="-1.00" meanHaltsPerVehicleWithin="-1.00" meanDurationWithin="-1.00" vehicleSumWithin="0" meanIntervalSpeedWithin="-1.00" meanIntervalHaltsPerVehicleWithin="-1.00" meanIntervalDurationWithin="-1.00" meanTimeLossWithin="-1.00"/>
   <interval begin="1200.00" end="1500.00" id="首体路整体" meanTravelTime="160.24" meanOverlapTravelTime="160.67" meanSpeed="6.51" meanHaltsPerVehicle="1.18" meanTimeLoss="108.19" vehicleSum="118" meanSpeedWithin="4.98" meanHaltsPerVehicleWithin="1.36" meanDurationWithin="174.10" vehicleSumWithin="70" meanIntervalSpeedWithin="4.94" meanIntervalHaltsPerVehicleWithin="1.11" meanIntervalDurationWithin="132.40" meanTimeLossWithin="105.14"/>
   <interval begin="1200.00" end="1500.00" id="首体路与车公庄西" meanTravelTime="103.02" meanOverlapTravelTime="103.46" meanSpeed="7.81" meanHaltsPerVehicle="0.66" meanTimeLoss="71.01" vehicleSum="83" meanSpeedWithin="4.14" meanHaltsPerVehicleWithin="1.22" meanDurationWithin="102.00" vehicleSumWithin="18" meanIntervalSpeedWithin="4.14" meanIntervalHaltsPerVehicleWithin="1.22" meanIntervalDurationWithin="102.00" meanTimeLossWithin="87.13"/>
   <interval begin="1200.00" end="1500.00" id="首体路与增光路" meanTravelTime="87.22" meanOverlapTravelTime="87.67" meanSpeed="6.98" meanHaltsPerVehicle="0.67" meanTimeLoss="60.30" vehicleSum="83" meanSpeedWithin="5.65" meanHaltsPerVehicleWithin="1.24" meanDurationWithin="189.86" vehicleSumWithin="38" meanIntervalSpeedWithin="5.58" meanIntervalHaltsPerVehicleWithin="0.79" meanIntervalDurationWithin="113.09" meanTimeLossWithin="97.81"/>
   <interval begin="1200.00" end="1500.00" id="首体路与阜城路" meanTravelTime="68.62" meanOverlapTravelTime="69.06" meanSpeed="9.67" meanHaltsPerVehicle="0.41" meanTimeLoss="35.76" vehicleSum="63" meanSpeedWithin="7.51" meanHaltsPerVehicleWithin="0.79" meanDurationWithin="55.93" vehicleSumWithin="19" meanIntervalSpeedWithin="7.51" meanIntervalHaltsPerVehicleWithin="0.79" meanIntervalDurationWithin="55.93" meanTimeLossWithin="32.29"/>
   <interval begin="1200.00" end="1500.00" id="CAV_首体路整体" meanTravelTime="-1.00" meanOverlapTravelTime="-1.00" meanSpeed="-1.00" meanHaltsPerVehicle="-1.00" meanTimeLoss="-1.00" vehicleSum="0" meanSpeedWithin="-1.00" meanHaltsPerVehicleWithin="-1.00" meanDurationWithin="-1.00" vehicleSumWithin="0" meanIntervalSpeedWithin="-1.00" meanIntervalHaltsPerVehicleWithin="-1.00" meanIntervalDurationWithin="-1.00" meanTimeLossWithin="-1.00"/>
   <interval begin="1200.00" end="1500.00" id="CAV_首体路与车公庄西" meanTravelTime="-1.00" meanOverlapTravelTime="-1.00" meanSpeed="-1.00" meanHaltsPerVehicle="-1.00" meanTimeLoss="-1.00" vehicleSum="0" meanSpeedWithin="-1.00" meanHaltsPerVehicleWithin="-1.00" meanDurationWithin="-1.00" vehicleSumWithin="0" meanIntervalSpeedWithin="-1.00" meanIntervalHaltsPerVehicleWithin="-1.00" meanIntervalDurationWithin="-1.00" meanTimeLossWithin="-1.00"/>
   <interval begin="1200.00" end="1500.00" id="CAV_首体路与增光路" meanTravelTime="-1.00" meanOverlapTravelTime="-1.00" meanSpeed="-1.00" meanHaltsPerVehicle="-1.00" meanTimeLoss="-1.00" vehicleSum="0" meanSpeedWithin="-1.00" meanHaltsPerVehicleWithin="-1.00" meanDurationWithin="-1.00" vehicleSumWithin="0" meanIntervalSpeedWithin="-1.00" meanIntervalHaltsPerVehicleWithin="-1.00" meanIntervalDurationWithin="-1.00" meanTimeLossWithin="-1.00"/>
   <interval begin="1200.00" end="1500.00" id="CAV_首体路与阜城路" meanTravelTime="-1.00" meanOverlapTravelTime="-1.00" meanSpeed="-1.00" meanHaltsPerVehicle="-1.00" meanTimeLoss="-1.00" vehicleSum="0" meanSpeedWithin="-1.00" meanHaltsPerVehicleWithin="-1.00" meanDurationWithin="-1.00" vehicleSumWithin="0" meanIntervalSpeedWithin="-1.00" meanIntervalHaltsPerVehicleWithin="-1.00" meanIntervalDurationWithin="-1.00" meanTimeLossWithin="-1.00"/>
   <interval begin="1500.00" end="1800.00" id="首体路整体" meanTravelTime="141.61" meanOverlapTravelTime="142.01" meanSpeed="6.76" meanHaltsPerVehicle="1.24" meanTimeLoss="95.08" vehicleSum="127" meanSpeedWithin="4.78" meanHaltsPerVehicleWithin="1.56" meanDurationWithin="252.78" vehicleSumWithin="59" meanIntervalSpeedWithin="4.78" meanIntervalHaltsPerVehicleWithin="1.03" meanIntervalDurationWithin="153.94" meanTimeLossWithin="128.68"/>
   <interval begin="1500.00" end="1800.00" id="首体路与车公庄西" meanTravelTime="68.52" meanOverlapTravelTime="68.94" meanSpeed="8.64" meanHaltsPerVehicle="0.84" meanTimeLoss="36.92" vehicleSum="67" meanSpeedWithin="4.77" meanHaltsPerVehicleWithin="1.14" meanDurationWithin="199.48" vehicleSumWithin="21" meanIntervalSpeedWithin="4.78" meanIntervalHaltsPerVehicleWithin="0.81" meanIntervalDurationWithin="149.91" meanTimeLossWithin="134.34"/>
   <interval begin="1500.00" end="1800.00" id="首体路与增光路" meanTravelTime="97.27" meanOverlapTravelTime="97.67" meanSpeed="7.04" meanHaltsPerVehicle="0.68" meanTimeLoss="71.23" vehicleSum="92" meanSpeedWithin="5.40" meanHaltsPerVehicleWithin="1.47" meanDurationWithin="263.50" vehicleSumWithin="32" meanIntervalSpeedWithin="5.34" meanIntervalHaltsPerVehicleWithin="0.78" meanIntervalDurationWithin="122.91" meanTimeLossWithin="108.67"/>
   <interval begin="1500.00" end="1800.00" id="首体路与阜城路" meanTravelTime="87.16" meanOverlapTravelTime="87.57" meanSpeed="6.70" meanHaltsPerVehicle="0.96" meanTimeLoss="55.27" vehicleSum="56" meanSpeedWithin="7.47" meanHaltsPerVehicleWithin="0.55" meanDurationWithin="69.69" vehicleSumWithin="11" meanIntervalSpeedWithin="7.47" meanIntervalHaltsPerVehicleWithin="0.55" meanIntervalDurationWithin="69.69" meanTimeLossWithin="43.67"/>
   <interval begin="1500.00" end="1800.00" id="CAV_首体路整体" meanTravelTime="-1.00" meanOverlapTravelTime="-1.00" meanSpeed="-1.00" meanHaltsPerVehicle="-1.00" meanTimeLoss="-1.00" vehicleSum="0" meanSpeedWithin="-1.00" meanHaltsPerVehicleWithin="-1.00" meanDurationWithin="-1.00" vehicleSumWithin="0" meanIntervalSpeedWithin="-1.00" meanIntervalHaltsPerVehicleWithin="-1.00" meanIntervalDurationWithin="-1.00" meanTimeLossWithin="-1.00"/>
   <interval begin="1500.00" end="1800.00" id="CAV_首体路与车公庄西" meanTravelTime="-1.00" meanOverlapTravelTime="-1.00" meanSpeed="-1.00" meanHaltsPerVehicle="-1.00" meanTimeLoss="-1.00" vehicleSum="0" meanSpeedWithin="-1.00" meanHaltsPerVehicleWithin="-1.00" meanDurationWithin="-1.00" vehicleSumWithin="0" meanIntervalSpeedWithin="-1.00" meanIntervalHaltsPerVehicleWithin="-1.00" meanIntervalDurationWithin="-1.00" meanTimeLossWithin="-1.00"/>
   <interval begin="1500.00" end="1800.00" id="CAV_首体路与增光路" meanTravelTime="-1.00" meanOverlapTravelTime="-1.00" meanSpeed="-1.00" meanHaltsPerVehicle="-1.00" meanTimeLoss="-1.00" vehicleSum="0" meanSpeedWithin="-1.00" meanHaltsPerVehicleWithin="-1.00" meanDurationWithin="-1.00" vehicleSumWithin="0" meanIntervalSpeedWithin="-1.00" meanIntervalHaltsPerVehicleWithin="-1.00" meanIntervalDurationWithin="-1.00" meanTimeLossWithin="-1.00"/>
   <interval begin="1500.00" end="1800.00" id="CAV_首体路与阜城路" meanTravelTime="-1.00" meanOverlapTravelTime="-1.00" meanSpeed="-1.00" meanHaltsPerVehicle="-1.00" meanTimeLoss="-1.00" vehicleSum="0" meanSpeedWithin="-1.00" meanHaltsPerVehicleWithin="-1.00" meanDurationWithin="-1.00" vehicleSumWithin="0" meanIntervalSpeedWithin="-1.00" meanIntervalHaltsPerVehicleWithin="-1.00" meanIntervalDurationWithin="-1.00" meanTimeLossWithin="-1.00"/>
   <interval begin="1800.00" end="2100.00" id="首体路整体" meanTravelTime="178.79" meanOverlapTravelTime="179.21" meanSpeed="6.10" meanHaltsPerVehicle="1.24" meanTimeLoss="135.80" vehicleSum="114" meanSpeedWithin="4.49" meanHaltsPerVehicleWithin="1.70" meanDurationWithin="230.24" vehicleSumWithin="73" meanIntervalSpeedWithin="4.43" meanIntervalHaltsPerVehicleWithin="1.33" meanIntervalDurationWithin="150.63" meanTimeLossWithin="119.49"/>
   <interval begin="1800.00" end="2100.00" id="首体路与车公庄西" meanTravelTime="140.35" meanOverlapTravelTime="140.79" meanSpeed="6.75" meanHaltsPerVehicle="1.00" meanTimeLoss="110.65" vehicleSum="67" meanSpeedWithin="7.30" meanHaltsPerVehicleWithin="0.83" meanDurationWithin="66.49" vehicleSumWithin="24" meanIntervalSpeedWithin="7.30" meanIntervalHaltsPerVehicleWithin="0.83" meanIntervalDurationWithin="66.49" meanTimeLossWithin="51.73"/>
   <interval begin="1800.00" end="2100.00" id="首体路与增光路" meanTravelTime="109.39" meanOverlapTravelTime="109.84" meanSpeed="6.10" meanHaltsPerVehicle="0.80" meanTimeLoss="82.17" vehicleSum="91" meanSpeedWithin="4.29" meanHaltsPerVehicleWithin="1.48" meanDurationWithin="252.72" vehicleSumWithin="42" meanIntervalSpeedWithin="4.27" meanIntervalHaltsPerVehicleWithin="0.88" meanIntervalDurationWithin="120.74" meanTimeLossWithin="105.60"/>
   <interval begin="1800.00" end="2100.00" id="首体路与阜城路" meanTravelTime="75.17" meanOverlapTravelTime="75.60" meanSpeed="8.19" meanHaltsPerVehicle="0.58" meanTimeLoss="41.52" vehicleSum="59" meanSpeedWithin="9.66" meanHaltsPerVehicleWithin="0.50" meanDurationWithin="78.52" vehicleSumWithin="12" meanIntervalSpeedWithin="9.66" meanIntervalHaltsPerVehicleWithin="0.50" meanIntervalDurationWithin="78.52" meanTimeLossWithin="54.97"/>
   <interval begin="1800.00" end="2100.00" id="CAV_首体路整体" meanTravelTime="-1.00" meanOverlapTravelTime="-1.00" meanSpeed="-1.00" meanHaltsPerVehicle="-1.00" meanTimeLoss="-1.00" vehicleSum="0" meanSpeedWithin="-1.00" meanHaltsPerVehicleWithin="-1.00" meanDurationWithin="-1.00" vehicleSumWithin="0" meanIntervalSpeedWithin="-1.00" meanIntervalHaltsPerVehicleWithin="-1.00" meanIntervalDurationWithin="-1.00" meanTimeLossWithin="-1.00"/>
   <interval begin="1800.00" end="2100.00" id="CAV_首体路与车公庄西" meanTravelTime="-1.00" meanOverlapTravelTime="-1.00" meanSpeed="-1.00" meanHaltsPerVehicle="-1.00" meanTimeLoss="-1.00" vehicleSum="0" meanSpeedWithin="-1.00" meanHaltsPerVehicleWithin="-1.00" meanDurationWithin="-1.00" vehicleSumWithin="0" meanIntervalSpeedWithin="-1.00" meanIntervalHaltsPerVehicleWithin="-1.00" meanIntervalDurationWithin="-1.00" meanTimeLossWithin="-1.00"/>
   <interval begin="1800.00" end="2100.00" id="CAV_首体路与增光路" meanTravelTime="-1.00" meanOverlapTravelTime="-1.00" meanSpeed="-1.00" meanHaltsPerVehicle="-1.00" meanTimeLoss="-1.00" vehicleSum="0" meanSpeedWithin="-1.00" meanHaltsPerVehicleWithin="-1.00" meanDurationWithin="-1.00" vehicleSumWithin="0" meanIntervalSpeedWithin="-1.00" meanIntervalHaltsPerVehicleWithin="-1.00" meanIntervalDurationWithin="-1.00" meanTimeLossWithin="-1.00"/>
   <interval begin="1800.00" end="2100.00" id="CAV_首体路与阜城路" meanTravelTime="-1.00" meanOverlapTravelTime="-1.00" meanSpeed="-1.00" meanHaltsPerVehicle="-1.00" meanTimeLoss="-1.00" vehicleSum="0" meanSpeedWithin="-1.00" meanHaltsPerVehicleWithin="-1.00" meanDurationWithin="-1.00" vehicleSumWithin="0" meanIntervalSpeedWithin="-1.00" meanIntervalHaltsPerVehicleWithin="-1.00" meanIntervalDurationWithin="-1.00" meanTimeLossWithin="-1.00"/>
   <interval begin="2100.00" end="2400.00" id="首体路整体" meanTravelTime="187.99" meanOverlapTravelTime="188.40" meanSpeed="6.31" meanHaltsPerVehicle="1.96" meanTimeLoss="126.51" vehicleSum="100" meanSpeedWithin="3.54" meanHaltsPerVehicleWithin="1.51" meanDurationWithin="236.89" vehicleSumWithin="93" meanIntervalSpeedWithin="3.49" meanIntervalHaltsPerVehicleWithin="1.08" meanIntervalDurationWithin="152.09" meanTimeLossWithin="132.30"/>
   <interval begin="2100.00" end="2400.00" id="首体路与车公庄西" meanTravelTime="74.31" meanOverlapTravelTime="74.74" meanSpeed="8.42" meanHaltsPerVehicle="1.17" meanTimeLoss="41.71" vehicleSum="72" meanSpeedWithin="3.31" meanHaltsPerVehicleWithin="1.32" meanDurationWithin="179.72" vehicleSumWithin="19" meanIntervalSpeedWithin="3.30" meanIntervalHaltsPerVehicleWithin="1.11" meanIntervalDurationWithin="148.87" meanTimeLossWithin="136.24"/>
   <interval begin="2100.00" end="2400.00" id="首体路与增光路" meanTravelTime="110.66" meanOverlapTravelTime="111.07" meanSpeed="6.65" meanHaltsPerVehicle="0.80" meanTimeLoss="83.85" vehicleSum="79" meanSpeedWithin="3.41" meanHaltsPerVehicleWithin="1.50" meanDurationWithin="276.61" vehicleSumWithin="52" meanIntervalSpeedWithin="3.32" meanIntervalHaltsPerVehicleWithin="0.87" meanIntervalDurationWithin="142.50" meanTimeLossWithin="132.45"/>
   <interval begin="2100.00" end="2400.00" id="首体路与阜城路" meanTravelTime="87.46" meanOverlapTravelTime="87.87" meanSpeed="7.26" meanHaltsPerVehicle="0.92" meanTimeLoss="55.56" vehicleSum="49" meanSpeedWithin="7.55" meanHaltsPerVehicleWithin="0.56" meanDurationWithin="70.67" vehicleSumWithin="27" meanIntervalSpeedWithin="7.55" meanIntervalHaltsPerVehicleWithin="0.56" meanIntervalDurationWithin="70.67" meanTimeLossWithin="48.74"/>
   <interval begin="2100.00" end="2400.00" id="CAV_首体路整体" meanTravelTime="-1.00" meanOverlapTravelTime="-1.00" meanSpeed="-1.00" meanHaltsPerVehicle="-1.00" meanTimeLoss="-1.00" vehicleSum="0" meanSpeedWithin="-1.00" meanHaltsPerVehicleWithin="-1.00" meanDurationWithin="-1.00" vehicleSumWithin="0" meanIntervalSpeedWithin="-1.00" meanIntervalHaltsPerVehicleWithin="-1.00" meanIntervalDurationWithin="-1.00" meanTimeLossWithin="-1.00"/>
   <interval begin="2100.00" end="2400.00" id="CAV_首体路与车公庄西" meanTravelTime="-1.00" meanOverlapTravelTime="-1.00" meanSpeed="-1.00" meanHaltsPerVehicle="-1.00" meanTimeLoss="-1.00" vehicleSum="0" meanSpeedWithin="-1.00" meanHaltsPerVehicleWithin="-1.00" meanDurationWithin="-1.00" vehicleSumWithin="0" meanIntervalSpeedWithin="-1.00" meanIntervalHaltsPerVehicleWithin="-1.00" meanIntervalDurationWithin="-1.00" meanTimeLossWithin="-1.00"/>
   <interval begin="2100.00" end="2400.00" id="CAV_首体路与增光路" meanTravelTime="-1.00" meanOverlapTravelTime="-1.00" meanSpeed="-1.00" meanHaltsPerVehicle="-1.00" meanTimeLoss="-1.00" vehicleSum="0" meanSpeedWithin="-1.00" meanHaltsPerVehicleWithin="-1.00" meanDurationWithin="-1.00" vehicleSumWithin="0" meanIntervalSpeedWithin="-1.00" meanIntervalHaltsPerVehicleWithin="-1.00" meanIntervalDurationWithin="-1.00" meanTimeLossWithin="-1.00"/>
   <interval begin="2100.00" end="2400.00" id="CAV_首体路与阜城路" meanTravelTime="-1.00" meanOverlapTravelTime="-1.00" meanSpeed="-1.00" meanHaltsPerVehicle="-1.00" meanTimeLoss="-1.00" vehicleSum="0" meanSpeedWithin="-1.00" meanHaltsPerVehicleWithin="-1.00" meanDurationWithin="-1.00" vehicleSumWithin="0" meanIntervalSpeedWithin="-1.00" meanIntervalHaltsPerVehicleWithin="-1.00" meanIntervalDurationWithin="-1.00" meanTimeLossWithin="-1.00"/>
   <interval begin="2400.00" end="2700.00" id="首体路整体" meanTravelTime="222.49" meanOverlapTravelTime="222.91" meanSpeed="5.08" meanHaltsPerVehicle="1.58" meanTimeLoss="178.34" vehicleSum="149" meanSpeedWithin="4.40" meanHaltsPerVehicleWithin="1.56" meanDurationWithin="227.37" vehicleSumWithin="71" meanIntervalSpeedWithin="4.37" meanIntervalHaltsPerVehicleWithin="1.15" meanIntervalDurationWithin="137.86" meanTimeLossWithin="113.66"/>
   <interval begin="2400.00" end="2700.00" id="首体路与车公庄西" meanTravelTime="122.03" meanOverlapTravelTime="122.47" meanSpeed="8.07" meanHaltsPerVehicle="0.67" meanTimeLoss="91.62" vehicleSum="76" meanSpeedWithin="4.99" meanHaltsPerVehicleWithin="1.14" meanDurationWithin="88.65" vehicleSumWithin="22" meanIntervalSpeedWithin="4.99" meanIntervalHaltsPerVehicleWithin="1.14" meanIntervalDurationWithin="88.65" meanTimeLossWithin="72.54"/>
   <interval begin="2400.00" end="2700.00" id="首体路与增光路" meanTravelTime="174.31" meanOverlapTravelTime="174.74" meanSpeed="4.89" meanHaltsPerVehicle="1.25" meanTimeLoss="147.53" vehicleSum="110" meanSpeedWithin="4.62" meanHaltsPerVehicleWithin="1.66" meanDurationWithin="280.33" vehicleSumWithin="41" meanIntervalSpeedWithin="4.57" meanIntervalHaltsPerVehicleWithin="0.98" meanIntervalDurationWithin="126.05" meanTimeLossWithin="112.64"/>
   <interval begin="2400.00" end="2700.00" id="首体路与阜城路" meanTravelTime="82.12" meanOverlapTravelTime="82.56" meanSpeed="7.73" meanHaltsPerVehicle="0.71" meanTimeLoss="49.40" vehicleSum="66" meanSpeedWithin="5.86" meanHaltsPerVehicleWithin="0.77" meanDurationWithin="78.37" vehicleSumWithin="13" meanIntervalSpeedWithin="5.86" meanIntervalHaltsPerVehicleWithin="0.77" meanIntervalDurationWithin="78.37" meanTimeLossWithin="60.15"/>
   <interval begin="2400.00" end="2700.00" id="CAV_首体路整体" meanTravelTime="-1.00" meanOverlapTravelTime="-1.00" meanSpeed="-1.00" meanHaltsPerVehicle="-1.00" meanTimeLoss="-1.00" vehicleSum="0" meanSpeedWithin="-1.00" meanHaltsPerVehicleWithin="-1.00" meanDurationWithin="-1.00" vehicleSumWithin="0" meanIntervalSpeedWithin="-1.00" meanIntervalHaltsPerVehicleWithin="-1.00" meanIntervalDurationWithin="-1.00" meanTimeLossWithin="-1.00"/>
   <interval begin="2400.00" end="2700.00" id="CAV_首体路与车公庄西" meanTravelTime="-1.00" meanOverlapTravelTime="-1.00" meanSpeed="-1.00" meanHaltsPerVehicle="-1.00" meanTimeLoss="-1.00" vehicleSum="0" meanSpeedWithin="-1.00" meanHaltsPerVehicleWithin="-1.00" meanDurationWithin="-1.00" vehicleSumWithin="0" meanIntervalSpeedWithin="-1.00" meanIntervalHaltsPerVehicleWithin="-1.00" meanIntervalDurationWithin="-1.00" meanTimeLossWithin="-1.00"/>
   <interval begin="2400.00" end="2700.00" id="CAV_首体路与增光路" meanTravelTime="-1.00" meanOverlapTravelTime="-1.00" meanSpeed="-1.00" meanHaltsPerVehicle="-1.00" meanTimeLoss="-1.00" vehicleSum="0" meanSpeedWithin="-1.00" meanHaltsPerVehicleWithin="-1.00" meanDurationWithin="-1.00" vehicleSumWithin="0" meanIntervalSpeedWithin="-1.00" meanIntervalHaltsPerVehicleWithin="-1.00" meanIntervalDurationWithin="-1.00" meanTimeLossWithin="-1.00"/>
   <interval begin="2400.00" end="2700.00" id="CAV_首体路与阜城路" meanTravelTime="-1.00" meanOverlapTravelTime="-1.00" meanSpeed="-1.00" meanHaltsPerVehicle="-1.00" meanTimeLoss="-1.00" vehicleSum="0" meanSpeedWithin="-1.00" meanHaltsPerVehicleWithin="-1.00" meanDurationWithin="-1.00" vehicleSumWithin="0" meanIntervalSpeedWithin="-1.00" meanIntervalHaltsPerVehicleWithin="-1.00" meanIntervalDurationWithin="-1.00" meanTimeLossWithin="-1.00"/>
   <interval begin="2700.00" end="3000.00" id="首体路整体" meanTravelTime="142.16" meanOverlapTravelTime="142.55" meanSpeed="6.89" meanHaltsPerVehicle="1.26" meanTimeLoss="97.75" vehicleSum="125" meanSpeedWithin="4.24" meanHaltsPerVehicleWithin="1.76" meanDurationWithin="286.27" vehicleSumWithin="66" meanIntervalSpeedWithin="4.23" meanIntervalHaltsPerVehicleWithin="1.11" meanIntervalDurationWithin="153.14" meanTimeLossWithin="128.38"/>
   <interval begin="2700.00" end="3000.00" id="首体路与车公庄西" meanTravelTime="70.28" meanOverlapTravelTime="70.69" meanSpeed="8.34" meanHaltsPerVehicle="0.93" meanTimeLoss="40.09" vehicleSum="61" meanSpeedWithin="5.33" meanHaltsPerVehicleWithin="1.04" meanDurationWithin="171.94" vehicleSumWithin="24" meanIntervalSpeedWithin="5.34" meanIntervalHaltsPerVehicleWithin="0.75" meanIntervalDurationWithin="129.26" meanTimeLossWithin="112.50"/>
   <interval begin="2700.00" end="3000.00" id="首体路与增光路" meanTravelTime="110.53" meanOverlapTravelTime="110.93" meanSpeed="6.92" meanHaltsPerVehicle="0.80" meanTimeLoss="85.32" vehicleSum="97" meanSpeedWithin="5.22" meanHaltsPerVehicleWithin="1.61" meanDurationWithin="304.74" vehicleSumWithin="38" meanIntervalSpeedWithin="5.18" meanIntervalHaltsPerVehicleWithin="0.79" meanIntervalDurationWithin="116.55" meanTimeLossWithin="103.57"/>
   <interval begin="2700.00" end="3000.00" id="首体路与阜城路" meanTravelTime="77.72" meanOverlapTravelTime="78.11" meanSpeed="7.97" meanHaltsPerVehicle="0.75" meanTimeLoss="46.20" vehicleSum="59" meanSpeedWithin="7.13" meanHaltsPerVehicleWithin="0.70" meanDurationWithin="62.36" vehicleSumWithin="10" meanIntervalSpeedWithin="7.13" meanIntervalHaltsPerVehicleWithin="0.70" meanIntervalDurationWithin="62.36" meanTimeLossWithin="40.87"/>
   <interval begin="2700.00" end="3000.00" id="CAV_首体路整体" meanTravelTime="-1.00" meanOverlapTravelTime="-1.00" meanSpeed="-1.00" meanHaltsPerVehicle="-1.00" meanTimeLoss="-1.00" vehicleSum="0" meanSpeedWithin="-1.00" meanHaltsPerVehicleWithin="-1.00" meanDurationWithin="-1.00" vehicleSumWithin="0" meanIntervalSpeedWithin="-1.00" meanIntervalHaltsPerVehicleWithin="-1.00" meanIntervalDurationWithin="-1.00" meanTimeLossWithin="-1.00"/>
   <interval begin="2700.00" end="3000.00" id="CAV_首体路与车公庄西" meanTravelTime="-1.00" meanOverlapTravelTime="-1.00" meanSpeed="-1.00" meanHaltsPerVehicle="-1.00" meanTimeLoss="-1.00" vehicleSum="0" meanSpeedWithin="-1.00" meanHaltsPerVehicleWithin="-1.00" meanDurationWithin="-1.00" vehicleSumWithin="0" meanIntervalSpeedWithin="-1.00" meanIntervalHaltsPerVehicleWithin="-1.00" meanIntervalDurationWithin="-1.00" meanTimeLossWithin="-1.00"/>
   <interval begin="2700.00" end="3000.00" id="CAV_首体路与增光路" meanTravelTime="-1.00" meanOverlapTravelTime="-1.00" meanSpeed="-1.00" meanHaltsPerVehicle="-1.00" meanTimeLoss="-1.00" vehicleSum="0" meanSpeedWithin="-1.00" meanHaltsPerVehicleWithin="-1.00" meanDurationWithin="-1.00" vehicleSumWithin="0" meanIntervalSpeedWithin="-1.00" meanIntervalHaltsPerVehicleWithin="-1.00" meanIntervalDurationWithin="-1.00" meanTimeLossWithin="-1.00"/>
   <interval begin="2700.00" end="3000.00" id="CAV_首体路与阜城路" meanTravelTime="-1.00" meanOverlapTravelTime="-1.00" meanSpeed="-1.00" meanHaltsPerVehicle="-1.00" meanTimeLoss="-1.00" vehicleSum="0" meanSpeedWithin="-1.00" meanHaltsPerVehicleWithin="-1.00" meanDurationWithin="-1.00" vehicleSumWithin="0" meanIntervalSpeedWithin="-1.00" meanIntervalHaltsPerVehicleWithin="-1.00" meanIntervalDurationWithin="-1.00" meanTimeLossWithin="-1.00"/>
   <interval begin="3000.00" end="3300.00" id="首体路整体" meanTravelTime="187.89" meanOverlapTravelTime="188.31" meanSpeed="6.37" meanHaltsPerVehicle="1.34" meanTimeLoss="143.48" vehicleSum="127" meanSpeedWithin="4.66" meanHaltsPerVehicleWithin="1.56" meanDurationWithin="251.20" vehicleSumWithin="64" meanIntervalSpeedWithin="4.64" meanIntervalHaltsPerVehicleWithin="1.05" meanIntervalDurationWithin="130.15" meanTimeLossWithin="108.28"/>
   <interval begin="3000.00" end="3300.00" id="首体路与车公庄西" meanTravelTime="141.19" meanOverlapTravelTime="141.62" meanSpeed="8.00" meanHaltsPerVehicle="0.81" meanTimeLoss="111.13" vehicleSum="72" meanSpeedWithin="5.49" meanHaltsPerVehicleWithin="0.86" meanDurationWithin="92.58" vehicleSumWithin="21" meanIntervalSpeedWithin="5.49" meanIntervalHaltsPerVehicleWithin="0.86" meanIntervalDurationWithin="92.58" meanTimeLossWithin="79.08"/>
   <interval begin="3000.00" end="3300.00" id="首体路与增光路" meanTravelTime="106.73" meanOverlapTravelTime="107.15" meanSpeed="7.08" meanHaltsPerVehicle="0.75" meanTimeLoss="80.62" vehicleSum="91" meanSpeedWithin="4.21" meanHaltsPerVehicleWithin="1.62" meanDurationWithin="313.13" vehicleSumWithin="39" meanIntervalSpeedWithin="4.17" meanIntervalHaltsPerVehicleWithin="0.85" meanIntervalDurationWithin="129.60" meanTimeLossWithin="115.79"/>
   <interval begin="3000.00" end="3300.00" id="首体路与阜城路" meanTravelTime="76.33" meanOverlapTravelTime="76.77" meanSpeed="8.13" meanHaltsPerVehicle="0.80" meanTimeLoss="43.39" vehicleSum="56" meanSpeedWithin="8.10" meanHaltsPerVehicleWithin="0.75" meanDurationWithin="60.67" vehicleSumWithin="12" meanIntervalSpeedWithin="8.10" meanIntervalHaltsPerVehicleWithin="0.75" meanIntervalDurationWithin="60.67" meanTimeLossWithin="37.77"/>
   <interval begin="3000.00" end="3300.00" id="CAV_首体路整体" meanTravelTime="-1.00" meanOverlapTravelTime="-1.00" meanSpeed="-1.00" meanHaltsPerVehicle="-1.00" meanTimeLoss="-1.00" vehicleSum="0" meanSpeedWithin="-1.00" meanHaltsPerVehicleWithin="-1.00" meanDurationWithin="-1.00" vehicleSumWithin="0" meanIntervalSpeedWithin="-1.00" meanIntervalHaltsPerVehicleWithin="-1.00" meanIntervalDurationWithin="-1.00" meanTimeLossWithin="-1.00"/>
   <interval begin="3000.00" end="3300.00" id="CAV_首体路与车公庄西" meanTravelTime="-1.00" meanOverlapTravelTime="-1.00" meanSpeed="-1.00" meanHaltsPerVehicle="-1.00" meanTimeLoss="-1.00" vehicleSum="0" meanSpeedWithin="-1.00" meanHaltsPerVehicleWithin="-1.00" meanDurationWithin="-1.00" vehicleSumWithin="0" meanIntervalSpeedWithin="-1.00" meanIntervalHaltsPerVehicleWithin="-1.00" meanIntervalDurationWithin="-1.00" meanTimeLossWithin="-1.00"/>
   <interval begin="3000.00" end="3300.00" id="CAV_首体路与增光路" meanTravelTime="-1.00" meanOverlapTravelTime="-1.00" meanSpeed="-1.00" meanHaltsPerVehicle="-1.00" meanTimeLoss="-1.00" vehicleSum="0" meanSpeedWithin="-1.00" meanHaltsPerVehicleWithin="-1.00" meanDurationWithin="-1.00" vehicleSumWithin="0" meanIntervalSpeedWithin="-1.00" meanIntervalHaltsPerVehicleWithin="-1.00" meanIntervalDurationWithin="-1.00" meanTimeLossWithin="-1.00"/>
   <interval begin="3000.00" end="3300.00" id="CAV_首体路与阜城路" meanTravelTime="-1.00" meanOverlapTravelTime="-1.00" meanSpeed="-1.00" meanHaltsPerVehicle="-1.00" meanTimeLoss="-1.00" vehicleSum="0" meanSpeedWithin="-1.00" meanHaltsPerVehicleWithin="-1.00" meanDurationWithin="-1.00" vehicleSumWithin="0" meanIntervalSpeedWithin="-1.00" meanIntervalHaltsPerVehicleWithin="-1.00" meanIntervalDurationWithin="-1.00" meanTimeLossWithin="-1.00"/>
   <interval begin="3300.00" end="3600.00" id="首体路整体" meanTravelTime="179.65" meanOverlapTravelTime="180.07" meanSpeed="6.65" meanHaltsPerVehicle="1.45" meanTimeLoss="125.00" vehicleSum="110" meanSpeedWithin="5.08" meanHaltsPerVehicleWithin="1.64" meanDurationWithin="252.06" vehicleSumWithin="74" meanIntervalSpeedWithin="5.07" meanIntervalHaltsPerVehicleWithin="1.11" meanIntervalDurationWithin="133.49" meanTimeLossWithin="108.53"/>
   <interval begin="3300.00" end="3600.00" id="首体路与车公庄西" meanTravelTime="68.62" meanOverlapTravelTime="69.05" meanSpeed="8.75" meanHaltsPerVehicle="0.65" meanTimeLoss="36.61" vehicleSum="69" meanSpeedWithin="5.91" meanHaltsPerVehicleWithin="0.96" meanDurationWithin="143.11" vehicleSumWithin="27" meanIntervalSpeedWithin="5.92" meanIntervalHaltsPerVehicleWithin="0.74" meanIntervalDurationWithin="105.47" meanTimeLossWithin="92.25"/>
   <interval begin="3300.00" end="3600.00" id="首体路与增光路" meanTravelTime="108.08" meanOverlapTravelTime="108.50" meanSpeed="6.78" meanHaltsPerVehicle="0.83" meanTimeLoss="81.75" vehicleSum="99" meanSpeedWithin="4.41" meanHaltsPerVehicleWithin="1.84" meanDurationWithin="372.07" vehicleSumWithin="31" meanIntervalSpeedWithin="4.36" meanIntervalHaltsPerVehicleWithin="0.84" meanIntervalDurationWithin="131.22" meanTimeLossWithin="119.16"/>
   <interval begin="3300.00" end="3600.00" id="首体路与阜城路" meanTravelTime="104.09" meanOverlapTravelTime="104.51" meanSpeed="6.33" meanHaltsPerVehicle="0.81" meanTimeLoss="72.08" vehicleSum="62" meanSpeedWithin="8.09" meanHaltsPerVehicleWithin="0.88" meanDurationWithin="52.78" vehicleSumWithin="24" meanIntervalSpeedWithin="8.09" meanIntervalHaltsPerVehicleWithin="0.88" meanIntervalDurationWithin="52.78" meanTimeLossWithin="26.34"/>
   <interval begin="3300.00" end="3600.00" id="CAV_首体路整体" meanTravelTime="-1.00" meanOverlapTravelTime="-1.00" meanSpeed="-1.00" meanHaltsPerVehicle="-1.00" meanTimeLoss="-1.00" vehicleSum="0" meanSpeedWithin="-1.00" meanHaltsPerVehicleWithin="-1.00" meanDurationWithin="-1.00" vehicleSumWithin="0" meanIntervalSpeedWithin="-1.00" meanIntervalHaltsPerVehicleWithin="-1.00" meanIntervalDurationWithin="-1.00" meanTimeLossWithin="-1.00"/>
   <interval begin="3300.00" end="3600.00" id="CAV_首体路与车公庄西" meanTravelTime="-1.00" meanOverlapTravelTime="-1.00" meanSpeed="-1.00" meanHaltsPerVehicle="-1.00" meanTimeLoss="-1.00" vehicleSum="0" meanSpeedWithin="-1.00" meanHaltsPerVehicleWithin="-1.00" meanDurationWithin="-1.00" vehicleSumWithin="0" meanIntervalSpeedWithin="-1.00" meanIntervalHaltsPerVehicleWithin="-1.00" meanIntervalDurationWithin="-1.00" meanTimeLossWithin="-1.00"/>
   <interval begin="3300.00" end="3600.00" id="CAV_首体路与增光路" meanTravelTime="-1.00" meanOverlapTravelTime="-1.00" meanSpeed="-1.00" meanHaltsPerVehicle="-1.00" meanTimeLoss="-1.00" vehicleSum="0" meanSpeedWithin="-1.00" meanHaltsPerVehicleWithin="-1.00" meanDurationWithin="-1.00" vehicleSumWithin="0" meanIntervalSpeedWithin="-1.00" meanIntervalHaltsPerVehicleWithin="-1.00" meanIntervalDurationWithin="-1.00" meanTimeLossWithin="-1.00"/>
   <interval begin="3300.00" end="3600.00" id="CAV_首体路与阜城路" meanTravelTime="-1.00" meanOverlapTravelTime="-1.00" meanSpeed="-1.00" meanHaltsPerVehicle="-1.00" meanTimeLoss="-1.00" vehicleSum="0" meanSpeedWithin="-1.00" meanHaltsPerVehicleWithin="-1.00" meanDurationWithin="-1.00" vehicleSumWithin="0" meanIntervalSpeedWithin="-1.00" meanIntervalHaltsPerVehicleWithin="-1.00" meanIntervalDurationWithin="-1.00" meanTimeLossWithin="-1.00"/>
</e3Detector>
