<?xml version="1.0" encoding="UTF-8"?>

<!-- generated on 2024-04-29 21:37:03 by Eclipse SUMO GUI Version 1.19.0
<configuration xmlns:xsi="http://www.w3.org/2001/XMLSchema-instance" xsi:noNamespaceSchemaLocation="http://sumo.dlr.de/xsd/sumoConfiguration.xsd">

    <input>
        <net-file value="C:\Users\10539\Documents\BaiduNetdiskWorkspace\Python项目\Python绘图\本科毕业设计\交叉口模型参数分析\jmCrossingGap\3.4晚高峰（jmCrossingGap=0）\4.net.xml"/>
        <route-files value="C:\Users\10539\Documents\BaiduNetdiskWorkspace\Python项目\Python绘图\本科毕业设计\交叉口模型参数分析\jmCrossingGap\3.4晚高峰（jmCrossingGap=0）\v_vehs.rou.xml,C:\Users\10539\Documents\BaiduNetdiskWorkspace\Python项目\Python绘图\本科毕业设计\交叉口模型参数分析\jmCrossingGap\3.4晚高峰（jmCrossingGap=0）\pedestrian.rou.xml,C:\Users\10539\Documents\BaiduNetdiskWorkspace\Python项目\Python绘图\本科毕业设计\交叉口模型参数分析\jmCrossingGap\3.4晚高峰（jmCrossingGap=0）\bus.rou.xml"/>
        <additional-files value="C:\Users\10539\Documents\BaiduNetdiskWorkspace\Python项目\Python绘图\本科毕业设计\交叉口模型参数分析\jmCrossingGap\3.4晚高峰（jmCrossingGap=0）\det_e3.add.xml,C:\Users\10539\Documents\BaiduNetdiskWorkspace\Python项目\Python绘图\本科毕业设计\交叉口模型参数分析\jmCrossingGap\3.4晚高峰（jmCrossingGap=0）\det_e2.add.xml,C:\Users\10539\Documents\BaiduNetdiskWorkspace\Python项目\Python绘图\本科毕业设计\交叉口模型参数分析\jmCrossingGap\3.4晚高峰（jmCrossingGap=0）\busstop_def.add.xml"/>
    </input>

    <output>
        <write-license value="false"/>
        <output-prefix value="OUTPUT-"/>
        <precision value="2"/>
        <human-readable-time value="false"/>
        <emission-output value="C:\Users\10539\Documents\BaiduNetdiskWorkspace\Python项目\Python绘图\本科毕业设计\交叉口模型参数分析\jmCrossingGap\3.4晚高峰（jmCrossingGap=0）\output/data_emission.xml"/>
        <emission-output.precision value="2"/>
        <queue-output value="C:\Users\10539\Documents\BaiduNetdiskWorkspace\Python项目\Python绘图\本科毕业设计\交叉口模型参数分析\jmCrossingGap\3.4晚高峰（jmCrossingGap=0）\output/data_Queue.xml"/>
        <queue-output.period value="300"/>
        <summary-output value="C:\Users\10539\Documents\BaiduNetdiskWorkspace\Python项目\Python绘图\本科毕业设计\交叉口模型参数分析\jmCrossingGap\3.4晚高峰（jmCrossingGap=0）\output/data_summary.xml"/>
        <summary-output.period value="300"/>
        <person-summary-output value="C:\Users\10539\Documents\BaiduNetdiskWorkspace\Python项目\Python绘图\本科毕业设计\交叉口模型参数分析\jmCrossingGap\3.4晚高峰（jmCrossingGap=0）\output/data_person_summary.xml"/>
        <personinfo-output value="C:\Users\10539\Documents\BaiduNetdiskWorkspace\Python项目\Python绘图\本科毕业设计\交叉口模型参数分析\jmCrossingGap\3.4晚高峰（jmCrossingGap=0）\output/data_personinfo.xml"/>
        <collision-output value="C:\Users\10539\Documents\BaiduNetdiskWorkspace\Python项目\Python绘图\本科毕业设计\交叉口模型参数分析\jmCrossingGap\3.4晚高峰（jmCrossingGap=0）\output/data_collision.xml"/>
        <edgedata-output value="C:\Users\10539\Documents\BaiduNetdiskWorkspace\Python项目\Python绘图\本科毕业设计\交叉口模型参数分析\jmCrossingGap\3.4晚高峰（jmCrossingGap=0）\output/data_edges.xml"/>
        <lanedata-output value="C:\Users\10539\Documents\BaiduNetdiskWorkspace\Python项目\Python绘图\本科毕业设计\交叉口模型参数分析\jmCrossingGap\3.4晚高峰（jmCrossingGap=0）\output/data_lanes.xml"/>
        <statistic-output value="C:\Users\10539\Documents\BaiduNetdiskWorkspace\Python项目\Python绘图\本科毕业设计\交叉口模型参数分析\jmCrossingGap\3.4晚高峰（jmCrossingGap=0）\output/data_statistic.xml"/>
    </output>

    <time>
        <begin value="0"/>
        <end value="3600"/>
        <step-length value="1"/>
    </time>

    <processing>
        <no-internal-links value="false"/>
        <ignore-route-errors value="true"/>
        <collision.action value="teleport"/>
        <intermodal-collision.action value="warn"/>
        <collision.stoptime value="0"/>
        <intermodal-collision.stoptime value="0"/>
        <collision.check-junctions value="false"/>
        <max-num-vehicles value="-1"/>
        <max-num-teleports value="-1"/>
        <time-to-teleport value="300"/>
        <time-to-teleport.remove value="false"/>
        <waiting-time-memory value="100"/>
        <max-depart-delay value="-1"/>
        <random-depart-offset value="0"/>
        <lanechange.duration value="0"/>
        <lanechange.overtake-right value="false"/>
        <tls.all-off value="false"/>
        <tls.yellow.min-decel value="3"/>
    </processing>

    <routing>
        <routing-algorithm value="dijkstra"/>
    </routing>

    <report>
        <verbose value="true"/>
        <no-warnings value="true"/>
        <log value="C:\Users\10539\Documents\BaiduNetdiskWorkspace\Python项目\Python绘图\本科毕业设计\交叉口模型参数分析\jmCrossingGap\3.4晚高峰（jmCrossingGap=0）\output/data_log.xml"/>
        <no-step-log value="true"/>
        <step-log.period value="300"/>
    </report>

    <emissions>
        <device.emissions.period value="300"/>
    </emissions>

    <mesoscopic>
        <mesosim value="false"/>
    </mesoscopic>

    <random_number>
        <random value="false"/>
        <seed value="23423"/>
    </random_number>

    <gui_only>
        <gui-settings-file value="C:\Users\10539\Documents\BaiduNetdiskWorkspace\Python项目\Python绘图\本科毕业设计\交叉口模型参数分析\jmCrossingGap\3.4晚高峰（jmCrossingGap=0）\viewsettings.xml"/>
        <start value="false"/>
        <demo value="false"/>
        <window-size value="800,600"/>
        <window-pos value="100,100"/>
    </gui_only>

</configuration>
-->

<meandata xmlns:xsi="http://www.w3.org/2001/XMLSchema-instance" xsi:noNamespaceSchemaLocation="http://sumo.dlr.de/xsd/meandata_file.xsd">
    <interval begin="0.00" end="3600.00" id="DEFAULT_EDGEDATA">
        <edge id="E0" sampledSeconds="1327.69" traveltime="7.30" overlapTraveltime="7.73" density="4.37" laneDensity="0.49" occupancy="0.24" waitingTime="0.00" timeLoss="168.00" speed="11.61" speedRelative="0.84" departed="0" arrived="0" entered="172" left="172" laneChangedFrom="5" laneChangedTo="5"/>
        <edge id="E1" sampledSeconds="273.53" traveltime="1.17" overlapTraveltime="1.61" density="5.15" laneDensity="0.57" occupancy="0.22" waitingTime="0.00" timeLoss="14.54" speed="12.54" speedRelative="0.90" departed="0" arrived="0" entered="172" left="172" laneChangedFrom="4" laneChangedTo="4"/>
        <edge id="E10" sampledSeconds="10875.74" traveltime="25.79" overlapTraveltime="27.08" density="16.83" laneDensity="2.10" occupancy="1.04" waitingTime="3517.00" timeLoss="5389.86" speed="6.82" speedRelative="0.49" departed="415" arrived="0" entered="0" left="413" laneChangedFrom="48" laneChangedTo="48"/>
        <edge id="E11" sampledSeconds="3803.06" traveltime="6.68" overlapTraveltime="9.59" density="70.90" laneDensity="8.86" occupancy="4.37" waitingTime="3039.00" timeLoss="3191.98" speed="2.17" speedRelative="0.16" departed="0" arrived="0" entered="413" left="412" laneChangedFrom="16" laneChangedTo="16" teleported="1"/>
        <edge id="E12" sampledSeconds="3671.65" traveltime="8.51" overlapTraveltime="8.96" density="104.28" laneDensity="13.04" occupancy="5.09" waitingTime="3106.00" timeLoss="3220.70" speed="1.66" speedRelative="0.12" departed="0" arrived="0" entered="412" left="409" laneChangedFrom="2" laneChangedTo="2" teleported="5"/>
        <edge id="E13" sampledSeconds="47782.49" traveltime="117.41" overlapTraveltime="118.46" density="227.78" laneDensity="25.31" occupancy="12.71" waitingTime="43799.00" timeLoss="45865.83" speed="0.53" speedRelative="0.04" departed="0" arrived="0" entered="409" left="395" laneChangedFrom="85" laneChangedTo="85" teleported="12"/>
        <edge id="E14" sampledSeconds="8978.33" traveltime="74.36" overlapTraveltime="75.91" density="63.65" laneDensity="7.96" occupancy="4.55" waitingTime="8126.00" timeLoss="8557.73" speed="0.59" speedRelative="0.04" departed="0" arrived="0" entered="119" left="118" laneChangedFrom="34" laneChangedTo="34"/>
        <edge id="E15" sampledSeconds="3827.63" traveltime="31.68" overlapTraveltime="32.19" density="2.78" laneDensity="0.40" occupancy="0.23" waitingTime="0.00" timeLoss="248.36" speed="12.06" speedRelative="0.87" departed="0" arrived="0" entered="119" left="119" laneChangedFrom="178" laneChangedTo="178"/>
        <edge id="E16" sampledSeconds="11004.22" traveltime="29.72" overlapTraveltime="30.36" density="8.37" laneDensity="1.05" occupancy="0.55" waitingTime="67.00" timeLoss="940.69" speed="12.21" speedRelative="0.88" departed="0" arrived="0" entered="363" left="361" laneChangedFrom="371" laneChangedTo="371"/>
        <edge id="E17" sampledSeconds="16195.64" traveltime="44.47" overlapTraveltime="45.61" density="77.78" laneDensity="8.64" occupancy="4.62" waitingTime="13010.00" timeLoss="14489.77" speed="1.39" speedRelative="0.10" departed="0" arrived="0" entered="361" left="345" laneChangedFrom="115" laneChangedTo="115"/>
        <edge id="E18" sampledSeconds="11677.51" traveltime="79.82" overlapTraveltime="81.51" density="42.51" laneDensity="10.63" occupancy="5.26" waitingTime="9989.00" timeLoss="10819.27" speed="1.00" speedRelative="0.07" departed="0" arrived="0" entered="144" left="144" laneChangedFrom="36" laneChangedTo="36" teleported="10"/>
        <edge id="E19" sampledSeconds="2462.84" traveltime="17.12" overlapTraveltime="17.50" density="3.71" laneDensity="1.24" occupancy="0.61" waitingTime="0.00" timeLoss="518.85" speed="10.81" speedRelative="0.78" departed="145" arrived="0" entered="0" left="144" laneChangedFrom="0" laneChangedTo="0"/>
        <edge id="E2" sampledSeconds="2515.46" traveltime="14.31" overlapTraveltime="14.72" density="3.89" laneDensity="0.43" occupancy="0.22" waitingTime="0.00" timeLoss="140.63" speed="12.56" speedRelative="0.90" departed="0" arrived="172" entered="172" left="0" laneChangedFrom="22" laneChangedTo="22"/>
        <edge id="E20" sampledSeconds="607.03" traveltime="6.35" overlapTraveltime="6.74" density="2.20" laneDensity="0.73" occupancy="0.34" waitingTime="0.00" timeLoss="70.53" speed="12.10" speedRelative="0.87" departed="0" arrived="0" entered="90" left="90" laneChangedFrom="0" laneChangedTo="0"/>
        <edge id="E21" sampledSeconds="1305.50" traveltime="14.32" overlapTraveltime="14.71" density="1.98" laneDensity="0.66" occupancy="0.32" waitingTime="0.00" timeLoss="87.39" speed="12.79" speedRelative="0.92" departed="0" arrived="88" entered="90" left="0" laneChangedFrom="0" laneChangedTo="0"/>
        <edge id="E22" sampledSeconds="3191.86" traveltime="31.83" overlapTraveltime="32.91" density="20.46" laneDensity="5.11" occupancy="2.50" waitingTime="2521.00" timeLoss="2839.60" speed="1.47" speedRelative="0.11" departed="0" arrived="0" entered="97" left="97" laneChangedFrom="0" laneChangedTo="0"/>
        <edge id="E23" sampledSeconds="1912.02" traveltime="19.79" overlapTraveltime="20.17" density="2.45" laneDensity="0.82" occupancy="0.40" waitingTime="0.00" timeLoss="356.07" speed="11.01" speedRelative="0.79" departed="97" arrived="0" entered="0" left="97" laneChangedFrom="0" laneChangedTo="0"/>
        <edge id="E24" sampledSeconds="452.04" traveltime="3.76" overlapTraveltime="4.15" density="2.91" laneDensity="0.97" occupancy="0.43" waitingTime="0.00" timeLoss="67.32" speed="11.59" speedRelative="0.83" departed="0" arrived="0" entered="110" left="100" laneChangedFrom="0" laneChangedTo="0"/>
        <edge id="E25" sampledSeconds="1868.79" traveltime="16.77" overlapTraveltime="17.16" density="2.40" laneDensity="0.80" occupancy="0.39" waitingTime="0.00" timeLoss="101.39" speed="12.89" speedRelative="0.93" departed="0" arrived="109" entered="110" left="0" laneChangedFrom="0" laneChangedTo="0"/>
        <edge id="E26" sampledSeconds="3258.05" traveltime="38.98" overlapTraveltime="40.68" density="23.00" laneDensity="2.87" occupancy="1.76" waitingTime="2731.00" timeLoss="2961.81" speed="1.12" speedRelative="0.08" departed="0" arrived="0" entered="81" left="79" laneChangedFrom="25" laneChangedTo="25"/>
        <edge id="E27" sampledSeconds="3002.89" traveltime="36.10" overlapTraveltime="36.66" density="1.95" laneDensity="0.28" occupancy="0.18" waitingTime="0.00" timeLoss="205.64" speed="11.82" speedRelative="0.85" departed="0" arrived="0" entered="83" left="81" laneChangedFrom="167" laneChangedTo="167"/>
        <edge id="E29" sampledSeconds="14890.60" traveltime="43.19" overlapTraveltime="43.77" density="11.05" laneDensity="1.38" occupancy="0.84" waitingTime="3488.00" timeLoss="5200.86" speed="8.70" speedRelative="0.63" departed="0" arrived="0" entered="346" left="340" laneChangedFrom="585" laneChangedTo="585" teleported="6"/>
        <edge id="E3" sampledSeconds="5322.96" traveltime="13.89" overlapTraveltime="14.32" density="10.58" laneDensity="1.51" occupancy="0.77" waitingTime="5.00" timeLoss="1360.36" speed="10.13" speedRelative="0.73" departed="387" arrived="0" entered="0" left="385" laneChangedFrom="117" laneChangedTo="117"/>
        <edge id="E30" sampledSeconds="9135.75" traveltime="26.61" overlapTraveltime="27.38" density="28.27" laneDensity="3.14" occupancy="1.55" waitingTime="6000.00" timeLoss="6768.72" speed="3.46" speedRelative="0.25" departed="0" arrived="0" entered="334" left="333" laneChangedFrom="160" laneChangedTo="160"/>
        <edge id="E33" sampledSeconds="5085.19" traveltime="19.62" overlapTraveltime="20.12" density="7.39" laneDensity="1.23" occupancy="0.73" waitingTime="2.00" timeLoss="991.00" speed="9.79" speedRelative="0.71" departed="262" arrived="0" entered="0" left="260" laneChangedFrom="221" laneChangedTo="221"/>
        <edge id="E34" sampledSeconds="5320.97" traveltime="19.68" overlapTraveltime="20.48" density="17.92" laneDensity="2.56" occupancy="1.34" waitingTime="3044.00" timeLoss="3605.58" speed="4.29" speedRelative="0.31" departed="0" arrived="0" entered="260" left="260" laneChangedFrom="92" laneChangedTo="92"/>
        <edge id="E35" sampledSeconds="9878.61" traveltime="22.93" overlapTraveltime="23.37" density="10.02" laneDensity="1.43" occupancy="0.78" waitingTime="1.00" timeLoss="713.74" speed="11.96" speedRelative="0.86" departed="0" arrived="425" entered="425" left="0" laneChangedFrom="111" laneChangedTo="111"/>
        <edge id="E36" sampledSeconds="24443.83" traveltime="81.20" overlapTraveltime="81.93" density="24.71" laneDensity="3.09" occupancy="1.70" waitingTime="17143.00" timeLoss="18240.12" speed="3.42" speedRelative="0.25" departed="0" arrived="292" entered="302" left="0" laneChangedFrom="24" laneChangedTo="25"/>
        <edge id="E37" sampledSeconds="20682.75" traveltime="89.21" overlapTraveltime="94.77" density="31.35" laneDensity="4.48" occupancy="2.95" waitingTime="16252.00" timeLoss="17583.60" speed="2.00" speedRelative="0.14" departed="230" arrived="0" entered="0" left="229" laneChangedFrom="29" laneChangedTo="29" teleported="12"/>
        <edge id="E38" sampledSeconds="23099.29" traveltime="103.39" overlapTraveltime="105.22" density="71.40" laneDensity="8.92" occupancy="4.77" waitingTime="20514.00" timeLoss="21530.05" speed="0.91" speedRelative="0.07" departed="0" arrived="0" entered="229" left="205" laneChangedFrom="0" laneChangedTo="0"/>
        <edge id="E4" sampledSeconds="2078.74" traveltime="5.00" overlapTraveltime="5.54" density="11.28" laneDensity="1.61" occupancy="0.98" waitingTime="2.00" timeLoss="125.62" speed="10.42" speedRelative="0.75" departed="0" arrived="0" entered="385" left="385" laneChangedFrom="10" laneChangedTo="10"/>
        <edge id="E5" sampledSeconds="22480.82" traveltime="57.79" overlapTraveltime="58.64" density="92.10" laneDensity="11.51" occupancy="5.81" waitingTime="18675.00" timeLoss="20394.05" speed="1.24" speedRelative="0.09" departed="0" arrived="0" entered="385" left="377" laneChangedFrom="83" laneChangedTo="83"/>
        <edge id="E6" sampledSeconds="7847.04" traveltime="21.54" overlapTraveltime="21.96" density="8.05" laneDensity="1.15" occupancy="0.60" waitingTime="0.00" timeLoss="589.25" speed="12.58" speedRelative="0.91" departed="0" arrived="359" entered="359" left="0" laneChangedFrom="106" laneChangedTo="106"/>
        <edge id="E7" sampledSeconds="4235.72" traveltime="23.94" overlapTraveltime="24.42" density="4.36" laneDensity="0.62" occupancy="0.37" waitingTime="1.00" timeLoss="311.23" speed="11.30" speedRelative="0.81" departed="0" arrived="163" entered="175" left="0" laneChangedFrom="51" laneChangedTo="51"/>
        <edge id="E8" sampledSeconds="3915.68" traveltime="21.67" overlapTraveltime="22.16" density="4.62" laneDensity="0.77" occupancy="0.43" waitingTime="0.00" timeLoss="708.36" speed="10.87" speedRelative="0.78" departed="182" arrived="0" entered="0" left="181" laneChangedFrom="17" laneChangedTo="17"/>
        <edge id="E9" sampledSeconds="8595.14" traveltime="46.83" overlapTraveltime="47.98" density="67.41" laneDensity="11.23" occupancy="6.14" waitingTime="7526.00" timeLoss="8027.62" speed="0.85" speedRelative="0.06" departed="0" arrived="0" entered="181" left="175" laneChangedFrom="33" laneChangedTo="33"/>
    </interval>
</meandata>
