<?xml version="1.0" encoding="UTF-8"?>

<!-- generated on 2024-04-29 21:35:37 by Eclipse SUMO GUI Version 1.19.0
<configuration xmlns:xsi="http://www.w3.org/2001/XMLSchema-instance" xsi:noNamespaceSchemaLocation="http://sumo.dlr.de/xsd/sumoConfiguration.xsd">

    <input>
        <net-file value="C:\Users\10539\Documents\BaiduNetdiskWorkspace\Python项目\Python绘图\本科毕业设计\交叉口模型参数分析\jmCrossingGap\3.4晚高峰（jmCrossingGap=8）\4.net.xml"/>
        <route-files value="C:\Users\10539\Documents\BaiduNetdiskWorkspace\Python项目\Python绘图\本科毕业设计\交叉口模型参数分析\jmCrossingGap\3.4晚高峰（jmCrossingGap=8）\v_vehs.rou.xml,C:\Users\10539\Documents\BaiduNetdiskWorkspace\Python项目\Python绘图\本科毕业设计\交叉口模型参数分析\jmCrossingGap\3.4晚高峰（jmCrossingGap=8）\pedestrian.rou.xml,C:\Users\10539\Documents\BaiduNetdiskWorkspace\Python项目\Python绘图\本科毕业设计\交叉口模型参数分析\jmCrossingGap\3.4晚高峰（jmCrossingGap=8）\bus.rou.xml"/>
        <additional-files value="C:\Users\10539\Documents\BaiduNetdiskWorkspace\Python项目\Python绘图\本科毕业设计\交叉口模型参数分析\jmCrossingGap\3.4晚高峰（jmCrossingGap=8）\det_e3.add.xml,C:\Users\10539\Documents\BaiduNetdiskWorkspace\Python项目\Python绘图\本科毕业设计\交叉口模型参数分析\jmCrossingGap\3.4晚高峰（jmCrossingGap=8）\det_e2.add.xml,C:\Users\10539\Documents\BaiduNetdiskWorkspace\Python项目\Python绘图\本科毕业设计\交叉口模型参数分析\jmCrossingGap\3.4晚高峰（jmCrossingGap=8）\busstop_def.add.xml"/>
    </input>

    <output>
        <write-license value="false"/>
        <output-prefix value="OUTPUT-"/>
        <precision value="2"/>
        <human-readable-time value="false"/>
        <emission-output value="C:\Users\10539\Documents\BaiduNetdiskWorkspace\Python项目\Python绘图\本科毕业设计\交叉口模型参数分析\jmCrossingGap\3.4晚高峰（jmCrossingGap=8）\output/data_emission.xml"/>
        <emission-output.precision value="2"/>
        <queue-output value="C:\Users\10539\Documents\BaiduNetdiskWorkspace\Python项目\Python绘图\本科毕业设计\交叉口模型参数分析\jmCrossingGap\3.4晚高峰（jmCrossingGap=8）\output/data_Queue.xml"/>
        <queue-output.period value="300"/>
        <summary-output value="C:\Users\10539\Documents\BaiduNetdiskWorkspace\Python项目\Python绘图\本科毕业设计\交叉口模型参数分析\jmCrossingGap\3.4晚高峰（jmCrossingGap=8）\output/data_summary.xml"/>
        <summary-output.period value="300"/>
        <person-summary-output value="C:\Users\10539\Documents\BaiduNetdiskWorkspace\Python项目\Python绘图\本科毕业设计\交叉口模型参数分析\jmCrossingGap\3.4晚高峰（jmCrossingGap=8）\output/data_person_summary.xml"/>
        <personinfo-output value="C:\Users\10539\Documents\BaiduNetdiskWorkspace\Python项目\Python绘图\本科毕业设计\交叉口模型参数分析\jmCrossingGap\3.4晚高峰（jmCrossingGap=8）\output/data_personinfo.xml"/>
        <collision-output value="C:\Users\10539\Documents\BaiduNetdiskWorkspace\Python项目\Python绘图\本科毕业设计\交叉口模型参数分析\jmCrossingGap\3.4晚高峰（jmCrossingGap=8）\output/data_collision.xml"/>
        <edgedata-output value="C:\Users\10539\Documents\BaiduNetdiskWorkspace\Python项目\Python绘图\本科毕业设计\交叉口模型参数分析\jmCrossingGap\3.4晚高峰（jmCrossingGap=8）\output/data_edges.xml"/>
        <lanedata-output value="C:\Users\10539\Documents\BaiduNetdiskWorkspace\Python项目\Python绘图\本科毕业设计\交叉口模型参数分析\jmCrossingGap\3.4晚高峰（jmCrossingGap=8）\output/data_lanes.xml"/>
        <statistic-output value="C:\Users\10539\Documents\BaiduNetdiskWorkspace\Python项目\Python绘图\本科毕业设计\交叉口模型参数分析\jmCrossingGap\3.4晚高峰（jmCrossingGap=8）\output/data_statistic.xml"/>
    </output>

    <time>
        <begin value="0"/>
        <end value="3600"/>
        <step-length value="1"/>
    </time>

    <processing>
        <no-internal-links value="false"/>
        <ignore-route-errors value="true"/>
        <collision.action value="teleport"/>
        <intermodal-collision.action value="warn"/>
        <collision.stoptime value="0"/>
        <intermodal-collision.stoptime value="0"/>
        <collision.check-junctions value="false"/>
        <max-num-vehicles value="-1"/>
        <max-num-teleports value="-1"/>
        <time-to-teleport value="300"/>
        <time-to-teleport.remove value="false"/>
        <waiting-time-memory value="100"/>
        <max-depart-delay value="-1"/>
        <random-depart-offset value="0"/>
        <lanechange.duration value="0"/>
        <lanechange.overtake-right value="false"/>
        <tls.all-off value="false"/>
        <tls.yellow.min-decel value="3"/>
    </processing>

    <routing>
        <routing-algorithm value="dijkstra"/>
    </routing>

    <report>
        <verbose value="true"/>
        <no-warnings value="true"/>
        <log value="C:\Users\10539\Documents\BaiduNetdiskWorkspace\Python项目\Python绘图\本科毕业设计\交叉口模型参数分析\jmCrossingGap\3.4晚高峰（jmCrossingGap=8）\output/data_log.xml"/>
        <no-step-log value="true"/>
        <step-log.period value="300"/>
    </report>

    <emissions>
        <device.emissions.period value="300"/>
    </emissions>

    <mesoscopic>
        <mesosim value="false"/>
    </mesoscopic>

    <random_number>
        <random value="false"/>
        <seed value="23423"/>
    </random_number>

    <gui_only>
        <gui-settings-file value="C:\Users\10539\Documents\BaiduNetdiskWorkspace\Python项目\Python绘图\本科毕业设计\交叉口模型参数分析\jmCrossingGap\3.4晚高峰（jmCrossingGap=8）\viewsettings.xml"/>
        <start value="false"/>
        <demo value="false"/>
        <window-size value="800,600"/>
        <window-pos value="100,100"/>
    </gui_only>

</configuration>
-->

<summary xmlns:xsi="http://www.w3.org/2001/XMLSchema-instance" xsi:noNamespaceSchemaLocation="http://sumo.dlr.de/xsd/summary_file.xsd">
    <step time="0.00" loaded="16" inserted="9" running="9" waiting="6" ended="0" arrived="0" collisions="0" teleports="0" halting="9" stopped="0" meanWaitingTime="0.00" meanTravelTime="-1.00" meanSpeed="0.00" meanSpeedRelative="0.00" duration="7"/>
    <step time="300.00" loaded="198" inserted="146" running="77" waiting="0" ended="69" arrived="69" collisions="0" teleports="0" halting="50" stopped="0" meanWaitingTime="1.17" meanTravelTime="94.70" meanSpeed="3.81" meanSpeedRelative="0.27" duration="1"/>
    <step time="600.00" loaded="298" inserted="285" running="90" waiting="3" ended="195" arrived="195" collisions="0" teleports="5" halting="48" stopped="0" meanWaitingTime="1.07" meanTravelTime="131.85" meanSpeed="5.35" meanSpeedRelative="0.39" duration="2"/>
    <step time="900.00" loaded="480" inserted="428" running="92" waiting="0" ended="336" arrived="336" collisions="0" teleports="8" halting="53" stopped="0" meanWaitingTime="1.06" meanTravelTime="136.18" meanSpeed="4.87" meanSpeedRelative="0.35" duration="3"/>
    <step time="1200.00" loaded="581" inserted="567" running="85" waiting="3" ended="482" arrived="482" collisions="1" teleports="15" halting="42" stopped="0" meanWaitingTime="1.03" meanTravelTime="153.67" meanSpeed="5.85" meanSpeedRelative="0.42" duration="3"/>
    <step time="1500.00" loaded="766" inserted="707" running="101" waiting="0" ended="606" arrived="606" collisions="1" teleports="19" halting="64" stopped="0" meanWaitingTime="1.05" meanTravelTime="156.09" meanSpeed="3.71" meanSpeedRelative="0.27" duration="1"/>
    <step time="1800.00" loaded="870" inserted="855" running="86" waiting="6" ended="769" arrived="769" collisions="1" teleports="26" halting="48" stopped="0" meanWaitingTime="1.03" meanTravelTime="162.22" meanSpeed="4.67" meanSpeedRelative="0.34" duration="2"/>
    <step time="2100.00" loaded="1058" inserted="997" running="91" waiting="0" ended="906" arrived="906" collisions="1" teleports="28" halting="55" stopped="0" meanWaitingTime="1.04" meanTravelTime="160.90" meanSpeed="4.60" meanSpeedRelative="0.33" duration="2"/>
    <step time="2400.00" loaded="1160" inserted="1143" running="93" waiting="4" ended="1050" arrived="1050" collisions="1" teleports="34" halting="60" stopped="0" meanWaitingTime="1.03" meanTravelTime="169.45" meanSpeed="3.59" meanSpeedRelative="0.26" duration="2"/>
    <step time="2700.00" loaded="1350" inserted="1291" running="103" waiting="0" ended="1188" arrived="1188" collisions="1" teleports="38" halting="72" stopped="0" meanWaitingTime="1.04" meanTravelTime="169.34" meanSpeed="2.56" meanSpeedRelative="0.18" duration="2"/>
    <step time="3000.00" loaded="1452" inserted="1434" running="90" waiting="3" ended="1344" arrived="1344" collisions="1" teleports="45" halting="58" stopped="0" meanWaitingTime="1.03" meanTravelTime="173.94" meanSpeed="4.16" meanSpeedRelative="0.30" duration="3"/>
    <step time="3300.00" loaded="1644" inserted="1579" running="91" waiting="0" ended="1488" arrived="1488" collisions="1" teleports="48" halting="61" stopped="0" meanWaitingTime="1.03" meanTravelTime="173.00" meanSpeed="3.22" meanSpeedRelative="0.23" duration="2"/>
</summary>
