<?xml version="1.0" encoding="UTF-8"?>

<!-- generated on 2024-04-29 21:35:37 by Eclipse SUMO GUI Version 1.19.0
<configuration xmlns:xsi="http://www.w3.org/2001/XMLSchema-instance" xsi:noNamespaceSchemaLocation="http://sumo.dlr.de/xsd/sumoConfiguration.xsd">

    <input>
        <net-file value="C:\Users\10539\Documents\BaiduNetdiskWorkspace\Python项目\Python绘图\本科毕业设计\交叉口模型参数分析\jmCrossingGap\3.4晚高峰（jmCrossingGap=8）\4.net.xml"/>
        <route-files value="C:\Users\10539\Documents\BaiduNetdiskWorkspace\Python项目\Python绘图\本科毕业设计\交叉口模型参数分析\jmCrossingGap\3.4晚高峰（jmCrossingGap=8）\v_vehs.rou.xml,C:\Users\10539\Documents\BaiduNetdiskWorkspace\Python项目\Python绘图\本科毕业设计\交叉口模型参数分析\jmCrossingGap\3.4晚高峰（jmCrossingGap=8）\pedestrian.rou.xml,C:\Users\10539\Documents\BaiduNetdiskWorkspace\Python项目\Python绘图\本科毕业设计\交叉口模型参数分析\jmCrossingGap\3.4晚高峰（jmCrossingGap=8）\bus.rou.xml"/>
        <additional-files value="C:\Users\10539\Documents\BaiduNetdiskWorkspace\Python项目\Python绘图\本科毕业设计\交叉口模型参数分析\jmCrossingGap\3.4晚高峰（jmCrossingGap=8）\det_e3.add.xml,C:\Users\10539\Documents\BaiduNetdiskWorkspace\Python项目\Python绘图\本科毕业设计\交叉口模型参数分析\jmCrossingGap\3.4晚高峰（jmCrossingGap=8）\det_e2.add.xml,C:\Users\10539\Documents\BaiduNetdiskWorkspace\Python项目\Python绘图\本科毕业设计\交叉口模型参数分析\jmCrossingGap\3.4晚高峰（jmCrossingGap=8）\busstop_def.add.xml"/>
    </input>

    <output>
        <write-license value="false"/>
        <output-prefix value="OUTPUT-"/>
        <precision value="2"/>
        <human-readable-time value="false"/>
        <emission-output value="C:\Users\10539\Documents\BaiduNetdiskWorkspace\Python项目\Python绘图\本科毕业设计\交叉口模型参数分析\jmCrossingGap\3.4晚高峰（jmCrossingGap=8）\output/data_emission.xml"/>
        <emission-output.precision value="2"/>
        <queue-output value="C:\Users\10539\Documents\BaiduNetdiskWorkspace\Python项目\Python绘图\本科毕业设计\交叉口模型参数分析\jmCrossingGap\3.4晚高峰（jmCrossingGap=8）\output/data_Queue.xml"/>
        <queue-output.period value="300"/>
        <summary-output value="C:\Users\10539\Documents\BaiduNetdiskWorkspace\Python项目\Python绘图\本科毕业设计\交叉口模型参数分析\jmCrossingGap\3.4晚高峰（jmCrossingGap=8）\output/data_summary.xml"/>
        <summary-output.period value="300"/>
        <person-summary-output value="C:\Users\10539\Documents\BaiduNetdiskWorkspace\Python项目\Python绘图\本科毕业设计\交叉口模型参数分析\jmCrossingGap\3.4晚高峰（jmCrossingGap=8）\output/data_person_summary.xml"/>
        <personinfo-output value="C:\Users\10539\Documents\BaiduNetdiskWorkspace\Python项目\Python绘图\本科毕业设计\交叉口模型参数分析\jmCrossingGap\3.4晚高峰（jmCrossingGap=8）\output/data_personinfo.xml"/>
        <collision-output value="C:\Users\10539\Documents\BaiduNetdiskWorkspace\Python项目\Python绘图\本科毕业设计\交叉口模型参数分析\jmCrossingGap\3.4晚高峰（jmCrossingGap=8）\output/data_collision.xml"/>
        <edgedata-output value="C:\Users\10539\Documents\BaiduNetdiskWorkspace\Python项目\Python绘图\本科毕业设计\交叉口模型参数分析\jmCrossingGap\3.4晚高峰（jmCrossingGap=8）\output/data_edges.xml"/>
        <lanedata-output value="C:\Users\10539\Documents\BaiduNetdiskWorkspace\Python项目\Python绘图\本科毕业设计\交叉口模型参数分析\jmCrossingGap\3.4晚高峰（jmCrossingGap=8）\output/data_lanes.xml"/>
        <statistic-output value="C:\Users\10539\Documents\BaiduNetdiskWorkspace\Python项目\Python绘图\本科毕业设计\交叉口模型参数分析\jmCrossingGap\3.4晚高峰（jmCrossingGap=8）\output/data_statistic.xml"/>
    </output>

    <time>
        <begin value="0"/>
        <end value="3600"/>
        <step-length value="1"/>
    </time>

    <processing>
        <no-internal-links value="false"/>
        <ignore-route-errors value="true"/>
        <collision.action value="teleport"/>
        <intermodal-collision.action value="warn"/>
        <collision.stoptime value="0"/>
        <intermodal-collision.stoptime value="0"/>
        <collision.check-junctions value="false"/>
        <max-num-vehicles value="-1"/>
        <max-num-teleports value="-1"/>
        <time-to-teleport value="300"/>
        <time-to-teleport.remove value="false"/>
        <waiting-time-memory value="100"/>
        <max-depart-delay value="-1"/>
        <random-depart-offset value="0"/>
        <lanechange.duration value="0"/>
        <lanechange.overtake-right value="false"/>
        <tls.all-off value="false"/>
        <tls.yellow.min-decel value="3"/>
    </processing>

    <routing>
        <routing-algorithm value="dijkstra"/>
    </routing>

    <report>
        <verbose value="true"/>
        <no-warnings value="true"/>
        <log value="C:\Users\10539\Documents\BaiduNetdiskWorkspace\Python项目\Python绘图\本科毕业设计\交叉口模型参数分析\jmCrossingGap\3.4晚高峰（jmCrossingGap=8）\output/data_log.xml"/>
        <no-step-log value="true"/>
        <step-log.period value="300"/>
    </report>

    <emissions>
        <device.emissions.period value="300"/>
    </emissions>

    <mesoscopic>
        <mesosim value="false"/>
    </mesoscopic>

    <random_number>
        <random value="false"/>
        <seed value="23423"/>
    </random_number>

    <gui_only>
        <gui-settings-file value="C:\Users\10539\Documents\BaiduNetdiskWorkspace\Python项目\Python绘图\本科毕业设计\交叉口模型参数分析\jmCrossingGap\3.4晚高峰（jmCrossingGap=8）\viewsettings.xml"/>
        <start value="false"/>
        <demo value="false"/>
        <window-size value="800,600"/>
        <window-pos value="100,100"/>
    </gui_only>

</configuration>
-->

<e3Detector xmlns:xsi="http://www.w3.org/2001/XMLSchema-instance" xsi:noNamespaceSchemaLocation="http://sumo.dlr.de/xsd/det_e3_file.xsd">
   <interval begin="0.00" end="300.00" id="首体路整体" meanTravelTime="78.31" meanOverlapTravelTime="78.76" meanSpeed="8.64" meanHaltsPerVehicle="0.72" meanTimeLoss="36.44" vehicleSum="54" meanSpeedWithin="5.45" meanHaltsPerVehicleWithin="1.25" meanDurationWithin="119.31" vehicleSumWithin="67" meanIntervalSpeedWithin="5.45" meanIntervalHaltsPerVehicleWithin="1.25" meanIntervalDurationWithin="119.31" meanTimeLossWithin="87.52"/>
   <interval begin="0.00" end="300.00" id="首体路与车公庄西" meanTravelTime="43.73" meanOverlapTravelTime="44.19" meanSpeed="10.26" meanHaltsPerVehicle="0.54" meanTimeLoss="12.87" vehicleSum="39" meanSpeedWithin="4.37" meanHaltsPerVehicleWithin="1.05" meanDurationWithin="108.93" vehicleSumWithin="20" meanIntervalSpeedWithin="4.37" meanIntervalHaltsPerVehicleWithin="1.05" meanIntervalDurationWithin="108.93" meanTimeLossWithin="91.34"/>
   <interval begin="0.00" end="300.00" id="首体路与增光路" meanTravelTime="60.23" meanOverlapTravelTime="60.68" meanSpeed="8.29" meanHaltsPerVehicle="0.53" meanTimeLoss="33.77" vehicleSum="59" meanSpeedWithin="5.51" meanHaltsPerVehicleWithin="0.81" meanDurationWithin="87.11" vehicleSumWithin="26" meanIntervalSpeedWithin="5.51" meanIntervalHaltsPerVehicleWithin="0.81" meanIntervalDurationWithin="87.11" meanTimeLossWithin="69.43"/>
   <interval begin="0.00" end="300.00" id="首体路与阜城路" meanTravelTime="70.99" meanOverlapTravelTime="71.49" meanSpeed="8.54" meanHaltsPerVehicle="0.58" meanTimeLoss="35.83" vehicleSum="31" meanSpeedWithin="7.48" meanHaltsPerVehicleWithin="0.96" meanDurationWithin="62.86" vehicleSumWithin="26" meanIntervalSpeedWithin="7.48" meanIntervalHaltsPerVehicleWithin="0.96" meanIntervalDurationWithin="62.86" meanTimeLossWithin="40.06"/>
   <interval begin="0.00" end="300.00" id="CAV_首体路整体" meanTravelTime="-1.00" meanOverlapTravelTime="-1.00" meanSpeed="-1.00" meanHaltsPerVehicle="-1.00" meanTimeLoss="-1.00" vehicleSum="0" meanSpeedWithin="-1.00" meanHaltsPerVehicleWithin="-1.00" meanDurationWithin="-1.00" vehicleSumWithin="0" meanIntervalSpeedWithin="-1.00" meanIntervalHaltsPerVehicleWithin="-1.00" meanIntervalDurationWithin="-1.00" meanTimeLossWithin="-1.00"/>
   <interval begin="0.00" end="300.00" id="CAV_首体路与车公庄西" meanTravelTime="-1.00" meanOverlapTravelTime="-1.00" meanSpeed="-1.00" meanHaltsPerVehicle="-1.00" meanTimeLoss="-1.00" vehicleSum="0" meanSpeedWithin="-1.00" meanHaltsPerVehicleWithin="-1.00" meanDurationWithin="-1.00" vehicleSumWithin="0" meanIntervalSpeedWithin="-1.00" meanIntervalHaltsPerVehicleWithin="-1.00" meanIntervalDurationWithin="-1.00" meanTimeLossWithin="-1.00"/>
   <interval begin="0.00" end="300.00" id="CAV_首体路与增光路" meanTravelTime="-1.00" meanOverlapTravelTime="-1.00" meanSpeed="-1.00" meanHaltsPerVehicle="-1.00" meanTimeLoss="-1.00" vehicleSum="0" meanSpeedWithin="-1.00" meanHaltsPerVehicleWithin="-1.00" meanDurationWithin="-1.00" vehicleSumWithin="0" meanIntervalSpeedWithin="-1.00" meanIntervalHaltsPerVehicleWithin="-1.00" meanIntervalDurationWithin="-1.00" meanTimeLossWithin="-1.00"/>
   <interval begin="0.00" end="300.00" id="CAV_首体路与阜城路" meanTravelTime="-1.00" meanOverlapTravelTime="-1.00" meanSpeed="-1.00" meanHaltsPerVehicle="-1.00" meanTimeLoss="-1.00" vehicleSum="0" meanSpeedWithin="-1.00" meanHaltsPerVehicleWithin="-1.00" meanDurationWithin="-1.00" vehicleSumWithin="0" meanIntervalSpeedWithin="-1.00" meanIntervalHaltsPerVehicleWithin="-1.00" meanIntervalDurationWithin="-1.00" meanTimeLossWithin="-1.00"/>
   <interval begin="300.00" end="600.00" id="首体路整体" meanTravelTime="138.03" meanOverlapTravelTime="138.43" meanSpeed="6.37" meanHaltsPerVehicle="1.43" meanTimeLoss="92.53" vehicleSum="122" meanSpeedWithin="5.02" meanHaltsPerVehicleWithin="1.27" meanDurationWithin="166.61" vehicleSumWithin="59" meanIntervalSpeedWithin="5.05" meanIntervalHaltsPerVehicleWithin="1.14" meanIntervalDurationWithin="141.75" meanTimeLossWithin="112.11"/>
   <interval begin="300.00" end="600.00" id="首体路与车公庄西" meanTravelTime="72.52" meanOverlapTravelTime="72.95" meanSpeed="8.41" meanHaltsPerVehicle="1.02" meanTimeLoss="41.05" vehicleSum="61" meanSpeedWithin="4.18" meanHaltsPerVehicleWithin="1.24" meanDurationWithin="188.51" vehicleSumWithin="29" meanIntervalSpeedWithin="4.19" meanIntervalHaltsPerVehicleWithin="1.03" meanIntervalDurationWithin="150.89" meanTimeLossWithin="132.44"/>
   <interval begin="300.00" end="600.00" id="首体路与增光路" meanTravelTime="98.44" meanOverlapTravelTime="98.84" meanSpeed="6.06" meanHaltsPerVehicle="0.90" meanTimeLoss="73.12" vehicleSum="88" meanSpeedWithin="6.27" meanHaltsPerVehicleWithin="0.70" meanDurationWithin="75.70" vehicleSumWithin="23" meanIntervalSpeedWithin="6.27" meanIntervalHaltsPerVehicleWithin="0.70" meanIntervalDurationWithin="75.70" meanTimeLossWithin="58.39"/>
   <interval begin="300.00" end="600.00" id="首体路与阜城路" meanTravelTime="78.78" meanOverlapTravelTime="79.19" meanSpeed="7.69" meanHaltsPerVehicle="0.77" meanTimeLoss="46.90" vehicleSum="61" meanSpeedWithin="7.56" meanHaltsPerVehicleWithin="0.55" meanDurationWithin="66.61" vehicleSumWithin="11" meanIntervalSpeedWithin="7.56" meanIntervalHaltsPerVehicleWithin="0.55" meanIntervalDurationWithin="66.61" meanTimeLossWithin="47.97"/>
   <interval begin="300.00" end="600.00" id="CAV_首体路整体" meanTravelTime="-1.00" meanOverlapTravelTime="-1.00" meanSpeed="-1.00" meanHaltsPerVehicle="-1.00" meanTimeLoss="-1.00" vehicleSum="0" meanSpeedWithin="-1.00" meanHaltsPerVehicleWithin="-1.00" meanDurationWithin="-1.00" vehicleSumWithin="0" meanIntervalSpeedWithin="-1.00" meanIntervalHaltsPerVehicleWithin="-1.00" meanIntervalDurationWithin="-1.00" meanTimeLossWithin="-1.00"/>
   <interval begin="300.00" end="600.00" id="CAV_首体路与车公庄西" meanTravelTime="-1.00" meanOverlapTravelTime="-1.00" meanSpeed="-1.00" meanHaltsPerVehicle="-1.00" meanTimeLoss="-1.00" vehicleSum="0" meanSpeedWithin="-1.00" meanHaltsPerVehicleWithin="-1.00" meanDurationWithin="-1.00" vehicleSumWithin="0" meanIntervalSpeedWithin="-1.00" meanIntervalHaltsPerVehicleWithin="-1.00" meanIntervalDurationWithin="-1.00" meanTimeLossWithin="-1.00"/>
   <interval begin="300.00" end="600.00" id="CAV_首体路与增光路" meanTravelTime="-1.00" meanOverlapTravelTime="-1.00" meanSpeed="-1.00" meanHaltsPerVehicle="-1.00" meanTimeLoss="-1.00" vehicleSum="0" meanSpeedWithin="-1.00" meanHaltsPerVehicleWithin="-1.00" meanDurationWithin="-1.00" vehicleSumWithin="0" meanIntervalSpeedWithin="-1.00" meanIntervalHaltsPerVehicleWithin="-1.00" meanIntervalDurationWithin="-1.00" meanTimeLossWithin="-1.00"/>
   <interval begin="300.00" end="600.00" id="CAV_首体路与阜城路" meanTravelTime="-1.00" meanOverlapTravelTime="-1.00" meanSpeed="-1.00" meanHaltsPerVehicle="-1.00" meanTimeLoss="-1.00" vehicleSum="0" meanSpeedWithin="-1.00" meanHaltsPerVehicleWithin="-1.00" meanDurationWithin="-1.00" vehicleSumWithin="0" meanIntervalSpeedWithin="-1.00" meanIntervalHaltsPerVehicleWithin="-1.00" meanIntervalDurationWithin="-1.00" meanTimeLossWithin="-1.00"/>
   <interval begin="600.00" end="900.00" id="首体路整体" meanTravelTime="149.53" meanOverlapTravelTime="149.95" meanSpeed="6.80" meanHaltsPerVehicle="1.35" meanTimeLoss="108.14" vehicleSum="122" meanSpeedWithin="4.82" meanHaltsPerVehicleWithin="1.46" meanDurationWithin="164.35" vehicleSumWithin="56" meanIntervalSpeedWithin="4.76" meanIntervalHaltsPerVehicleWithin="1.34" meanIntervalDurationWithin="152.94" meanTimeLossWithin="117.79"/>
   <interval begin="600.00" end="900.00" id="首体路与车公庄西" meanTravelTime="125.91" meanOverlapTravelTime="126.35" meanSpeed="7.11" meanHaltsPerVehicle="1.17" meanTimeLoss="95.84" vehicleSum="75" meanSpeedWithin="6.75" meanHaltsPerVehicleWithin="0.74" meanDurationWithin="80.87" vehicleSumWithin="23" meanIntervalSpeedWithin="6.75" meanIntervalHaltsPerVehicleWithin="0.74" meanIntervalDurationWithin="80.87" meanTimeLossWithin="61.47"/>
   <interval begin="600.00" end="900.00" id="首体路与增光路" meanTravelTime="85.69" meanOverlapTravelTime="86.15" meanSpeed="7.20" meanHaltsPerVehicle="0.64" meanTimeLoss="58.75" vehicleSum="87" meanSpeedWithin="6.29" meanHaltsPerVehicleWithin="0.93" meanDurationWithin="118.91" vehicleSumWithin="28" meanIntervalSpeedWithin="6.22" meanIntervalHaltsPerVehicleWithin="0.82" meanIntervalDurationWithin="102.62" meanTimeLossWithin="88.17"/>
   <interval begin="600.00" end="900.00" id="首体路与阜城路" meanTravelTime="83.86" meanOverlapTravelTime="84.30" meanSpeed="7.28" meanHaltsPerVehicle="1.00" meanTimeLoss="51.50" vehicleSum="54" meanSpeedWithin="9.28" meanHaltsPerVehicleWithin="0.45" meanDurationWithin="52.70" vehicleSumWithin="11" meanIntervalSpeedWithin="9.28" meanIntervalHaltsPerVehicleWithin="0.45" meanIntervalDurationWithin="52.70" meanTimeLossWithin="33.75"/>
   <interval begin="600.00" end="900.00" id="CAV_首体路整体" meanTravelTime="-1.00" meanOverlapTravelTime="-1.00" meanSpeed="-1.00" meanHaltsPerVehicle="-1.00" meanTimeLoss="-1.00" vehicleSum="0" meanSpeedWithin="-1.00" meanHaltsPerVehicleWithin="-1.00" meanDurationWithin="-1.00" vehicleSumWithin="0" meanIntervalSpeedWithin="-1.00" meanIntervalHaltsPerVehicleWithin="-1.00" meanIntervalDurationWithin="-1.00" meanTimeLossWithin="-1.00"/>
   <interval begin="600.00" end="900.00" id="CAV_首体路与车公庄西" meanTravelTime="-1.00" meanOverlapTravelTime="-1.00" meanSpeed="-1.00" meanHaltsPerVehicle="-1.00" meanTimeLoss="-1.00" vehicleSum="0" meanSpeedWithin="-1.00" meanHaltsPerVehicleWithin="-1.00" meanDurationWithin="-1.00" vehicleSumWithin="0" meanIntervalSpeedWithin="-1.00" meanIntervalHaltsPerVehicleWithin="-1.00" meanIntervalDurationWithin="-1.00" meanTimeLossWithin="-1.00"/>
   <interval begin="600.00" end="900.00" id="CAV_首体路与增光路" meanTravelTime="-1.00" meanOverlapTravelTime="-1.00" meanSpeed="-1.00" meanHaltsPerVehicle="-1.00" meanTimeLoss="-1.00" vehicleSum="0" meanSpeedWithin="-1.00" meanHaltsPerVehicleWithin="-1.00" meanDurationWithin="-1.00" vehicleSumWithin="0" meanIntervalSpeedWithin="-1.00" meanIntervalHaltsPerVehicleWithin="-1.00" meanIntervalDurationWithin="-1.00" meanTimeLossWithin="-1.00"/>
   <interval begin="600.00" end="900.00" id="CAV_首体路与阜城路" meanTravelTime="-1.00" meanOverlapTravelTime="-1.00" meanSpeed="-1.00" meanHaltsPerVehicle="-1.00" meanTimeLoss="-1.00" vehicleSum="0" meanSpeedWithin="-1.00" meanHaltsPerVehicleWithin="-1.00" meanDurationWithin="-1.00" vehicleSumWithin="0" meanIntervalSpeedWithin="-1.00" meanIntervalHaltsPerVehicleWithin="-1.00" meanIntervalDurationWithin="-1.00" meanTimeLossWithin="-1.00"/>
   <interval begin="900.00" end="1200.00" id="首体路整体" meanTravelTime="141.64" meanOverlapTravelTime="142.04" meanSpeed="7.08" meanHaltsPerVehicle="1.69" meanTimeLoss="92.28" vehicleSum="108" meanSpeedWithin="4.94" meanHaltsPerVehicleWithin="1.50" meanDurationWithin="181.89" vehicleSumWithin="68" meanIntervalSpeedWithin="4.91" meanIntervalHaltsPerVehicleWithin="1.21" meanIntervalDurationWithin="140.48" meanTimeLossWithin="114.40"/>
   <interval begin="900.00" end="1200.00" id="首体路与车公庄西" meanTravelTime="71.40" meanOverlapTravelTime="71.83" meanSpeed="8.85" meanHaltsPerVehicle="0.91" meanTimeLoss="40.09" vehicleSum="67" meanSpeedWithin="4.96" meanHaltsPerVehicleWithin="1.05" meanDurationWithin="164.58" vehicleSumWithin="20" meanIntervalSpeedWithin="4.95" meanIntervalHaltsPerVehicleWithin="0.80" meanIntervalDurationWithin="134.73" meanTimeLossWithin="116.99"/>
   <interval begin="900.00" end="1200.00" id="首体路与增光路" meanTravelTime="79.63" meanOverlapTravelTime="80.01" meanSpeed="7.46" meanHaltsPerVehicle="0.81" meanTimeLoss="54.95" vehicleSum="81" meanSpeedWithin="4.58" meanHaltsPerVehicleWithin="1.27" meanDurationWithin="176.10" vehicleSumWithin="37" meanIntervalSpeedWithin="4.51" meanIntervalHaltsPerVehicleWithin="0.95" meanIntervalDurationWithin="124.31" meanTimeLossWithin="107.31"/>
   <interval begin="900.00" end="1200.00" id="首体路与阜城路" meanTravelTime="86.27" meanOverlapTravelTime="86.68" meanSpeed="6.73" meanHaltsPerVehicle="1.36" meanTimeLoss="54.87" vehicleSum="47" meanSpeedWithin="10.55" meanHaltsPerVehicleWithin="0.35" meanDurationWithin="32.88" vehicleSumWithin="17" meanIntervalSpeedWithin="10.55" meanIntervalHaltsPerVehicleWithin="0.35" meanIntervalDurationWithin="32.88" meanTimeLossWithin="14.15"/>
   <interval begin="900.00" end="1200.00" id="CAV_首体路整体" meanTravelTime="-1.00" meanOverlapTravelTime="-1.00" meanSpeed="-1.00" meanHaltsPerVehicle="-1.00" meanTimeLoss="-1.00" vehicleSum="0" meanSpeedWithin="-1.00" meanHaltsPerVehicleWithin="-1.00" meanDurationWithin="-1.00" vehicleSumWithin="0" meanIntervalSpeedWithin="-1.00" meanIntervalHaltsPerVehicleWithin="-1.00" meanIntervalDurationWithin="-1.00" meanTimeLossWithin="-1.00"/>
   <interval begin="900.00" end="1200.00" id="CAV_首体路与车公庄西" meanTravelTime="-1.00" meanOverlapTravelTime="-1.00" meanSpeed="-1.00" meanHaltsPerVehicle="-1.00" meanTimeLoss="-1.00" vehicleSum="0" meanSpeedWithin="-1.00" meanHaltsPerVehicleWithin="-1.00" meanDurationWithin="-1.00" vehicleSumWithin="0" meanIntervalSpeedWithin="-1.00" meanIntervalHaltsPerVehicleWithin="-1.00" meanIntervalDurationWithin="-1.00" meanTimeLossWithin="-1.00"/>
   <interval begin="900.00" end="1200.00" id="CAV_首体路与增光路" meanTravelTime="-1.00" meanOverlapTravelTime="-1.00" meanSpeed="-1.00" meanHaltsPerVehicle="-1.00" meanTimeLoss="-1.00" vehicleSum="0" meanSpeedWithin="-1.00" meanHaltsPerVehicleWithin="-1.00" meanDurationWithin="-1.00" vehicleSumWithin="0" meanIntervalSpeedWithin="-1.00" meanIntervalHaltsPerVehicleWithin="-1.00" meanIntervalDurationWithin="-1.00" meanTimeLossWithin="-1.00"/>
   <interval begin="900.00" end="1200.00" id="CAV_首体路与阜城路" meanTravelTime="-1.00" meanOverlapTravelTime="-1.00" meanSpeed="-1.00" meanHaltsPerVehicle="-1.00" meanTimeLoss="-1.00" vehicleSum="0" meanSpeedWithin="-1.00" meanHaltsPerVehicleWithin="-1.00" meanDurationWithin="-1.00" vehicleSumWithin="0" meanIntervalSpeedWithin="-1.00" meanIntervalHaltsPerVehicleWithin="-1.00" meanIntervalDurationWithin="-1.00" meanTimeLossWithin="-1.00"/>
   <interval begin="1200.00" end="1500.00" id="首体路整体" meanTravelTime="167.58" meanOverlapTravelTime="168.01" meanSpeed="6.18" meanHaltsPerVehicle="1.31" meanTimeLoss="115.61" vehicleSum="118" meanSpeedWithin="4.84" meanHaltsPerVehicleWithin="1.67" meanDurationWithin="188.51" vehicleSumWithin="72" meanIntervalSpeedWithin="4.80" meanIntervalHaltsPerVehicleWithin="1.39" meanIntervalDurationWithin="137.97" meanTimeLossWithin="109.41"/>
   <interval begin="1200.00" end="1500.00" id="首体路与车公庄西" meanTravelTime="106.14" meanOverlapTravelTime="106.57" meanSpeed="7.64" meanHaltsPerVehicle="0.77" meanTimeLoss="74.11" vehicleSum="82" meanSpeedWithin="4.36" meanHaltsPerVehicleWithin="1.21" meanDurationWithin="99.76" vehicleSumWithin="19" meanIntervalSpeedWithin="4.36" meanIntervalHaltsPerVehicleWithin="1.21" meanIntervalDurationWithin="99.76" meanTimeLossWithin="83.82"/>
   <interval begin="1200.00" end="1500.00" id="首体路与增光路" meanTravelTime="95.26" meanOverlapTravelTime="95.71" meanSpeed="6.19" meanHaltsPerVehicle="0.91" meanTimeLoss="68.02" vehicleSum="93" meanSpeedWithin="5.25" meanHaltsPerVehicleWithin="1.49" meanDurationWithin="213.26" vehicleSumWithin="39" meanIntervalSpeedWithin="5.18" meanIntervalHaltsPerVehicleWithin="0.97" meanIntervalDurationWithin="120.00" meanTimeLossWithin="104.69"/>
   <interval begin="1200.00" end="1500.00" id="首体路与阜城路" meanTravelTime="69.97" meanOverlapTravelTime="70.40" meanSpeed="9.62" meanHaltsPerVehicle="0.35" meanTimeLoss="37.11" vehicleSum="63" meanSpeedWithin="8.06" meanHaltsPerVehicleWithin="0.79" meanDurationWithin="50.08" vehicleSumWithin="19" meanIntervalSpeedWithin="8.06" meanIntervalHaltsPerVehicleWithin="0.79" meanIntervalDurationWithin="50.08" meanTimeLossWithin="27.17"/>
   <interval begin="1200.00" end="1500.00" id="CAV_首体路整体" meanTravelTime="-1.00" meanOverlapTravelTime="-1.00" meanSpeed="-1.00" meanHaltsPerVehicle="-1.00" meanTimeLoss="-1.00" vehicleSum="0" meanSpeedWithin="-1.00" meanHaltsPerVehicleWithin="-1.00" meanDurationWithin="-1.00" vehicleSumWithin="0" meanIntervalSpeedWithin="-1.00" meanIntervalHaltsPerVehicleWithin="-1.00" meanIntervalDurationWithin="-1.00" meanTimeLossWithin="-1.00"/>
   <interval begin="1200.00" end="1500.00" id="CAV_首体路与车公庄西" meanTravelTime="-1.00" meanOverlapTravelTime="-1.00" meanSpeed="-1.00" meanHaltsPerVehicle="-1.00" meanTimeLoss="-1.00" vehicleSum="0" meanSpeedWithin="-1.00" meanHaltsPerVehicleWithin="-1.00" meanDurationWithin="-1.00" vehicleSumWithin="0" meanIntervalSpeedWithin="-1.00" meanIntervalHaltsPerVehicleWithin="-1.00" meanIntervalDurationWithin="-1.00" meanTimeLossWithin="-1.00"/>
   <interval begin="1200.00" end="1500.00" id="CAV_首体路与增光路" meanTravelTime="-1.00" meanOverlapTravelTime="-1.00" meanSpeed="-1.00" meanHaltsPerVehicle="-1.00" meanTimeLoss="-1.00" vehicleSum="0" meanSpeedWithin="-1.00" meanHaltsPerVehicleWithin="-1.00" meanDurationWithin="-1.00" vehicleSumWithin="0" meanIntervalSpeedWithin="-1.00" meanIntervalHaltsPerVehicleWithin="-1.00" meanIntervalDurationWithin="-1.00" meanTimeLossWithin="-1.00"/>
   <interval begin="1200.00" end="1500.00" id="CAV_首体路与阜城路" meanTravelTime="-1.00" meanOverlapTravelTime="-1.00" meanSpeed="-1.00" meanHaltsPerVehicle="-1.00" meanTimeLoss="-1.00" vehicleSum="0" meanSpeedWithin="-1.00" meanHaltsPerVehicleWithin="-1.00" meanDurationWithin="-1.00" vehicleSumWithin="0" meanIntervalSpeedWithin="-1.00" meanIntervalHaltsPerVehicleWithin="-1.00" meanIntervalDurationWithin="-1.00" meanTimeLossWithin="-1.00"/>
   <interval begin="1500.00" end="1800.00" id="首体路整体" meanTravelTime="143.43" meanOverlapTravelTime="143.83" meanSpeed="6.69" meanHaltsPerVehicle="1.50" meanTimeLoss="96.55" vehicleSum="129" meanSpeedWithin="4.84" meanHaltsPerVehicleWithin="1.58" meanDurationWithin="265.21" vehicleSumWithin="60" meanIntervalSpeedWithin="4.82" meanIntervalHaltsPerVehicleWithin="0.98" meanIntervalDurationWithin="154.76" meanTimeLossWithin="129.23"/>
   <interval begin="1500.00" end="1800.00" id="首体路与车公庄西" meanTravelTime="71.53" meanOverlapTravelTime="71.95" meanSpeed="8.45" meanHaltsPerVehicle="1.00" meanTimeLoss="39.96" vehicleSum="67" meanSpeedWithin="5.08" meanHaltsPerVehicleWithin="1.17" meanDurationWithin="186.84" vehicleSumWithin="23" meanIntervalSpeedWithin="5.09" meanIntervalHaltsPerVehicleWithin="0.87" meanIntervalDurationWithin="141.53" meanTimeLossWithin="124.02"/>
   <interval begin="1500.00" end="1800.00" id="首体路与增光路" meanTravelTime="97.91" meanOverlapTravelTime="98.31" meanSpeed="6.88" meanHaltsPerVehicle="0.78" meanTimeLoss="71.78" vehicleSum="94" meanSpeedWithin="5.37" meanHaltsPerVehicleWithin="1.55" meanDurationWithin="297.84" vehicleSumWithin="31" meanIntervalSpeedWithin="5.30" meanIntervalHaltsPerVehicleWithin="0.68" meanIntervalDurationWithin="127.11" meanTimeLossWithin="114.30"/>
   <interval begin="1500.00" end="1800.00" id="首体路与阜城路" meanTravelTime="85.87" meanOverlapTravelTime="86.26" meanSpeed="6.87" meanHaltsPerVehicle="1.05" meanTimeLoss="54.17" vehicleSum="57" meanSpeedWithin="8.06" meanHaltsPerVehicleWithin="0.45" meanDurationWithin="55.09" vehicleSumWithin="11" meanIntervalSpeedWithin="8.06" meanIntervalHaltsPerVehicleWithin="0.45" meanIntervalDurationWithin="55.09" meanTimeLossWithin="31.51"/>
   <interval begin="1500.00" end="1800.00" id="CAV_首体路整体" meanTravelTime="-1.00" meanOverlapTravelTime="-1.00" meanSpeed="-1.00" meanHaltsPerVehicle="-1.00" meanTimeLoss="-1.00" vehicleSum="0" meanSpeedWithin="-1.00" meanHaltsPerVehicleWithin="-1.00" meanDurationWithin="-1.00" vehicleSumWithin="0" meanIntervalSpeedWithin="-1.00" meanIntervalHaltsPerVehicleWithin="-1.00" meanIntervalDurationWithin="-1.00" meanTimeLossWithin="-1.00"/>
   <interval begin="1500.00" end="1800.00" id="CAV_首体路与车公庄西" meanTravelTime="-1.00" meanOverlapTravelTime="-1.00" meanSpeed="-1.00" meanHaltsPerVehicle="-1.00" meanTimeLoss="-1.00" vehicleSum="0" meanSpeedWithin="-1.00" meanHaltsPerVehicleWithin="-1.00" meanDurationWithin="-1.00" vehicleSumWithin="0" meanIntervalSpeedWithin="-1.00" meanIntervalHaltsPerVehicleWithin="-1.00" meanIntervalDurationWithin="-1.00" meanTimeLossWithin="-1.00"/>
   <interval begin="1500.00" end="1800.00" id="CAV_首体路与增光路" meanTravelTime="-1.00" meanOverlapTravelTime="-1.00" meanSpeed="-1.00" meanHaltsPerVehicle="-1.00" meanTimeLoss="-1.00" vehicleSum="0" meanSpeedWithin="-1.00" meanHaltsPerVehicleWithin="-1.00" meanDurationWithin="-1.00" vehicleSumWithin="0" meanIntervalSpeedWithin="-1.00" meanIntervalHaltsPerVehicleWithin="-1.00" meanIntervalDurationWithin="-1.00" meanTimeLossWithin="-1.00"/>
   <interval begin="1500.00" end="1800.00" id="CAV_首体路与阜城路" meanTravelTime="-1.00" meanOverlapTravelTime="-1.00" meanSpeed="-1.00" meanHaltsPerVehicle="-1.00" meanTimeLoss="-1.00" vehicleSum="0" meanSpeedWithin="-1.00" meanHaltsPerVehicleWithin="-1.00" meanDurationWithin="-1.00" vehicleSumWithin="0" meanIntervalSpeedWithin="-1.00" meanIntervalHaltsPerVehicleWithin="-1.00" meanIntervalDurationWithin="-1.00" meanTimeLossWithin="-1.00"/>
   <interval begin="1800.00" end="2100.00" id="首体路整体" meanTravelTime="172.30" meanOverlapTravelTime="172.71" meanSpeed="6.16" meanHaltsPerVehicle="1.40" meanTimeLoss="129.79" vehicleSum="121" meanSpeedWithin="4.78" meanHaltsPerVehicleWithin="1.87" meanDurationWithin="256.95" vehicleSumWithin="67" meanIntervalSpeedWithin="4.74" meanIntervalHaltsPerVehicleWithin="1.36" meanIntervalDurationWithin="150.40" meanTimeLossWithin="117.86"/>
   <interval begin="1800.00" end="2100.00" id="首体路与车公庄西" meanTravelTime="139.60" meanOverlapTravelTime="140.04" meanSpeed="6.79" meanHaltsPerVehicle="1.19" meanTimeLoss="109.43" vehicleSum="70" meanSpeedWithin="6.89" meanHaltsPerVehicleWithin="0.91" meanDurationWithin="70.03" vehicleSumWithin="23" meanIntervalSpeedWithin="6.89" meanIntervalHaltsPerVehicleWithin="0.91" meanIntervalDurationWithin="70.03" meanTimeLossWithin="55.71"/>
   <interval begin="1800.00" end="2100.00" id="首体路与增光路" meanTravelTime="102.99" meanOverlapTravelTime="103.43" meanSpeed="6.57" meanHaltsPerVehicle="0.80" meanTimeLoss="76.37" vehicleSum="96" meanSpeedWithin="5.04" meanHaltsPerVehicleWithin="1.55" meanDurationWithin="280.66" vehicleSumWithin="38" meanIntervalSpeedWithin="5.01" meanIntervalHaltsPerVehicleWithin="0.84" meanIntervalDurationWithin="115.38" meanTimeLossWithin="99.74"/>
   <interval begin="1800.00" end="2100.00" id="首体路与阜城路" meanTravelTime="78.25" meanOverlapTravelTime="78.69" meanSpeed="7.69" meanHaltsPerVehicle="0.77" meanTimeLoss="44.42" vehicleSum="60" meanSpeedWithin="9.56" meanHaltsPerVehicleWithin="0.36" meanDurationWithin="85.11" vehicleSumWithin="11" meanIntervalSpeedWithin="9.56" meanIntervalHaltsPerVehicleWithin="0.36" meanIntervalDurationWithin="85.11" meanTimeLossWithin="62.23"/>
   <interval begin="1800.00" end="2100.00" id="CAV_首体路整体" meanTravelTime="-1.00" meanOverlapTravelTime="-1.00" meanSpeed="-1.00" meanHaltsPerVehicle="-1.00" meanTimeLoss="-1.00" vehicleSum="0" meanSpeedWithin="-1.00" meanHaltsPerVehicleWithin="-1.00" meanDurationWithin="-1.00" vehicleSumWithin="0" meanIntervalSpeedWithin="-1.00" meanIntervalHaltsPerVehicleWithin="-1.00" meanIntervalDurationWithin="-1.00" meanTimeLossWithin="-1.00"/>
   <interval begin="1800.00" end="2100.00" id="CAV_首体路与车公庄西" meanTravelTime="-1.00" meanOverlapTravelTime="-1.00" meanSpeed="-1.00" meanHaltsPerVehicle="-1.00" meanTimeLoss="-1.00" vehicleSum="0" meanSpeedWithin="-1.00" meanHaltsPerVehicleWithin="-1.00" meanDurationWithin="-1.00" vehicleSumWithin="0" meanIntervalSpeedWithin="-1.00" meanIntervalHaltsPerVehicleWithin="-1.00" meanIntervalDurationWithin="-1.00" meanTimeLossWithin="-1.00"/>
   <interval begin="1800.00" end="2100.00" id="CAV_首体路与增光路" meanTravelTime="-1.00" meanOverlapTravelTime="-1.00" meanSpeed="-1.00" meanHaltsPerVehicle="-1.00" meanTimeLoss="-1.00" vehicleSum="0" meanSpeedWithin="-1.00" meanHaltsPerVehicleWithin="-1.00" meanDurationWithin="-1.00" vehicleSumWithin="0" meanIntervalSpeedWithin="-1.00" meanIntervalHaltsPerVehicleWithin="-1.00" meanIntervalDurationWithin="-1.00" meanTimeLossWithin="-1.00"/>
   <interval begin="1800.00" end="2100.00" id="CAV_首体路与阜城路" meanTravelTime="-1.00" meanOverlapTravelTime="-1.00" meanSpeed="-1.00" meanHaltsPerVehicle="-1.00" meanTimeLoss="-1.00" vehicleSum="0" meanSpeedWithin="-1.00" meanHaltsPerVehicleWithin="-1.00" meanDurationWithin="-1.00" vehicleSumWithin="0" meanIntervalSpeedWithin="-1.00" meanIntervalHaltsPerVehicleWithin="-1.00" meanIntervalDurationWithin="-1.00" meanTimeLossWithin="-1.00"/>
   <interval begin="2100.00" end="2400.00" id="首体路整体" meanTravelTime="173.17" meanOverlapTravelTime="173.58" meanSpeed="6.82" meanHaltsPerVehicle="1.95" meanTimeLoss="116.48" vehicleSum="113" meanSpeedWithin="4.44" meanHaltsPerVehicleWithin="1.58" meanDurationWithin="246.10" vehicleSumWithin="74" meanIntervalSpeedWithin="4.42" meanIntervalHaltsPerVehicleWithin="1.08" meanIntervalDurationWithin="139.57" meanTimeLossWithin="115.80"/>
   <interval begin="2100.00" end="2400.00" id="首体路与车公庄西" meanTravelTime="76.08" meanOverlapTravelTime="76.51" meanSpeed="8.29" meanHaltsPerVehicle="1.20" meanTimeLoss="43.72" vehicleSum="70" meanSpeedWithin="3.30" meanHaltsPerVehicleWithin="1.37" meanDurationWithin="177.20" vehicleSumWithin="19" meanIntervalSpeedWithin="3.29" meanIntervalHaltsPerVehicleWithin="1.16" meanIntervalDurationWithin="146.34" meanTimeLossWithin="133.78"/>
   <interval begin="2100.00" end="2400.00" id="首体路与增光路" meanTravelTime="100.68" meanOverlapTravelTime="101.08" meanSpeed="6.89" meanHaltsPerVehicle="0.89" meanTimeLoss="74.10" vehicleSum="93" meanSpeedWithin="5.31" meanHaltsPerVehicleWithin="1.64" meanDurationWithin="321.59" vehicleSumWithin="33" meanIntervalSpeedWithin="5.27" meanIntervalHaltsPerVehicleWithin="0.73" meanIntervalDurationWithin="110.34" meanTimeLossWithin="97.48"/>
   <interval begin="2100.00" end="2400.00" id="首体路与阜城路" meanTravelTime="87.55" meanOverlapTravelTime="87.97" meanSpeed="7.18" meanHaltsPerVehicle="0.94" meanTimeLoss="55.66" vehicleSum="47" meanSpeedWithin="7.80" meanHaltsPerVehicleWithin="0.56" meanDurationWithin="70.65" vehicleSumWithin="27" meanIntervalSpeedWithin="7.80" meanIntervalHaltsPerVehicleWithin="0.56" meanIntervalDurationWithin="70.65" meanTimeLossWithin="48.05"/>
   <interval begin="2100.00" end="2400.00" id="CAV_首体路整体" meanTravelTime="-1.00" meanOverlapTravelTime="-1.00" meanSpeed="-1.00" meanHaltsPerVehicle="-1.00" meanTimeLoss="-1.00" vehicleSum="0" meanSpeedWithin="-1.00" meanHaltsPerVehicleWithin="-1.00" meanDurationWithin="-1.00" vehicleSumWithin="0" meanIntervalSpeedWithin="-1.00" meanIntervalHaltsPerVehicleWithin="-1.00" meanIntervalDurationWithin="-1.00" meanTimeLossWithin="-1.00"/>
   <interval begin="2100.00" end="2400.00" id="CAV_首体路与车公庄西" meanTravelTime="-1.00" meanOverlapTravelTime="-1.00" meanSpeed="-1.00" meanHaltsPerVehicle="-1.00" meanTimeLoss="-1.00" vehicleSum="0" meanSpeedWithin="-1.00" meanHaltsPerVehicleWithin="-1.00" meanDurationWithin="-1.00" vehicleSumWithin="0" meanIntervalSpeedWithin="-1.00" meanIntervalHaltsPerVehicleWithin="-1.00" meanIntervalDurationWithin="-1.00" meanTimeLossWithin="-1.00"/>
   <interval begin="2100.00" end="2400.00" id="CAV_首体路与增光路" meanTravelTime="-1.00" meanOverlapTravelTime="-1.00" meanSpeed="-1.00" meanHaltsPerVehicle="-1.00" meanTimeLoss="-1.00" vehicleSum="0" meanSpeedWithin="-1.00" meanHaltsPerVehicleWithin="-1.00" meanDurationWithin="-1.00" vehicleSumWithin="0" meanIntervalSpeedWithin="-1.00" meanIntervalHaltsPerVehicleWithin="-1.00" meanIntervalDurationWithin="-1.00" meanTimeLossWithin="-1.00"/>
   <interval begin="2100.00" end="2400.00" id="CAV_首体路与阜城路" meanTravelTime="-1.00" meanOverlapTravelTime="-1.00" meanSpeed="-1.00" meanHaltsPerVehicle="-1.00" meanTimeLoss="-1.00" vehicleSum="0" meanSpeedWithin="-1.00" meanHaltsPerVehicleWithin="-1.00" meanDurationWithin="-1.00" vehicleSumWithin="0" meanIntervalSpeedWithin="-1.00" meanIntervalHaltsPerVehicleWithin="-1.00" meanIntervalDurationWithin="-1.00" meanTimeLossWithin="-1.00"/>
   <interval begin="2400.00" end="2700.00" id="首体路整体" meanTravelTime="188.51" meanOverlapTravelTime="188.93" meanSpeed="6.10" meanHaltsPerVehicle="1.55" meanTimeLoss="141.44" vehicleSum="129" meanSpeedWithin="4.66" meanHaltsPerVehicleWithin="1.72" meanDurationWithin="242.20" vehicleSumWithin="72" meanIntervalSpeedWithin="4.63" meanIntervalHaltsPerVehicleWithin="1.26" meanIntervalDurationWithin="135.20" meanTimeLossWithin="109.08"/>
   <interval begin="2400.00" end="2700.00" id="首体路与车公庄西" meanTravelTime="124.79" meanOverlapTravelTime="125.21" meanSpeed="7.97" meanHaltsPerVehicle="0.70" meanTimeLoss="94.53" vehicleSum="74" meanSpeedWithin="5.67" meanHaltsPerVehicleWithin="1.00" meanDurationWithin="83.73" vehicleSumWithin="24" meanIntervalSpeedWithin="5.67" meanIntervalHaltsPerVehicleWithin="1.00" meanIntervalDurationWithin="83.73" meanTimeLossWithin="66.58"/>
   <interval begin="2400.00" end="2700.00" id="首体路与增光路" meanTravelTime="110.49" meanOverlapTravelTime="110.94" meanSpeed="6.34" meanHaltsPerVehicle="0.91" meanTimeLoss="82.53" vehicleSum="94" meanSpeedWithin="4.54" meanHaltsPerVehicleWithin="1.84" meanDurationWithin="327.90" vehicleSumWithin="38" meanIntervalSpeedWithin="4.49" meanIntervalHaltsPerVehicleWithin="1.00" meanIntervalDurationWithin="125.96" meanTimeLossWithin="113.41"/>
   <interval begin="2400.00" end="2700.00" id="首体路与阜城路" meanTravelTime="86.09" meanOverlapTravelTime="86.53" meanSpeed="7.47" meanHaltsPerVehicle="1.12" meanTimeLoss="53.39" vehicleSum="66" meanSpeedWithin="6.59" meanHaltsPerVehicleWithin="0.67" meanDurationWithin="68.32" vehicleSumWithin="15" meanIntervalSpeedWithin="6.59" meanIntervalHaltsPerVehicleWithin="0.67" meanIntervalDurationWithin="68.32" meanTimeLossWithin="48.29"/>
   <interval begin="2400.00" end="2700.00" id="CAV_首体路整体" meanTravelTime="-1.00" meanOverlapTravelTime="-1.00" meanSpeed="-1.00" meanHaltsPerVehicle="-1.00" meanTimeLoss="-1.00" vehicleSum="0" meanSpeedWithin="-1.00" meanHaltsPerVehicleWithin="-1.00" meanDurationWithin="-1.00" vehicleSumWithin="0" meanIntervalSpeedWithin="-1.00" meanIntervalHaltsPerVehicleWithin="-1.00" meanIntervalDurationWithin="-1.00" meanTimeLossWithin="-1.00"/>
   <interval begin="2400.00" end="2700.00" id="CAV_首体路与车公庄西" meanTravelTime="-1.00" meanOverlapTravelTime="-1.00" meanSpeed="-1.00" meanHaltsPerVehicle="-1.00" meanTimeLoss="-1.00" vehicleSum="0" meanSpeedWithin="-1.00" meanHaltsPerVehicleWithin="-1.00" meanDurationWithin="-1.00" vehicleSumWithin="0" meanIntervalSpeedWithin="-1.00" meanIntervalHaltsPerVehicleWithin="-1.00" meanIntervalDurationWithin="-1.00" meanTimeLossWithin="-1.00"/>
   <interval begin="2400.00" end="2700.00" id="CAV_首体路与增光路" meanTravelTime="-1.00" meanOverlapTravelTime="-1.00" meanSpeed="-1.00" meanHaltsPerVehicle="-1.00" meanTimeLoss="-1.00" vehicleSum="0" meanSpeedWithin="-1.00" meanHaltsPerVehicleWithin="-1.00" meanDurationWithin="-1.00" vehicleSumWithin="0" meanIntervalSpeedWithin="-1.00" meanIntervalHaltsPerVehicleWithin="-1.00" meanIntervalDurationWithin="-1.00" meanTimeLossWithin="-1.00"/>
   <interval begin="2400.00" end="2700.00" id="CAV_首体路与阜城路" meanTravelTime="-1.00" meanOverlapTravelTime="-1.00" meanSpeed="-1.00" meanHaltsPerVehicle="-1.00" meanTimeLoss="-1.00" vehicleSum="0" meanSpeedWithin="-1.00" meanHaltsPerVehicleWithin="-1.00" meanDurationWithin="-1.00" vehicleSumWithin="0" meanIntervalSpeedWithin="-1.00" meanIntervalHaltsPerVehicleWithin="-1.00" meanIntervalDurationWithin="-1.00" meanTimeLossWithin="-1.00"/>
   <interval begin="2700.00" end="3000.00" id="首体路整体" meanTravelTime="146.51" meanOverlapTravelTime="146.92" meanSpeed="6.65" meanHaltsPerVehicle="1.48" meanTimeLoss="102.87" vehicleSum="123" meanSpeedWithin="4.74" meanHaltsPerVehicleWithin="1.79" meanDurationWithin="282.30" vehicleSumWithin="70" meanIntervalSpeedWithin="4.73" meanIntervalHaltsPerVehicleWithin="1.16" meanIntervalDurationWithin="146.88" meanTimeLossWithin="119.33"/>
   <interval begin="2700.00" end="3000.00" id="首体路与车公庄西" meanTravelTime="74.86" meanOverlapTravelTime="75.29" meanSpeed="7.77" meanHaltsPerVehicle="1.23" meanTimeLoss="44.50" vehicleSum="60" meanSpeedWithin="6.42" meanHaltsPerVehicleWithin="0.93" meanDurationWithin="156.77" vehicleSumWithin="27" meanIntervalSpeedWithin="6.43" meanIntervalHaltsPerVehicleWithin="0.67" meanIntervalDurationWithin="118.81" meanTimeLossWithin="100.05"/>
   <interval begin="2700.00" end="3000.00" id="首体路与增光路" meanTravelTime="108.87" meanOverlapTravelTime="109.26" meanSpeed="7.12" meanHaltsPerVehicle="0.80" meanTimeLoss="84.02" vehicleSum="95" meanSpeedWithin="5.59" meanHaltsPerVehicleWithin="1.63" meanDurationWithin="321.42" vehicleSumWithin="38" meanIntervalSpeedWithin="5.56" meanIntervalHaltsPerVehicleWithin="0.76" meanIntervalDurationWithin="108.46" meanTimeLossWithin="95.78"/>
   <interval begin="2700.00" end="3000.00" id="首体路与阜城路" meanTravelTime="83.94" meanOverlapTravelTime="84.34" meanSpeed="7.27" meanHaltsPerVehicle="0.93" meanTimeLoss="52.54" vehicleSum="58" meanSpeedWithin="7.78" meanHaltsPerVehicleWithin="0.64" meanDurationWithin="60.00" vehicleSumWithin="11" meanIntervalSpeedWithin="7.78" meanIntervalHaltsPerVehicleWithin="0.64" meanIntervalDurationWithin="60.00" meanTimeLossWithin="37.05"/>
   <interval begin="2700.00" end="3000.00" id="CAV_首体路整体" meanTravelTime="-1.00" meanOverlapTravelTime="-1.00" meanSpeed="-1.00" meanHaltsPerVehicle="-1.00" meanTimeLoss="-1.00" vehicleSum="0" meanSpeedWithin="-1.00" meanHaltsPerVehicleWithin="-1.00" meanDurationWithin="-1.00" vehicleSumWithin="0" meanIntervalSpeedWithin="-1.00" meanIntervalHaltsPerVehicleWithin="-1.00" meanIntervalDurationWithin="-1.00" meanTimeLossWithin="-1.00"/>
   <interval begin="2700.00" end="3000.00" id="CAV_首体路与车公庄西" meanTravelTime="-1.00" meanOverlapTravelTime="-1.00" meanSpeed="-1.00" meanHaltsPerVehicle="-1.00" meanTimeLoss="-1.00" vehicleSum="0" meanSpeedWithin="-1.00" meanHaltsPerVehicleWithin="-1.00" meanDurationWithin="-1.00" vehicleSumWithin="0" meanIntervalSpeedWithin="-1.00" meanIntervalHaltsPerVehicleWithin="-1.00" meanIntervalDurationWithin="-1.00" meanTimeLossWithin="-1.00"/>
   <interval begin="2700.00" end="3000.00" id="CAV_首体路与增光路" meanTravelTime="-1.00" meanOverlapTravelTime="-1.00" meanSpeed="-1.00" meanHaltsPerVehicle="-1.00" meanTimeLoss="-1.00" vehicleSum="0" meanSpeedWithin="-1.00" meanHaltsPerVehicleWithin="-1.00" meanDurationWithin="-1.00" vehicleSumWithin="0" meanIntervalSpeedWithin="-1.00" meanIntervalHaltsPerVehicleWithin="-1.00" meanIntervalDurationWithin="-1.00" meanTimeLossWithin="-1.00"/>
   <interval begin="2700.00" end="3000.00" id="CAV_首体路与阜城路" meanTravelTime="-1.00" meanOverlapTravelTime="-1.00" meanSpeed="-1.00" meanHaltsPerVehicle="-1.00" meanTimeLoss="-1.00" vehicleSum="0" meanSpeedWithin="-1.00" meanHaltsPerVehicleWithin="-1.00" meanDurationWithin="-1.00" vehicleSumWithin="0" meanIntervalSpeedWithin="-1.00" meanIntervalHaltsPerVehicleWithin="-1.00" meanIntervalDurationWithin="-1.00" meanTimeLossWithin="-1.00"/>
   <interval begin="3000.00" end="3300.00" id="首体路整体" meanTravelTime="186.70" meanOverlapTravelTime="187.11" meanSpeed="6.41" meanHaltsPerVehicle="1.48" meanTimeLoss="140.63" vehicleSum="130" meanSpeedWithin="4.75" meanHaltsPerVehicleWithin="1.61" meanDurationWithin="257.26" vehicleSumWithin="64" meanIntervalSpeedWithin="4.73" meanIntervalHaltsPerVehicleWithin="1.06" meanIntervalDurationWithin="127.35" meanTimeLossWithin="105.37"/>
   <interval begin="3000.00" end="3300.00" id="首体路与车公庄西" meanTravelTime="136.98" meanOverlapTravelTime="137.40" meanSpeed="8.21" meanHaltsPerVehicle="0.73" meanTimeLoss="106.93" vehicleSum="75" meanSpeedWithin="5.78" meanHaltsPerVehicleWithin="0.77" meanDurationWithin="87.46" vehicleSumWithin="22" meanIntervalSpeedWithin="5.78" meanIntervalHaltsPerVehicleWithin="0.77" meanIntervalDurationWithin="87.46" meanTimeLossWithin="74.55"/>
   <interval begin="3000.00" end="3300.00" id="首体路与增光路" meanTravelTime="101.00" meanOverlapTravelTime="101.43" meanSpeed="7.18" meanHaltsPerVehicle="0.81" meanTimeLoss="74.54" vehicleSum="91" meanSpeedWithin="4.27" meanHaltsPerVehicleWithin="1.76" meanDurationWithin="347.10" vehicleSumWithin="38" meanIntervalSpeedWithin="4.23" meanIntervalHaltsPerVehicleWithin="0.84" meanIntervalDurationWithin="128.29" meanTimeLossWithin="115.32"/>
   <interval begin="3000.00" end="3300.00" id="首体路与阜城路" meanTravelTime="78.42" meanOverlapTravelTime="78.85" meanSpeed="7.55" meanHaltsPerVehicle="1.02" meanTimeLoss="45.36" vehicleSum="57" meanSpeedWithin="8.50" meanHaltsPerVehicleWithin="0.75" meanDurationWithin="59.30" vehicleSumWithin="12" meanIntervalSpeedWithin="8.50" meanIntervalHaltsPerVehicleWithin="0.75" meanIntervalDurationWithin="59.30" meanTimeLossWithin="36.32"/>
   <interval begin="3000.00" end="3300.00" id="CAV_首体路整体" meanTravelTime="-1.00" meanOverlapTravelTime="-1.00" meanSpeed="-1.00" meanHaltsPerVehicle="-1.00" meanTimeLoss="-1.00" vehicleSum="0" meanSpeedWithin="-1.00" meanHaltsPerVehicleWithin="-1.00" meanDurationWithin="-1.00" vehicleSumWithin="0" meanIntervalSpeedWithin="-1.00" meanIntervalHaltsPerVehicleWithin="-1.00" meanIntervalDurationWithin="-1.00" meanTimeLossWithin="-1.00"/>
   <interval begin="3000.00" end="3300.00" id="CAV_首体路与车公庄西" meanTravelTime="-1.00" meanOverlapTravelTime="-1.00" meanSpeed="-1.00" meanHaltsPerVehicle="-1.00" meanTimeLoss="-1.00" vehicleSum="0" meanSpeedWithin="-1.00" meanHaltsPerVehicleWithin="-1.00" meanDurationWithin="-1.00" vehicleSumWithin="0" meanIntervalSpeedWithin="-1.00" meanIntervalHaltsPerVehicleWithin="-1.00" meanIntervalDurationWithin="-1.00" meanTimeLossWithin="-1.00"/>
   <interval begin="3000.00" end="3300.00" id="CAV_首体路与增光路" meanTravelTime="-1.00" meanOverlapTravelTime="-1.00" meanSpeed="-1.00" meanHaltsPerVehicle="-1.00" meanTimeLoss="-1.00" vehicleSum="0" meanSpeedWithin="-1.00" meanHaltsPerVehicleWithin="-1.00" meanDurationWithin="-1.00" vehicleSumWithin="0" meanIntervalSpeedWithin="-1.00" meanIntervalHaltsPerVehicleWithin="-1.00" meanIntervalDurationWithin="-1.00" meanTimeLossWithin="-1.00"/>
   <interval begin="3000.00" end="3300.00" id="CAV_首体路与阜城路" meanTravelTime="-1.00" meanOverlapTravelTime="-1.00" meanSpeed="-1.00" meanHaltsPerVehicle="-1.00" meanTimeLoss="-1.00" vehicleSum="0" meanSpeedWithin="-1.00" meanHaltsPerVehicleWithin="-1.00" meanDurationWithin="-1.00" vehicleSumWithin="0" meanIntervalSpeedWithin="-1.00" meanIntervalHaltsPerVehicleWithin="-1.00" meanIntervalDurationWithin="-1.00" meanTimeLossWithin="-1.00"/>
   <interval begin="3300.00" end="3600.00" id="首体路整体" meanTravelTime="179.20" meanOverlapTravelTime="179.61" meanSpeed="6.52" meanHaltsPerVehicle="1.72" meanTimeLoss="125.44" vehicleSum="109" meanSpeedWithin="5.06" meanHaltsPerVehicleWithin="1.69" meanDurationWithin="262.77" vehicleSumWithin="75" meanIntervalSpeedWithin="5.05" meanIntervalHaltsPerVehicleWithin="1.12" meanIntervalDurationWithin="133.30" meanTimeLossWithin="108.08"/>
   <interval begin="3300.00" end="3600.00" id="首体路与车公庄西" meanTravelTime="68.48" meanOverlapTravelTime="68.91" meanSpeed="8.76" meanHaltsPerVehicle="0.74" meanTimeLoss="36.49" vehicleSum="69" meanSpeedWithin="5.66" meanHaltsPerVehicleWithin="1.04" meanDurationWithin="147.68" vehicleSumWithin="26" meanIntervalSpeedWithin="5.67" meanIntervalHaltsPerVehicleWithin="0.81" meanIntervalDurationWithin="108.55" meanTimeLossWithin="95.18"/>
   <interval begin="3300.00" end="3600.00" id="首体路与增光路" meanTravelTime="112.21" meanOverlapTravelTime="112.62" meanSpeed="6.42" meanHaltsPerVehicle="1.15" meanTimeLoss="86.19" vehicleSum="98" meanSpeedWithin="4.44" meanHaltsPerVehicleWithin="1.97" meanDurationWithin="402.35" vehicleSumWithin="31" meanIntervalSpeedWithin="4.39" meanIntervalHaltsPerVehicleWithin="0.84" meanIntervalDurationWithin="131.34" meanTimeLossWithin="119.02"/>
   <interval begin="3300.00" end="3600.00" id="首体路与阜城路" meanTravelTime="109.90" meanOverlapTravelTime="110.31" meanSpeed="5.80" meanHaltsPerVehicle="0.90" meanTimeLoss="77.97" vehicleSum="61" meanSpeedWithin="9.29" meanHaltsPerVehicleWithin="0.52" meanDurationWithin="47.51" vehicleSumWithin="25" meanIntervalSpeedWithin="9.29" meanIntervalHaltsPerVehicleWithin="0.52" meanIntervalDurationWithin="47.51" meanTimeLossWithin="21.53"/>
   <interval begin="3300.00" end="3600.00" id="CAV_首体路整体" meanTravelTime="-1.00" meanOverlapTravelTime="-1.00" meanSpeed="-1.00" meanHaltsPerVehicle="-1.00" meanTimeLoss="-1.00" vehicleSum="0" meanSpeedWithin="-1.00" meanHaltsPerVehicleWithin="-1.00" meanDurationWithin="-1.00" vehicleSumWithin="0" meanIntervalSpeedWithin="-1.00" meanIntervalHaltsPerVehicleWithin="-1.00" meanIntervalDurationWithin="-1.00" meanTimeLossWithin="-1.00"/>
   <interval begin="3300.00" end="3600.00" id="CAV_首体路与车公庄西" meanTravelTime="-1.00" meanOverlapTravelTime="-1.00" meanSpeed="-1.00" meanHaltsPerVehicle="-1.00" meanTimeLoss="-1.00" vehicleSum="0" meanSpeedWithin="-1.00" meanHaltsPerVehicleWithin="-1.00" meanDurationWithin="-1.00" vehicleSumWithin="0" meanIntervalSpeedWithin="-1.00" meanIntervalHaltsPerVehicleWithin="-1.00" meanIntervalDurationWithin="-1.00" meanTimeLossWithin="-1.00"/>
   <interval begin="3300.00" end="3600.00" id="CAV_首体路与增光路" meanTravelTime="-1.00" meanOverlapTravelTime="-1.00" meanSpeed="-1.00" meanHaltsPerVehicle="-1.00" meanTimeLoss="-1.00" vehicleSum="0" meanSpeedWithin="-1.00" meanHaltsPerVehicleWithin="-1.00" meanDurationWithin="-1.00" vehicleSumWithin="0" meanIntervalSpeedWithin="-1.00" meanIntervalHaltsPerVehicleWithin="-1.00" meanIntervalDurationWithin="-1.00" meanTimeLossWithin="-1.00"/>
   <interval begin="3300.00" end="3600.00" id="CAV_首体路与阜城路" meanTravelTime="-1.00" meanOverlapTravelTime="-1.00" meanSpeed="-1.00" meanHaltsPerVehicle="-1.00" meanTimeLoss="-1.00" vehicleSum="0" meanSpeedWithin="-1.00" meanHaltsPerVehicleWithin="-1.00" meanDurationWithin="-1.00" vehicleSumWithin="0" meanIntervalSpeedWithin="-1.00" meanIntervalHaltsPerVehicleWithin="-1.00" meanIntervalDurationWithin="-1.00" meanTimeLossWithin="-1.00"/>
</e3Detector>
