<?xml version="1.0" encoding="UTF-8"?>

<!-- generated on 2024-05-23 14:01:50 by Eclipse SUMO GUI Version 1.19.0
<configuration xmlns:xsi="http://www.w3.org/2001/XMLSchema-instance" xsi:noNamespaceSchemaLocation="http://sumo.dlr.de/xsd/sumoConfiguration.xsd">

    <input>
        <net-file value="D:\BaiduSyncdisk\Python项目\Python绘图\本科毕业设计\现状仿真\3.4晚高峰\4.net.xml"/>
        <route-files value="D:\BaiduSyncdisk\Python项目\Python绘图\本科毕业设计\现状仿真\3.4晚高峰\v_vehs.rou.xml,D:\BaiduSyncdisk\Python项目\Python绘图\本科毕业设计\现状仿真\3.4晚高峰\pedestrian.rou.xml,D:\BaiduSyncdisk\Python项目\Python绘图\本科毕业设计\现状仿真\3.4晚高峰\bus.rou.xml"/>
        <additional-files value="D:\BaiduSyncdisk\Python项目\Python绘图\本科毕业设计\现状仿真\3.4晚高峰\det_e3.add.xml,D:\BaiduSyncdisk\Python项目\Python绘图\本科毕业设计\现状仿真\3.4晚高峰\det_e2.add.xml,D:\BaiduSyncdisk\Python项目\Python绘图\本科毕业设计\现状仿真\3.4晚高峰\busstop_def.add.xml"/>
    </input>

    <output>
        <write-license value="false"/>
        <output-prefix value="OUTPUT-"/>
        <precision value="2"/>
        <human-readable-time value="false"/>
        <emission-output value="D:\BaiduSyncdisk\Python项目\Python绘图\本科毕业设计\现状仿真\3.4晚高峰\output/data_emission.xml"/>
        <emission-output.precision value="2"/>
        <queue-output value="D:\BaiduSyncdisk\Python项目\Python绘图\本科毕业设计\现状仿真\3.4晚高峰\output/data_Queue.xml"/>
        <queue-output.period value="300"/>
        <summary-output value="D:\BaiduSyncdisk\Python项目\Python绘图\本科毕业设计\现状仿真\3.4晚高峰\output/data_summary.xml"/>
        <summary-output.period value="300"/>
        <person-summary-output value="D:\BaiduSyncdisk\Python项目\Python绘图\本科毕业设计\现状仿真\3.4晚高峰\output/data_person_summary.xml"/>
        <personinfo-output value="D:\BaiduSyncdisk\Python项目\Python绘图\本科毕业设计\现状仿真\3.4晚高峰\output/data_personinfo.xml"/>
        <collision-output value="D:\BaiduSyncdisk\Python项目\Python绘图\本科毕业设计\现状仿真\3.4晚高峰\output/data_collision.xml"/>
        <edgedata-output value="D:\BaiduSyncdisk\Python项目\Python绘图\本科毕业设计\现状仿真\3.4晚高峰\output/data_edges.xml"/>
        <lanedata-output value="D:\BaiduSyncdisk\Python项目\Python绘图\本科毕业设计\现状仿真\3.4晚高峰\output/data_lanes.xml"/>
        <statistic-output value="D:\BaiduSyncdisk\Python项目\Python绘图\本科毕业设计\现状仿真\3.4晚高峰\output/data_statistic.xml"/>
    </output>

    <time>
        <begin value="0"/>
        <end value="3600"/>
        <step-length value="1"/>
    </time>

    <processing>
        <no-internal-links value="false"/>
        <ignore-route-errors value="true"/>
        <collision.action value="teleport"/>
        <intermodal-collision.action value="warn"/>
        <collision.stoptime value="0"/>
        <intermodal-collision.stoptime value="0"/>
        <collision.check-junctions value="false"/>
        <max-num-vehicles value="-1"/>
        <max-num-teleports value="-1"/>
        <time-to-teleport value="300"/>
        <time-to-teleport.remove value="false"/>
        <waiting-time-memory value="100"/>
        <max-depart-delay value="-1"/>
        <random-depart-offset value="0"/>
        <lanechange.duration value="0"/>
        <lanechange.overtake-right value="false"/>
        <tls.all-off value="false"/>
        <tls.yellow.min-decel value="3"/>
    </processing>

    <routing>
        <routing-algorithm value="dijkstra"/>
    </routing>

    <report>
        <verbose value="true"/>
        <no-warnings value="true"/>
        <log value="D:\BaiduSyncdisk\Python项目\Python绘图\本科毕业设计\现状仿真\3.4晚高峰\output/data_log.xml"/>
        <no-step-log value="true"/>
        <step-log.period value="300"/>
    </report>

    <emissions>
        <device.emissions.period value="300"/>
    </emissions>

    <mesoscopic>
        <mesosim value="false"/>
    </mesoscopic>

    <random_number>
        <random value="false"/>
        <seed value="23423"/>
    </random_number>

    <gui_only>
        <gui-settings-file value="D:\BaiduSyncdisk\Python项目\Python绘图\本科毕业设计\现状仿真\3.4晚高峰\viewsettings.xml"/>
        <start value="false"/>
        <demo value="false"/>
        <window-size value="800,600"/>
        <window-pos value="100,100"/>
    </gui_only>

</configuration>
-->

<e3Detector xmlns:xsi="http://www.w3.org/2001/XMLSchema-instance" xsi:noNamespaceSchemaLocation="http://sumo.dlr.de/xsd/det_e3_file.xsd">
   <interval begin="0.00" end="300.00" id="首体路整体" meanTravelTime="78.31" meanOverlapTravelTime="78.76" meanSpeed="8.64" meanHaltsPerVehicle="0.72" meanTimeLoss="36.44" vehicleSum="54" meanSpeedWithin="5.45" meanHaltsPerVehicleWithin="1.25" meanDurationWithin="119.31" vehicleSumWithin="67" meanIntervalSpeedWithin="5.45" meanIntervalHaltsPerVehicleWithin="1.25" meanIntervalDurationWithin="119.31" meanTimeLossWithin="87.52"/>
   <interval begin="0.00" end="300.00" id="首体路与车公庄西" meanTravelTime="43.73" meanOverlapTravelTime="44.19" meanSpeed="10.26" meanHaltsPerVehicle="0.54" meanTimeLoss="12.87" vehicleSum="39" meanSpeedWithin="4.37" meanHaltsPerVehicleWithin="1.05" meanDurationWithin="108.93" vehicleSumWithin="20" meanIntervalSpeedWithin="4.37" meanIntervalHaltsPerVehicleWithin="1.05" meanIntervalDurationWithin="108.93" meanTimeLossWithin="91.34"/>
   <interval begin="0.00" end="300.00" id="首体路与增光路" meanTravelTime="60.23" meanOverlapTravelTime="60.68" meanSpeed="8.29" meanHaltsPerVehicle="0.53" meanTimeLoss="33.77" vehicleSum="59" meanSpeedWithin="5.51" meanHaltsPerVehicleWithin="0.81" meanDurationWithin="87.11" vehicleSumWithin="26" meanIntervalSpeedWithin="5.51" meanIntervalHaltsPerVehicleWithin="0.81" meanIntervalDurationWithin="87.11" meanTimeLossWithin="69.43"/>
   <interval begin="0.00" end="300.00" id="首体路与阜城路" meanTravelTime="70.99" meanOverlapTravelTime="71.49" meanSpeed="8.54" meanHaltsPerVehicle="0.58" meanTimeLoss="35.83" vehicleSum="31" meanSpeedWithin="7.48" meanHaltsPerVehicleWithin="0.96" meanDurationWithin="62.86" vehicleSumWithin="26" meanIntervalSpeedWithin="7.48" meanIntervalHaltsPerVehicleWithin="0.96" meanIntervalDurationWithin="62.86" meanTimeLossWithin="40.06"/>
   <interval begin="0.00" end="300.00" id="CAV_首体路整体" meanTravelTime="-1.00" meanOverlapTravelTime="-1.00" meanSpeed="-1.00" meanHaltsPerVehicle="-1.00" meanTimeLoss="-1.00" vehicleSum="0" meanSpeedWithin="-1.00" meanHaltsPerVehicleWithin="-1.00" meanDurationWithin="-1.00" vehicleSumWithin="0" meanIntervalSpeedWithin="-1.00" meanIntervalHaltsPerVehicleWithin="-1.00" meanIntervalDurationWithin="-1.00" meanTimeLossWithin="-1.00"/>
   <interval begin="0.00" end="300.00" id="CAV_首体路与车公庄西" meanTravelTime="-1.00" meanOverlapTravelTime="-1.00" meanSpeed="-1.00" meanHaltsPerVehicle="-1.00" meanTimeLoss="-1.00" vehicleSum="0" meanSpeedWithin="-1.00" meanHaltsPerVehicleWithin="-1.00" meanDurationWithin="-1.00" vehicleSumWithin="0" meanIntervalSpeedWithin="-1.00" meanIntervalHaltsPerVehicleWithin="-1.00" meanIntervalDurationWithin="-1.00" meanTimeLossWithin="-1.00"/>
   <interval begin="0.00" end="300.00" id="CAV_首体路与增光路" meanTravelTime="-1.00" meanOverlapTravelTime="-1.00" meanSpeed="-1.00" meanHaltsPerVehicle="-1.00" meanTimeLoss="-1.00" vehicleSum="0" meanSpeedWithin="-1.00" meanHaltsPerVehicleWithin="-1.00" meanDurationWithin="-1.00" vehicleSumWithin="0" meanIntervalSpeedWithin="-1.00" meanIntervalHaltsPerVehicleWithin="-1.00" meanIntervalDurationWithin="-1.00" meanTimeLossWithin="-1.00"/>
   <interval begin="0.00" end="300.00" id="CAV_首体路与阜城路" meanTravelTime="-1.00" meanOverlapTravelTime="-1.00" meanSpeed="-1.00" meanHaltsPerVehicle="-1.00" meanTimeLoss="-1.00" vehicleSum="0" meanSpeedWithin="-1.00" meanHaltsPerVehicleWithin="-1.00" meanDurationWithin="-1.00" vehicleSumWithin="0" meanIntervalSpeedWithin="-1.00" meanIntervalHaltsPerVehicleWithin="-1.00" meanIntervalDurationWithin="-1.00" meanTimeLossWithin="-1.00"/>
   <interval begin="300.00" end="600.00" id="首体路整体" meanTravelTime="138.85" meanOverlapTravelTime="139.25" meanSpeed="6.32" meanHaltsPerVehicle="1.52" meanTimeLoss="93.36" vehicleSum="122" meanSpeedWithin="5.15" meanHaltsPerVehicleWithin="1.25" meanDurationWithin="163.42" vehicleSumWithin="59" meanIntervalSpeedWithin="5.18" meanIntervalHaltsPerVehicleWithin="1.12" meanIntervalDurationWithin="138.56" meanTimeLossWithin="108.89"/>
   <interval begin="300.00" end="600.00" id="首体路与车公庄西" meanTravelTime="71.61" meanOverlapTravelTime="72.03" meanSpeed="8.48" meanHaltsPerVehicle="1.03" meanTimeLoss="40.29" vehicleSum="62" meanSpeedWithin="4.31" meanHaltsPerVehicleWithin="1.21" meanDurationWithin="187.09" vehicleSumWithin="28" meanIntervalSpeedWithin="4.32" meanIntervalHaltsPerVehicleWithin="1.00" meanIntervalDurationWithin="148.12" meanTimeLossWithin="129.63"/>
   <interval begin="300.00" end="600.00" id="首体路与增光路" meanTravelTime="99.41" meanOverlapTravelTime="99.81" meanSpeed="5.93" meanHaltsPerVehicle="0.92" meanTimeLoss="74.07" vehicleSum="87" meanSpeedWithin="6.46" meanHaltsPerVehicleWithin="0.67" meanDurationWithin="73.83" vehicleSumWithin="24" meanIntervalSpeedWithin="6.46" meanIntervalHaltsPerVehicleWithin="0.67" meanIntervalDurationWithin="73.83" meanTimeLossWithin="56.29"/>
   <interval begin="300.00" end="600.00" id="首体路与阜城路" meanTravelTime="80.14" meanOverlapTravelTime="80.55" meanSpeed="7.55" meanHaltsPerVehicle="0.87" meanTimeLoss="48.26" vehicleSum="61" meanSpeedWithin="7.41" meanHaltsPerVehicleWithin="0.64" meanDurationWithin="66.74" vehicleSumWithin="11" meanIntervalSpeedWithin="7.41" meanIntervalHaltsPerVehicleWithin="0.64" meanIntervalDurationWithin="66.74" meanTimeLossWithin="48.29"/>
   <interval begin="300.00" end="600.00" id="CAV_首体路整体" meanTravelTime="-1.00" meanOverlapTravelTime="-1.00" meanSpeed="-1.00" meanHaltsPerVehicle="-1.00" meanTimeLoss="-1.00" vehicleSum="0" meanSpeedWithin="-1.00" meanHaltsPerVehicleWithin="-1.00" meanDurationWithin="-1.00" vehicleSumWithin="0" meanIntervalSpeedWithin="-1.00" meanIntervalHaltsPerVehicleWithin="-1.00" meanIntervalDurationWithin="-1.00" meanTimeLossWithin="-1.00"/>
   <interval begin="300.00" end="600.00" id="CAV_首体路与车公庄西" meanTravelTime="-1.00" meanOverlapTravelTime="-1.00" meanSpeed="-1.00" meanHaltsPerVehicle="-1.00" meanTimeLoss="-1.00" vehicleSum="0" meanSpeedWithin="-1.00" meanHaltsPerVehicleWithin="-1.00" meanDurationWithin="-1.00" vehicleSumWithin="0" meanIntervalSpeedWithin="-1.00" meanIntervalHaltsPerVehicleWithin="-1.00" meanIntervalDurationWithin="-1.00" meanTimeLossWithin="-1.00"/>
   <interval begin="300.00" end="600.00" id="CAV_首体路与增光路" meanTravelTime="-1.00" meanOverlapTravelTime="-1.00" meanSpeed="-1.00" meanHaltsPerVehicle="-1.00" meanTimeLoss="-1.00" vehicleSum="0" meanSpeedWithin="-1.00" meanHaltsPerVehicleWithin="-1.00" meanDurationWithin="-1.00" vehicleSumWithin="0" meanIntervalSpeedWithin="-1.00" meanIntervalHaltsPerVehicleWithin="-1.00" meanIntervalDurationWithin="-1.00" meanTimeLossWithin="-1.00"/>
   <interval begin="300.00" end="600.00" id="CAV_首体路与阜城路" meanTravelTime="-1.00" meanOverlapTravelTime="-1.00" meanSpeed="-1.00" meanHaltsPerVehicle="-1.00" meanTimeLoss="-1.00" vehicleSum="0" meanSpeedWithin="-1.00" meanHaltsPerVehicleWithin="-1.00" meanDurationWithin="-1.00" vehicleSumWithin="0" meanIntervalSpeedWithin="-1.00" meanIntervalHaltsPerVehicleWithin="-1.00" meanIntervalDurationWithin="-1.00" meanTimeLossWithin="-1.00"/>
   <interval begin="600.00" end="900.00" id="首体路整体" meanTravelTime="146.62" meanOverlapTravelTime="147.04" meanSpeed="6.88" meanHaltsPerVehicle="1.26" meanTimeLoss="105.53" vehicleSum="122" meanSpeedWithin="4.87" meanHaltsPerVehicleWithin="1.88" meanDurationWithin="165.98" vehicleSumWithin="56" meanIntervalSpeedWithin="4.81" meanIntervalHaltsPerVehicleWithin="1.75" meanIntervalDurationWithin="154.56" meanTimeLossWithin="118.85"/>
   <interval begin="600.00" end="900.00" id="首体路与车公庄西" meanTravelTime="123.29" meanOverlapTravelTime="123.72" meanSpeed="7.38" meanHaltsPerVehicle="1.01" meanTimeLoss="93.20" vehicleSum="73" meanSpeedWithin="7.09" meanHaltsPerVehicleWithin="0.76" meanDurationWithin="74.59" vehicleSumWithin="25" meanIntervalSpeedWithin="7.09" meanIntervalHaltsPerVehicleWithin="0.76" meanIntervalDurationWithin="74.59" meanTimeLossWithin="56.90"/>
   <interval begin="600.00" end="900.00" id="首体路与增光路" meanTravelTime="85.13" meanOverlapTravelTime="85.59" meanSpeed="7.18" meanHaltsPerVehicle="0.79" meanTimeLoss="58.32" vehicleSum="90" meanSpeedWithin="5.95" meanHaltsPerVehicleWithin="0.92" meanDurationWithin="129.75" vehicleSumWithin="24" meanIntervalSpeedWithin="5.86" meanIntervalHaltsPerVehicleWithin="0.79" meanIntervalDurationWithin="110.69" meanTimeLossWithin="96.05"/>
   <interval begin="600.00" end="900.00" id="首体路与阜城路" meanTravelTime="85.98" meanOverlapTravelTime="86.42" meanSpeed="6.79" meanHaltsPerVehicle="1.24" meanTimeLoss="53.68" vehicleSum="54" meanSpeedWithin="8.99" meanHaltsPerVehicleWithin="0.67" meanDurationWithin="53.17" vehicleSumWithin="12" meanIntervalSpeedWithin="8.99" meanIntervalHaltsPerVehicleWithin="0.67" meanIntervalDurationWithin="53.17" meanTimeLossWithin="33.77"/>
   <interval begin="600.00" end="900.00" id="CAV_首体路整体" meanTravelTime="-1.00" meanOverlapTravelTime="-1.00" meanSpeed="-1.00" meanHaltsPerVehicle="-1.00" meanTimeLoss="-1.00" vehicleSum="0" meanSpeedWithin="-1.00" meanHaltsPerVehicleWithin="-1.00" meanDurationWithin="-1.00" vehicleSumWithin="0" meanIntervalSpeedWithin="-1.00" meanIntervalHaltsPerVehicleWithin="-1.00" meanIntervalDurationWithin="-1.00" meanTimeLossWithin="-1.00"/>
   <interval begin="600.00" end="900.00" id="CAV_首体路与车公庄西" meanTravelTime="-1.00" meanOverlapTravelTime="-1.00" meanSpeed="-1.00" meanHaltsPerVehicle="-1.00" meanTimeLoss="-1.00" vehicleSum="0" meanSpeedWithin="-1.00" meanHaltsPerVehicleWithin="-1.00" meanDurationWithin="-1.00" vehicleSumWithin="0" meanIntervalSpeedWithin="-1.00" meanIntervalHaltsPerVehicleWithin="-1.00" meanIntervalDurationWithin="-1.00" meanTimeLossWithin="-1.00"/>
   <interval begin="600.00" end="900.00" id="CAV_首体路与增光路" meanTravelTime="-1.00" meanOverlapTravelTime="-1.00" meanSpeed="-1.00" meanHaltsPerVehicle="-1.00" meanTimeLoss="-1.00" vehicleSum="0" meanSpeedWithin="-1.00" meanHaltsPerVehicleWithin="-1.00" meanDurationWithin="-1.00" vehicleSumWithin="0" meanIntervalSpeedWithin="-1.00" meanIntervalHaltsPerVehicleWithin="-1.00" meanIntervalDurationWithin="-1.00" meanTimeLossWithin="-1.00"/>
   <interval begin="600.00" end="900.00" id="CAV_首体路与阜城路" meanTravelTime="-1.00" meanOverlapTravelTime="-1.00" meanSpeed="-1.00" meanHaltsPerVehicle="-1.00" meanTimeLoss="-1.00" vehicleSum="0" meanSpeedWithin="-1.00" meanHaltsPerVehicleWithin="-1.00" meanDurationWithin="-1.00" vehicleSumWithin="0" meanIntervalSpeedWithin="-1.00" meanIntervalHaltsPerVehicleWithin="-1.00" meanIntervalDurationWithin="-1.00" meanTimeLossWithin="-1.00"/>
   <interval begin="900.00" end="1200.00" id="首体路整体" meanTravelTime="145.35" meanOverlapTravelTime="145.75" meanSpeed="6.86" meanHaltsPerVehicle="1.72" meanTimeLoss="95.03" vehicleSum="111" meanSpeedWithin="5.41" meanHaltsPerVehicleWithin="1.43" meanDurationWithin="176.50" vehicleSumWithin="65" meanIntervalSpeedWithin="5.40" meanIntervalHaltsPerVehicleWithin="1.12" meanIntervalDurationWithin="133.35" meanTimeLossWithin="107.28"/>
   <interval begin="900.00" end="1200.00" id="首体路与车公庄西" meanTravelTime="72.67" meanOverlapTravelTime="73.09" meanSpeed="8.73" meanHaltsPerVehicle="0.99" meanTimeLoss="41.15" vehicleSum="69" meanSpeedWithin="5.15" meanHaltsPerVehicleWithin="1.05" meanDurationWithin="166.06" vehicleSumWithin="19" meanIntervalSpeedWithin="5.14" meanIntervalHaltsPerVehicleWithin="0.79" meanIntervalDurationWithin="134.66" meanTimeLossWithin="117.90"/>
   <interval begin="900.00" end="1200.00" id="首体路与增光路" meanTravelTime="81.15" meanOverlapTravelTime="81.54" meanSpeed="7.11" meanHaltsPerVehicle="0.68" meanTimeLoss="55.73" vehicleSum="91" meanSpeedWithin="5.62" meanHaltsPerVehicleWithin="1.32" meanDurationWithin="202.35" vehicleSumWithin="25" meanIntervalSpeedWithin="5.52" meanIntervalHaltsPerVehicleWithin="0.84" meanIntervalDurationWithin="125.67" meanTimeLossWithin="111.94"/>
   <interval begin="900.00" end="1200.00" id="首体路与阜城路" meanTravelTime="87.83" meanOverlapTravelTime="88.24" meanSpeed="6.60" meanHaltsPerVehicle="1.13" meanTimeLoss="56.30" vehicleSum="47" meanSpeedWithin="11.09" meanHaltsPerVehicleWithin="0.23" meanDurationWithin="23.75" vehicleSumWithin="26" meanIntervalSpeedWithin="11.09" meanIntervalHaltsPerVehicleWithin="0.23" meanIntervalDurationWithin="23.75" meanTimeLossWithin="9.54"/>
   <interval begin="900.00" end="1200.00" id="CAV_首体路整体" meanTravelTime="-1.00" meanOverlapTravelTime="-1.00" meanSpeed="-1.00" meanHaltsPerVehicle="-1.00" meanTimeLoss="-1.00" vehicleSum="0" meanSpeedWithin="-1.00" meanHaltsPerVehicleWithin="-1.00" meanDurationWithin="-1.00" vehicleSumWithin="0" meanIntervalSpeedWithin="-1.00" meanIntervalHaltsPerVehicleWithin="-1.00" meanIntervalDurationWithin="-1.00" meanTimeLossWithin="-1.00"/>
   <interval begin="900.00" end="1200.00" id="CAV_首体路与车公庄西" meanTravelTime="-1.00" meanOverlapTravelTime="-1.00" meanSpeed="-1.00" meanHaltsPerVehicle="-1.00" meanTimeLoss="-1.00" vehicleSum="0" meanSpeedWithin="-1.00" meanHaltsPerVehicleWithin="-1.00" meanDurationWithin="-1.00" vehicleSumWithin="0" meanIntervalSpeedWithin="-1.00" meanIntervalHaltsPerVehicleWithin="-1.00" meanIntervalDurationWithin="-1.00" meanTimeLossWithin="-1.00"/>
   <interval begin="900.00" end="1200.00" id="CAV_首体路与增光路" meanTravelTime="-1.00" meanOverlapTravelTime="-1.00" meanSpeed="-1.00" meanHaltsPerVehicle="-1.00" meanTimeLoss="-1.00" vehicleSum="0" meanSpeedWithin="-1.00" meanHaltsPerVehicleWithin="-1.00" meanDurationWithin="-1.00" vehicleSumWithin="0" meanIntervalSpeedWithin="-1.00" meanIntervalHaltsPerVehicleWithin="-1.00" meanIntervalDurationWithin="-1.00" meanTimeLossWithin="-1.00"/>
   <interval begin="900.00" end="1200.00" id="CAV_首体路与阜城路" meanTravelTime="-1.00" meanOverlapTravelTime="-1.00" meanSpeed="-1.00" meanHaltsPerVehicle="-1.00" meanTimeLoss="-1.00" vehicleSum="0" meanSpeedWithin="-1.00" meanHaltsPerVehicleWithin="-1.00" meanDurationWithin="-1.00" vehicleSumWithin="0" meanIntervalSpeedWithin="-1.00" meanIntervalHaltsPerVehicleWithin="-1.00" meanIntervalDurationWithin="-1.00" meanTimeLossWithin="-1.00"/>
   <interval begin="1200.00" end="1500.00" id="首体路整体" meanTravelTime="163.45" meanOverlapTravelTime="163.88" meanSpeed="6.21" meanHaltsPerVehicle="1.35" meanTimeLoss="113.46" vehicleSum="111" meanSpeedWithin="4.81" meanHaltsPerVehicleWithin="1.61" meanDurationWithin="188.87" vehicleSumWithin="76" meanIntervalSpeedWithin="4.78" meanIntervalHaltsPerVehicleWithin="1.34" meanIntervalDurationWithin="141.01" meanTimeLossWithin="110.26"/>
   <interval begin="1200.00" end="1500.00" id="首体路与车公庄西" meanTravelTime="106.17" meanOverlapTravelTime="106.60" meanSpeed="7.62" meanHaltsPerVehicle="0.77" meanTimeLoss="74.66" vehicleSum="79" meanSpeedWithin="4.41" meanHaltsPerVehicleWithin="1.30" meanDurationWithin="99.03" vehicleSumWithin="20" meanIntervalSpeedWithin="4.41" meanIntervalHaltsPerVehicleWithin="1.30" meanIntervalDurationWithin="99.03" meanTimeLossWithin="81.84"/>
   <interval begin="1200.00" end="1500.00" id="首体路与增光路" meanTravelTime="94.06" meanOverlapTravelTime="94.51" meanSpeed="6.37" meanHaltsPerVehicle="0.84" meanTimeLoss="67.26" vehicleSum="81" meanSpeedWithin="5.04" meanHaltsPerVehicleWithin="1.50" meanDurationWithin="215.81" vehicleSumWithin="38" meanIntervalSpeedWithin="4.96" meanIntervalHaltsPerVehicleWithin="0.97" meanIntervalDurationWithin="120.12" meanTimeLossWithin="104.55"/>
   <interval begin="1200.00" end="1500.00" id="首体路与阜城路" meanTravelTime="70.72" meanOverlapTravelTime="71.14" meanSpeed="9.37" meanHaltsPerVehicle="0.46" meanTimeLoss="38.28" vehicleSum="59" meanSpeedWithin="7.57" meanHaltsPerVehicleWithin="0.83" meanDurationWithin="55.67" vehicleSumWithin="23" meanIntervalSpeedWithin="7.57" meanIntervalHaltsPerVehicleWithin="0.83" meanIntervalDurationWithin="55.67" meanTimeLossWithin="31.12"/>
   <interval begin="1200.00" end="1500.00" id="CAV_首体路整体" meanTravelTime="-1.00" meanOverlapTravelTime="-1.00" meanSpeed="-1.00" meanHaltsPerVehicle="-1.00" meanTimeLoss="-1.00" vehicleSum="0" meanSpeedWithin="-1.00" meanHaltsPerVehicleWithin="-1.00" meanDurationWithin="-1.00" vehicleSumWithin="0" meanIntervalSpeedWithin="-1.00" meanIntervalHaltsPerVehicleWithin="-1.00" meanIntervalDurationWithin="-1.00" meanTimeLossWithin="-1.00"/>
   <interval begin="1200.00" end="1500.00" id="CAV_首体路与车公庄西" meanTravelTime="-1.00" meanOverlapTravelTime="-1.00" meanSpeed="-1.00" meanHaltsPerVehicle="-1.00" meanTimeLoss="-1.00" vehicleSum="0" meanSpeedWithin="-1.00" meanHaltsPerVehicleWithin="-1.00" meanDurationWithin="-1.00" vehicleSumWithin="0" meanIntervalSpeedWithin="-1.00" meanIntervalHaltsPerVehicleWithin="-1.00" meanIntervalDurationWithin="-1.00" meanTimeLossWithin="-1.00"/>
   <interval begin="1200.00" end="1500.00" id="CAV_首体路与增光路" meanTravelTime="-1.00" meanOverlapTravelTime="-1.00" meanSpeed="-1.00" meanHaltsPerVehicle="-1.00" meanTimeLoss="-1.00" vehicleSum="0" meanSpeedWithin="-1.00" meanHaltsPerVehicleWithin="-1.00" meanDurationWithin="-1.00" vehicleSumWithin="0" meanIntervalSpeedWithin="-1.00" meanIntervalHaltsPerVehicleWithin="-1.00" meanIntervalDurationWithin="-1.00" meanTimeLossWithin="-1.00"/>
   <interval begin="1200.00" end="1500.00" id="CAV_首体路与阜城路" meanTravelTime="-1.00" meanOverlapTravelTime="-1.00" meanSpeed="-1.00" meanHaltsPerVehicle="-1.00" meanTimeLoss="-1.00" vehicleSum="0" meanSpeedWithin="-1.00" meanHaltsPerVehicleWithin="-1.00" meanDurationWithin="-1.00" vehicleSumWithin="0" meanIntervalSpeedWithin="-1.00" meanIntervalHaltsPerVehicleWithin="-1.00" meanIntervalDurationWithin="-1.00" meanTimeLossWithin="-1.00"/>
   <interval begin="1500.00" end="1800.00" id="首体路整体" meanTravelTime="146.24" meanOverlapTravelTime="146.65" meanSpeed="6.62" meanHaltsPerVehicle="1.42" meanTimeLoss="100.31" vehicleSum="129" meanSpeedWithin="5.02" meanHaltsPerVehicleWithin="1.66" meanDurationWithin="256.89" vehicleSumWithin="64" meanIntervalSpeedWithin="5.01" meanIntervalHaltsPerVehicleWithin="1.14" meanIntervalDurationWithin="156.43" meanTimeLossWithin="125.22"/>
   <interval begin="1500.00" end="1800.00" id="首体路与车公庄西" meanTravelTime="76.66" meanOverlapTravelTime="77.09" meanSpeed="7.87" meanHaltsPerVehicle="1.23" meanTimeLoss="45.28" vehicleSum="64" meanSpeedWithin="5.51" meanHaltsPerVehicleWithin="1.19" meanDurationWithin="169.50" vehicleSumWithin="27" meanIntervalSpeedWithin="5.52" meanIntervalHaltsPerVehicleWithin="0.93" meanIntervalDurationWithin="130.93" meanTimeLossWithin="109.11"/>
   <interval begin="1500.00" end="1800.00" id="首体路与增光路" meanTravelTime="94.85" meanOverlapTravelTime="95.26" meanSpeed="7.04" meanHaltsPerVehicle="0.74" meanTimeLoss="68.73" vehicleSum="95" meanSpeedWithin="5.46" meanHaltsPerVehicleWithin="1.53" meanDurationWithin="296.35" vehicleSumWithin="30" meanIntervalSpeedWithin="5.40" meanIntervalHaltsPerVehicleWithin="0.73" meanIntervalDurationWithin="126.46" meanTimeLossWithin="113.45"/>
   <interval begin="1500.00" end="1800.00" id="首体路与阜城路" meanTravelTime="91.08" meanOverlapTravelTime="91.49" meanSpeed="6.72" meanHaltsPerVehicle="0.90" meanTimeLoss="58.81" vehicleSum="60" meanSpeedWithin="7.98" meanHaltsPerVehicleWithin="0.50" meanDurationWithin="51.68" vehicleSumWithin="12" meanIntervalSpeedWithin="7.98" meanIntervalHaltsPerVehicleWithin="0.50" meanIntervalDurationWithin="51.68" meanTimeLossWithin="30.36"/>
   <interval begin="1500.00" end="1800.00" id="CAV_首体路整体" meanTravelTime="-1.00" meanOverlapTravelTime="-1.00" meanSpeed="-1.00" meanHaltsPerVehicle="-1.00" meanTimeLoss="-1.00" vehicleSum="0" meanSpeedWithin="-1.00" meanHaltsPerVehicleWithin="-1.00" meanDurationWithin="-1.00" vehicleSumWithin="0" meanIntervalSpeedWithin="-1.00" meanIntervalHaltsPerVehicleWithin="-1.00" meanIntervalDurationWithin="-1.00" meanTimeLossWithin="-1.00"/>
   <interval begin="1500.00" end="1800.00" id="CAV_首体路与车公庄西" meanTravelTime="-1.00" meanOverlapTravelTime="-1.00" meanSpeed="-1.00" meanHaltsPerVehicle="-1.00" meanTimeLoss="-1.00" vehicleSum="0" meanSpeedWithin="-1.00" meanHaltsPerVehicleWithin="-1.00" meanDurationWithin="-1.00" vehicleSumWithin="0" meanIntervalSpeedWithin="-1.00" meanIntervalHaltsPerVehicleWithin="-1.00" meanIntervalDurationWithin="-1.00" meanTimeLossWithin="-1.00"/>
   <interval begin="1500.00" end="1800.00" id="CAV_首体路与增光路" meanTravelTime="-1.00" meanOverlapTravelTime="-1.00" meanSpeed="-1.00" meanHaltsPerVehicle="-1.00" meanTimeLoss="-1.00" vehicleSum="0" meanSpeedWithin="-1.00" meanHaltsPerVehicleWithin="-1.00" meanDurationWithin="-1.00" vehicleSumWithin="0" meanIntervalSpeedWithin="-1.00" meanIntervalHaltsPerVehicleWithin="-1.00" meanIntervalDurationWithin="-1.00" meanTimeLossWithin="-1.00"/>
   <interval begin="1500.00" end="1800.00" id="CAV_首体路与阜城路" meanTravelTime="-1.00" meanOverlapTravelTime="-1.00" meanSpeed="-1.00" meanHaltsPerVehicle="-1.00" meanTimeLoss="-1.00" vehicleSum="0" meanSpeedWithin="-1.00" meanHaltsPerVehicleWithin="-1.00" meanDurationWithin="-1.00" vehicleSumWithin="0" meanIntervalSpeedWithin="-1.00" meanIntervalHaltsPerVehicleWithin="-1.00" meanIntervalDurationWithin="-1.00" meanTimeLossWithin="-1.00"/>
   <interval begin="1800.00" end="2100.00" id="首体路整体" meanTravelTime="171.94" meanOverlapTravelTime="172.36" meanSpeed="6.24" meanHaltsPerVehicle="1.59" meanTimeLoss="127.44" vehicleSum="124" meanSpeedWithin="4.81" meanHaltsPerVehicleWithin="2.07" meanDurationWithin="255.25" vehicleSumWithin="68" meanIntervalSpeedWithin="4.77" meanIntervalHaltsPerVehicleWithin="1.59" meanIntervalDurationWithin="152.60" meanTimeLossWithin="118.27"/>
   <interval begin="1800.00" end="2100.00" id="首体路与车公庄西" meanTravelTime="133.48" meanOverlapTravelTime="133.92" meanSpeed="6.89" meanHaltsPerVehicle="1.28" meanTimeLoss="102.63" vehicleSum="76" meanSpeedWithin="6.00" meanHaltsPerVehicleWithin="1.27" meanDurationWithin="81.94" vehicleSumWithin="22" meanIntervalSpeedWithin="6.00" meanIntervalHaltsPerVehicleWithin="1.27" meanIntervalDurationWithin="81.94" meanTimeLossWithin="64.05"/>
   <interval begin="1800.00" end="2100.00" id="首体路与增光路" meanTravelTime="102.77" meanOverlapTravelTime="103.21" meanSpeed="6.43" meanHaltsPerVehicle="0.87" meanTimeLoss="76.33" vehicleSum="93" meanSpeedWithin="5.48" meanHaltsPerVehicleWithin="1.49" meanDurationWithin="267.06" vehicleSumWithin="39" meanIntervalSpeedWithin="5.45" meanIntervalHaltsPerVehicleWithin="0.82" meanIntervalDurationWithin="110.12" meanTimeLossWithin="94.64"/>
   <interval begin="1800.00" end="2100.00" id="首体路与阜城路" meanTravelTime="76.98" meanOverlapTravelTime="77.45" meanSpeed="7.68" meanHaltsPerVehicle="0.88" meanTimeLoss="42.98" vehicleSum="60" meanSpeedWithin="8.82" meanHaltsPerVehicleWithin="0.92" meanDurationWithin="90.39" vehicleSumWithin="12" meanIntervalSpeedWithin="8.82" meanIntervalHaltsPerVehicleWithin="0.92" meanIntervalDurationWithin="90.39" meanTimeLossWithin="67.91"/>
   <interval begin="1800.00" end="2100.00" id="CAV_首体路整体" meanTravelTime="-1.00" meanOverlapTravelTime="-1.00" meanSpeed="-1.00" meanHaltsPerVehicle="-1.00" meanTimeLoss="-1.00" vehicleSum="0" meanSpeedWithin="-1.00" meanHaltsPerVehicleWithin="-1.00" meanDurationWithin="-1.00" vehicleSumWithin="0" meanIntervalSpeedWithin="-1.00" meanIntervalHaltsPerVehicleWithin="-1.00" meanIntervalDurationWithin="-1.00" meanTimeLossWithin="-1.00"/>
   <interval begin="1800.00" end="2100.00" id="CAV_首体路与车公庄西" meanTravelTime="-1.00" meanOverlapTravelTime="-1.00" meanSpeed="-1.00" meanHaltsPerVehicle="-1.00" meanTimeLoss="-1.00" vehicleSum="0" meanSpeedWithin="-1.00" meanHaltsPerVehicleWithin="-1.00" meanDurationWithin="-1.00" vehicleSumWithin="0" meanIntervalSpeedWithin="-1.00" meanIntervalHaltsPerVehicleWithin="-1.00" meanIntervalDurationWithin="-1.00" meanTimeLossWithin="-1.00"/>
   <interval begin="1800.00" end="2100.00" id="CAV_首体路与增光路" meanTravelTime="-1.00" meanOverlapTravelTime="-1.00" meanSpeed="-1.00" meanHaltsPerVehicle="-1.00" meanTimeLoss="-1.00" vehicleSum="0" meanSpeedWithin="-1.00" meanHaltsPerVehicleWithin="-1.00" meanDurationWithin="-1.00" vehicleSumWithin="0" meanIntervalSpeedWithin="-1.00" meanIntervalHaltsPerVehicleWithin="-1.00" meanIntervalDurationWithin="-1.00" meanTimeLossWithin="-1.00"/>
   <interval begin="1800.00" end="2100.00" id="CAV_首体路与阜城路" meanTravelTime="-1.00" meanOverlapTravelTime="-1.00" meanSpeed="-1.00" meanHaltsPerVehicle="-1.00" meanTimeLoss="-1.00" vehicleSum="0" meanSpeedWithin="-1.00" meanHaltsPerVehicleWithin="-1.00" meanDurationWithin="-1.00" vehicleSumWithin="0" meanIntervalSpeedWithin="-1.00" meanIntervalHaltsPerVehicleWithin="-1.00" meanIntervalDurationWithin="-1.00" meanTimeLossWithin="-1.00"/>
   <interval begin="2100.00" end="2400.00" id="首体路整体" meanTravelTime="175.13" meanOverlapTravelTime="175.55" meanSpeed="6.82" meanHaltsPerVehicle="2.28" meanTimeLoss="117.65" vehicleSum="113" meanSpeedWithin="4.28" meanHaltsPerVehicleWithin="1.61" meanDurationWithin="246.31" vehicleSumWithin="75" meanIntervalSpeedWithin="4.26" meanIntervalHaltsPerVehicleWithin="1.12" meanIntervalDurationWithin="142.19" meanTimeLossWithin="119.37"/>
   <interval begin="2100.00" end="2400.00" id="首体路与车公庄西" meanTravelTime="76.24" meanOverlapTravelTime="76.67" meanSpeed="8.20" meanHaltsPerVehicle="1.38" meanTimeLoss="43.88" vehicleSum="69" meanSpeedWithin="3.30" meanHaltsPerVehicleWithin="1.32" meanDurationWithin="179.07" vehicleSumWithin="19" meanIntervalSpeedWithin="3.30" meanIntervalHaltsPerVehicleWithin="1.11" meanIntervalDurationWithin="148.19" meanTimeLossWithin="135.59"/>
   <interval begin="2100.00" end="2400.00" id="首体路与增光路" meanTravelTime="101.84" meanOverlapTravelTime="102.25" meanSpeed="6.89" meanHaltsPerVehicle="1.09" meanTimeLoss="75.02" vehicleSum="94" meanSpeedWithin="5.04" meanHaltsPerVehicleWithin="1.64" meanDurationWithin="327.29" vehicleSumWithin="33" meanIntervalSpeedWithin="4.99" meanIntervalHaltsPerVehicleWithin="0.73" meanIntervalDurationWithin="118.33" meanTimeLossWithin="105.51"/>
   <interval begin="2100.00" end="2400.00" id="首体路与阜城路" meanTravelTime="88.84" meanOverlapTravelTime="89.25" meanSpeed="6.89" meanHaltsPerVehicle="1.15" meanTimeLoss="57.16" vehicleSum="47" meanSpeedWithin="7.53" meanHaltsPerVehicleWithin="0.54" meanDurationWithin="68.13" vehicleSumWithin="28" meanIntervalSpeedWithin="7.53" meanIntervalHaltsPerVehicleWithin="0.54" meanIntervalDurationWithin="68.13" meanTimeLossWithin="47.15"/>
   <interval begin="2100.00" end="2400.00" id="CAV_首体路整体" meanTravelTime="-1.00" meanOverlapTravelTime="-1.00" meanSpeed="-1.00" meanHaltsPerVehicle="-1.00" meanTimeLoss="-1.00" vehicleSum="0" meanSpeedWithin="-1.00" meanHaltsPerVehicleWithin="-1.00" meanDurationWithin="-1.00" vehicleSumWithin="0" meanIntervalSpeedWithin="-1.00" meanIntervalHaltsPerVehicleWithin="-1.00" meanIntervalDurationWithin="-1.00" meanTimeLossWithin="-1.00"/>
   <interval begin="2100.00" end="2400.00" id="CAV_首体路与车公庄西" meanTravelTime="-1.00" meanOverlapTravelTime="-1.00" meanSpeed="-1.00" meanHaltsPerVehicle="-1.00" meanTimeLoss="-1.00" vehicleSum="0" meanSpeedWithin="-1.00" meanHaltsPerVehicleWithin="-1.00" meanDurationWithin="-1.00" vehicleSumWithin="0" meanIntervalSpeedWithin="-1.00" meanIntervalHaltsPerVehicleWithin="-1.00" meanIntervalDurationWithin="-1.00" meanTimeLossWithin="-1.00"/>
   <interval begin="2100.00" end="2400.00" id="CAV_首体路与增光路" meanTravelTime="-1.00" meanOverlapTravelTime="-1.00" meanSpeed="-1.00" meanHaltsPerVehicle="-1.00" meanTimeLoss="-1.00" vehicleSum="0" meanSpeedWithin="-1.00" meanHaltsPerVehicleWithin="-1.00" meanDurationWithin="-1.00" vehicleSumWithin="0" meanIntervalSpeedWithin="-1.00" meanIntervalHaltsPerVehicleWithin="-1.00" meanIntervalDurationWithin="-1.00" meanTimeLossWithin="-1.00"/>
   <interval begin="2100.00" end="2400.00" id="CAV_首体路与阜城路" meanTravelTime="-1.00" meanOverlapTravelTime="-1.00" meanSpeed="-1.00" meanHaltsPerVehicle="-1.00" meanTimeLoss="-1.00" vehicleSum="0" meanSpeedWithin="-1.00" meanHaltsPerVehicleWithin="-1.00" meanDurationWithin="-1.00" vehicleSumWithin="0" meanIntervalSpeedWithin="-1.00" meanIntervalHaltsPerVehicleWithin="-1.00" meanIntervalDurationWithin="-1.00" meanTimeLossWithin="-1.00"/>
   <interval begin="2400.00" end="2700.00" id="首体路整体" meanTravelTime="185.72" meanOverlapTravelTime="186.15" meanSpeed="6.10" meanHaltsPerVehicle="1.56" meanTimeLoss="138.34" vehicleSum="130" meanSpeedWithin="4.38" meanHaltsPerVehicleWithin="1.75" meanDurationWithin="247.79" vehicleSumWithin="72" meanIntervalSpeedWithin="4.35" meanIntervalHaltsPerVehicleWithin="1.28" meanIntervalDurationWithin="137.74" meanTimeLossWithin="113.07"/>
   <interval begin="2400.00" end="2700.00" id="首体路与车公庄西" meanTravelTime="122.95" meanOverlapTravelTime="123.38" meanSpeed="8.06" meanHaltsPerVehicle="0.70" meanTimeLoss="92.54" vehicleSum="76" meanSpeedWithin="5.09" meanHaltsPerVehicleWithin="1.32" meanDurationWithin="88.49" vehicleSumWithin="22" meanIntervalSpeedWithin="5.09" meanIntervalHaltsPerVehicleWithin="1.32" meanIntervalDurationWithin="88.49" meanTimeLossWithin="72.17"/>
   <interval begin="2400.00" end="2700.00" id="首体路与增光路" meanTravelTime="110.10" meanOverlapTravelTime="110.54" meanSpeed="6.20" meanHaltsPerVehicle="1.02" meanTimeLoss="82.52" vehicleSum="91" meanSpeedWithin="4.65" meanHaltsPerVehicleWithin="1.74" meanDurationWithin="309.42" vehicleSumWithin="42" meanIntervalSpeedWithin="4.60" meanIntervalHaltsPerVehicleWithin="0.95" meanIntervalDurationWithin="121.47" meanTimeLossWithin="107.57"/>
   <interval begin="2400.00" end="2700.00" id="首体路与阜城路" meanTravelTime="83.88" meanOverlapTravelTime="84.32" meanSpeed="7.56" meanHaltsPerVehicle="0.90" meanTimeLoss="51.25" vehicleSum="67" meanSpeedWithin="6.21" meanHaltsPerVehicleWithin="0.71" meanDurationWithin="76.62" vehicleSumWithin="14" meanIntervalSpeedWithin="6.21" meanIntervalHaltsPerVehicleWithin="0.71" meanIntervalDurationWithin="76.62" meanTimeLossWithin="57.10"/>
   <interval begin="2400.00" end="2700.00" id="CAV_首体路整体" meanTravelTime="-1.00" meanOverlapTravelTime="-1.00" meanSpeed="-1.00" meanHaltsPerVehicle="-1.00" meanTimeLoss="-1.00" vehicleSum="0" meanSpeedWithin="-1.00" meanHaltsPerVehicleWithin="-1.00" meanDurationWithin="-1.00" vehicleSumWithin="0" meanIntervalSpeedWithin="-1.00" meanIntervalHaltsPerVehicleWithin="-1.00" meanIntervalDurationWithin="-1.00" meanTimeLossWithin="-1.00"/>
   <interval begin="2400.00" end="2700.00" id="CAV_首体路与车公庄西" meanTravelTime="-1.00" meanOverlapTravelTime="-1.00" meanSpeed="-1.00" meanHaltsPerVehicle="-1.00" meanTimeLoss="-1.00" vehicleSum="0" meanSpeedWithin="-1.00" meanHaltsPerVehicleWithin="-1.00" meanDurationWithin="-1.00" vehicleSumWithin="0" meanIntervalSpeedWithin="-1.00" meanIntervalHaltsPerVehicleWithin="-1.00" meanIntervalDurationWithin="-1.00" meanTimeLossWithin="-1.00"/>
   <interval begin="2400.00" end="2700.00" id="CAV_首体路与增光路" meanTravelTime="-1.00" meanOverlapTravelTime="-1.00" meanSpeed="-1.00" meanHaltsPerVehicle="-1.00" meanTimeLoss="-1.00" vehicleSum="0" meanSpeedWithin="-1.00" meanHaltsPerVehicleWithin="-1.00" meanDurationWithin="-1.00" vehicleSumWithin="0" meanIntervalSpeedWithin="-1.00" meanIntervalHaltsPerVehicleWithin="-1.00" meanIntervalDurationWithin="-1.00" meanTimeLossWithin="-1.00"/>
   <interval begin="2400.00" end="2700.00" id="CAV_首体路与阜城路" meanTravelTime="-1.00" meanOverlapTravelTime="-1.00" meanSpeed="-1.00" meanHaltsPerVehicle="-1.00" meanTimeLoss="-1.00" vehicleSum="0" meanSpeedWithin="-1.00" meanHaltsPerVehicleWithin="-1.00" meanDurationWithin="-1.00" vehicleSumWithin="0" meanIntervalSpeedWithin="-1.00" meanIntervalHaltsPerVehicleWithin="-1.00" meanIntervalDurationWithin="-1.00" meanTimeLossWithin="-1.00"/>
   <interval begin="2700.00" end="3000.00" id="首体路整体" meanTravelTime="151.21" meanOverlapTravelTime="151.61" meanSpeed="6.54" meanHaltsPerVehicle="1.66" meanTimeLoss="106.82" vehicleSum="125" meanSpeedWithin="4.33" meanHaltsPerVehicleWithin="1.79" meanDurationWithin="296.82" vehicleSumWithin="67" meanIntervalSpeedWithin="4.31" meanIntervalHaltsPerVehicleWithin="1.10" meanIntervalDurationWithin="151.19" meanTimeLossWithin="126.45"/>
   <interval begin="2700.00" end="3000.00" id="首体路与车公庄西" meanTravelTime="74.75" meanOverlapTravelTime="75.18" meanSpeed="7.86" meanHaltsPerVehicle="1.39" meanTimeLoss="44.32" vehicleSum="61" meanSpeedWithin="5.28" meanHaltsPerVehicleWithin="1.04" meanDurationWithin="173.60" vehicleSumWithin="24" meanIntervalSpeedWithin="5.29" meanIntervalHaltsPerVehicleWithin="0.75" meanIntervalDurationWithin="130.88" meanTimeLossWithin="113.05"/>
   <interval begin="2700.00" end="3000.00" id="首体路与增光路" meanTravelTime="115.66" meanOverlapTravelTime="116.05" meanSpeed="6.65" meanHaltsPerVehicle="0.94" meanTimeLoss="90.31" vehicleSum="98" meanSpeedWithin="5.09" meanHaltsPerVehicleWithin="1.70" meanDurationWithin="339.50" vehicleSumWithin="37" meanIntervalSpeedWithin="5.05" meanIntervalHaltsPerVehicleWithin="0.78" meanIntervalDurationWithin="115.01" meanTimeLossWithin="102.48"/>
   <interval begin="2700.00" end="3000.00" id="首体路与阜城路" meanTravelTime="81.52" meanOverlapTravelTime="81.93" meanSpeed="7.31" meanHaltsPerVehicle="1.00" meanTimeLoss="50.23" vehicleSum="57" meanSpeedWithin="7.94" meanHaltsPerVehicleWithin="0.67" meanDurationWithin="58.65" vehicleSumWithin="12" meanIntervalSpeedWithin="7.94" meanIntervalHaltsPerVehicleWithin="0.67" meanIntervalDurationWithin="58.65" meanTimeLossWithin="35.13"/>
   <interval begin="2700.00" end="3000.00" id="CAV_首体路整体" meanTravelTime="-1.00" meanOverlapTravelTime="-1.00" meanSpeed="-1.00" meanHaltsPerVehicle="-1.00" meanTimeLoss="-1.00" vehicleSum="0" meanSpeedWithin="-1.00" meanHaltsPerVehicleWithin="-1.00" meanDurationWithin="-1.00" vehicleSumWithin="0" meanIntervalSpeedWithin="-1.00" meanIntervalHaltsPerVehicleWithin="-1.00" meanIntervalDurationWithin="-1.00" meanTimeLossWithin="-1.00"/>
   <interval begin="2700.00" end="3000.00" id="CAV_首体路与车公庄西" meanTravelTime="-1.00" meanOverlapTravelTime="-1.00" meanSpeed="-1.00" meanHaltsPerVehicle="-1.00" meanTimeLoss="-1.00" vehicleSum="0" meanSpeedWithin="-1.00" meanHaltsPerVehicleWithin="-1.00" meanDurationWithin="-1.00" vehicleSumWithin="0" meanIntervalSpeedWithin="-1.00" meanIntervalHaltsPerVehicleWithin="-1.00" meanIntervalDurationWithin="-1.00" meanTimeLossWithin="-1.00"/>
   <interval begin="2700.00" end="3000.00" id="CAV_首体路与增光路" meanTravelTime="-1.00" meanOverlapTravelTime="-1.00" meanSpeed="-1.00" meanHaltsPerVehicle="-1.00" meanTimeLoss="-1.00" vehicleSum="0" meanSpeedWithin="-1.00" meanHaltsPerVehicleWithin="-1.00" meanDurationWithin="-1.00" vehicleSumWithin="0" meanIntervalSpeedWithin="-1.00" meanIntervalHaltsPerVehicleWithin="-1.00" meanIntervalDurationWithin="-1.00" meanTimeLossWithin="-1.00"/>
   <interval begin="2700.00" end="3000.00" id="CAV_首体路与阜城路" meanTravelTime="-1.00" meanOverlapTravelTime="-1.00" meanSpeed="-1.00" meanHaltsPerVehicle="-1.00" meanTimeLoss="-1.00" vehicleSum="0" meanSpeedWithin="-1.00" meanHaltsPerVehicleWithin="-1.00" meanDurationWithin="-1.00" vehicleSumWithin="0" meanIntervalSpeedWithin="-1.00" meanIntervalHaltsPerVehicleWithin="-1.00" meanIntervalDurationWithin="-1.00" meanTimeLossWithin="-1.00"/>
   <interval begin="3000.00" end="3300.00" id="首体路整体" meanTravelTime="186.36" meanOverlapTravelTime="186.77" meanSpeed="6.22" meanHaltsPerVehicle="1.42" meanTimeLoss="144.28" vehicleSum="121" meanSpeedWithin="4.19" meanHaltsPerVehicleWithin="1.83" meanDurationWithin="267.70" vehicleSumWithin="71" meanIntervalSpeedWithin="4.17" meanIntervalHaltsPerVehicleWithin="1.30" meanIntervalDurationWithin="137.52" meanTimeLossWithin="116.96"/>
   <interval begin="3000.00" end="3300.00" id="首体路与车公庄西" meanTravelTime="146.29" meanOverlapTravelTime="146.72" meanSpeed="8.02" meanHaltsPerVehicle="0.78" meanTimeLoss="117.12" vehicleSum="67" meanSpeedWithin="4.68" meanHaltsPerVehicleWithin="0.95" meanDurationWithin="102.07" vehicleSumWithin="19" meanIntervalSpeedWithin="4.68" meanIntervalHaltsPerVehicleWithin="0.95" meanIntervalDurationWithin="102.07" meanTimeLossWithin="87.63"/>
   <interval begin="3000.00" end="3300.00" id="首体路与增光路" meanTravelTime="107.18" meanOverlapTravelTime="107.61" meanSpeed="6.86" meanHaltsPerVehicle="0.92" meanTimeLoss="80.90" vehicleSum="84" meanSpeedWithin="3.38" meanHaltsPerVehicleWithin="2.04" meanDurationWithin="336.27" vehicleSumWithin="45" meanIntervalSpeedWithin="3.35" meanIntervalHaltsPerVehicleWithin="1.27" meanIntervalDurationWithin="143.97" meanTimeLossWithin="130.42"/>
   <interval begin="3000.00" end="3300.00" id="首体路与阜城路" meanTravelTime="79.44" meanOverlapTravelTime="79.88" meanSpeed="7.96" meanHaltsPerVehicle="0.82" meanTimeLoss="46.64" vehicleSum="49" meanSpeedWithin="7.68" meanHaltsPerVehicleWithin="1.00" meanDurationWithin="67.50" vehicleSumWithin="15" meanIntervalSpeedWithin="7.68" meanIntervalHaltsPerVehicleWithin="1.00" meanIntervalDurationWithin="67.50" meanTimeLossWithin="43.00"/>
   <interval begin="3000.00" end="3300.00" id="CAV_首体路整体" meanTravelTime="-1.00" meanOverlapTravelTime="-1.00" meanSpeed="-1.00" meanHaltsPerVehicle="-1.00" meanTimeLoss="-1.00" vehicleSum="0" meanSpeedWithin="-1.00" meanHaltsPerVehicleWithin="-1.00" meanDurationWithin="-1.00" vehicleSumWithin="0" meanIntervalSpeedWithin="-1.00" meanIntervalHaltsPerVehicleWithin="-1.00" meanIntervalDurationWithin="-1.00" meanTimeLossWithin="-1.00"/>
   <interval begin="3000.00" end="3300.00" id="CAV_首体路与车公庄西" meanTravelTime="-1.00" meanOverlapTravelTime="-1.00" meanSpeed="-1.00" meanHaltsPerVehicle="-1.00" meanTimeLoss="-1.00" vehicleSum="0" meanSpeedWithin="-1.00" meanHaltsPerVehicleWithin="-1.00" meanDurationWithin="-1.00" vehicleSumWithin="0" meanIntervalSpeedWithin="-1.00" meanIntervalHaltsPerVehicleWithin="-1.00" meanIntervalDurationWithin="-1.00" meanTimeLossWithin="-1.00"/>
   <interval begin="3000.00" end="3300.00" id="CAV_首体路与增光路" meanTravelTime="-1.00" meanOverlapTravelTime="-1.00" meanSpeed="-1.00" meanHaltsPerVehicle="-1.00" meanTimeLoss="-1.00" vehicleSum="0" meanSpeedWithin="-1.00" meanHaltsPerVehicleWithin="-1.00" meanDurationWithin="-1.00" vehicleSumWithin="0" meanIntervalSpeedWithin="-1.00" meanIntervalHaltsPerVehicleWithin="-1.00" meanIntervalDurationWithin="-1.00" meanTimeLossWithin="-1.00"/>
   <interval begin="3000.00" end="3300.00" id="CAV_首体路与阜城路" meanTravelTime="-1.00" meanOverlapTravelTime="-1.00" meanSpeed="-1.00" meanHaltsPerVehicle="-1.00" meanTimeLoss="-1.00" vehicleSum="0" meanSpeedWithin="-1.00" meanHaltsPerVehicleWithin="-1.00" meanDurationWithin="-1.00" vehicleSumWithin="0" meanIntervalSpeedWithin="-1.00" meanIntervalHaltsPerVehicleWithin="-1.00" meanIntervalDurationWithin="-1.00" meanTimeLossWithin="-1.00"/>
   <interval begin="3300.00" end="3600.00" id="首体路整体" meanTravelTime="194.95" meanOverlapTravelTime="195.37" meanSpeed="6.37" meanHaltsPerVehicle="2.11" meanTimeLoss="138.84" vehicleSum="115" meanSpeedWithin="4.83" meanHaltsPerVehicleWithin="1.75" meanDurationWithin="264.11" vehicleSumWithin="76" meanIntervalSpeedWithin="4.84" meanIntervalHaltsPerVehicleWithin="1.20" meanIntervalDurationWithin="132.85" meanTimeLossWithin="107.42"/>
   <interval begin="3300.00" end="3600.00" id="首体路与车公庄西" meanTravelTime="69.72" meanOverlapTravelTime="70.15" meanSpeed="8.49" meanHaltsPerVehicle="0.92" meanTimeLoss="37.32" vehicleSum="73" meanSpeedWithin="5.28" meanHaltsPerVehicleWithin="1.08" meanDurationWithin="154.83" vehicleSumWithin="25" meanIntervalSpeedWithin="5.29" meanIntervalHaltsPerVehicleWithin="0.84" meanIntervalDurationWithin="114.20" meanTimeLossWithin="99.30"/>
   <interval begin="3300.00" end="3600.00" id="首体路与增光路" meanTravelTime="125.15" meanOverlapTravelTime="125.59" meanSpeed="5.91" meanHaltsPerVehicle="1.29" meanTimeLoss="98.90" vehicleSum="105" meanSpeedWithin="4.67" meanHaltsPerVehicleWithin="1.97" meanDurationWithin="391.30" vehicleSumWithin="32" meanIntervalSpeedWithin="4.64" meanIntervalHaltsPerVehicleWithin="0.91" meanIntervalDurationWithin="120.38" meanTimeLossWithin="107.34"/>
   <interval begin="3300.00" end="3600.00" id="首体路与阜城路" meanTravelTime="99.76" meanOverlapTravelTime="100.17" meanSpeed="6.45" meanHaltsPerVehicle="1.00" meanTimeLoss="67.28" vehicleSum="67" meanSpeedWithin="7.22" meanHaltsPerVehicleWithin="1.00" meanDurationWithin="61.52" vehicleSumWithin="26" meanIntervalSpeedWithin="7.22" meanIntervalHaltsPerVehicleWithin="1.00" meanIntervalDurationWithin="61.52" meanTimeLossWithin="34.51"/>
   <interval begin="3300.00" end="3600.00" id="CAV_首体路整体" meanTravelTime="-1.00" meanOverlapTravelTime="-1.00" meanSpeed="-1.00" meanHaltsPerVehicle="-1.00" meanTimeLoss="-1.00" vehicleSum="0" meanSpeedWithin="-1.00" meanHaltsPerVehicleWithin="-1.00" meanDurationWithin="-1.00" vehicleSumWithin="0" meanIntervalSpeedWithin="-1.00" meanIntervalHaltsPerVehicleWithin="-1.00" meanIntervalDurationWithin="-1.00" meanTimeLossWithin="-1.00"/>
   <interval begin="3300.00" end="3600.00" id="CAV_首体路与车公庄西" meanTravelTime="-1.00" meanOverlapTravelTime="-1.00" meanSpeed="-1.00" meanHaltsPerVehicle="-1.00" meanTimeLoss="-1.00" vehicleSum="0" meanSpeedWithin="-1.00" meanHaltsPerVehicleWithin="-1.00" meanDurationWithin="-1.00" vehicleSumWithin="0" meanIntervalSpeedWithin="-1.00" meanIntervalHaltsPerVehicleWithin="-1.00" meanIntervalDurationWithin="-1.00" meanTimeLossWithin="-1.00"/>
   <interval begin="3300.00" end="3600.00" id="CAV_首体路与增光路" meanTravelTime="-1.00" meanOverlapTravelTime="-1.00" meanSpeed="-1.00" meanHaltsPerVehicle="-1.00" meanTimeLoss="-1.00" vehicleSum="0" meanSpeedWithin="-1.00" meanHaltsPerVehicleWithin="-1.00" meanDurationWithin="-1.00" vehicleSumWithin="0" meanIntervalSpeedWithin="-1.00" meanIntervalHaltsPerVehicleWithin="-1.00" meanIntervalDurationWithin="-1.00" meanTimeLossWithin="-1.00"/>
   <interval begin="3300.00" end="3600.00" id="CAV_首体路与阜城路" meanTravelTime="-1.00" meanOverlapTravelTime="-1.00" meanSpeed="-1.00" meanHaltsPerVehicle="-1.00" meanTimeLoss="-1.00" vehicleSum="0" meanSpeedWithin="-1.00" meanHaltsPerVehicleWithin="-1.00" meanDurationWithin="-1.00" vehicleSumWithin="0" meanIntervalSpeedWithin="-1.00" meanIntervalHaltsPerVehicleWithin="-1.00" meanIntervalDurationWithin="-1.00" meanTimeLossWithin="-1.00"/>
</e3Detector>
