<routes>
    <vTypeDistribution id="vtd_yuanlinlu_east_T1"  vTypes="vt_car vt_truck" probabilities="0.913 0.087"/>
    <vTypeDistribution id="vtd_yuanlinlu_west_T1"  vTypes="vt_car vt_truck" probabilities="0.935 0.065"/>
    <vTypeDistribution id="vtd_xingminlu_north_T1" vTypes="vt_car vt_truck" probabilities="0.952 0.048"/>
    <vTypeDistribution id="vtd_xingminlu_south_T1" vTypes="vt_car vt_truck" probabilities="0.909 0.091"/>
    <vTypeDistribution id="vtd_fukanglu_north_T1"  vTypes="vt_car vt_truck" probabilities="0.900 0.100"/>
    <vTypeDistribution id="vtd_fukanglu_south_T1"  vTypes="vt_car vt_truck" probabilities="0.900 0.100"/>
    <vTypeDistribution id="vtd_feitianlu_north_T1" vTypes="vt_car vt_truck" probabilities="0.933 0.067"/>
    <vTypeDistribution id="vtd_feitianlu_south_T1" vTypes="vt_car vt_truck" probabilities="0.900 0.100"/>

    
    <vTypeDistribution id="vtd_yuanlinlu_east_T2"  vTypes="vt_car vt_truck" probabilities="0.896 0.104"/>
    <vTypeDistribution id="vtd_yuanlinlu_west_T2"  vTypes="vt_car vt_truck" probabilities="0.917 0.083"/>
    <vTypeDistribution id="vtd_xingminlu_north_T2" vTypes="vt_car vt_truck" probabilities="0.958 0.042"/>
    <vTypeDistribution id="vtd_xingminlu_south_T2" vTypes="vt_car vt_truck" probabilities="0.911 0.089"/>
    <vTypeDistribution id="vtd_fukanglu_north_T2"  vTypes="vt_car vt_truck" probabilities="0.915 0.085"/>
    <vTypeDistribution id="vtd_fukanglu_south_T2"  vTypes="vt_car vt_truck" probabilities="0.927 0.073"/>
    <vTypeDistribution id="vtd_feitianlu_north_T2" vTypes="vt_car vt_truck" probabilities="0.937 0.063"/>
    <vTypeDistribution id="vtd_feitianlu_south_T2" vTypes="vt_car vt_truck" probabilities="0.913 0.087"/>

    <vTypeDistribution id="vtd_yuanlinlu_east_T3"  vTypes="vt_car vt_truck" probabilities="0.911 0.089"/>
    <vTypeDistribution id="vtd_yuanlinlu_west_T3"  vTypes="vt_car vt_truck" probabilities="0.910 0.090"/>
    <vTypeDistribution id="vtd_xingminlu_north_T3" vTypes="vt_car vt_truck" probabilities="0.952 0.048"/>
    <vTypeDistribution id="vtd_xingminlu_south_T3" vTypes="vt_car vt_truck" probabilities="0.900 0.100"/>
    <vTypeDistribution id="vtd_fukanglu_north_T3"  vTypes="vt_car vt_truck" probabilities="0.909 0.091"/>
    <vTypeDistribution id="vtd_fukanglu_south_T3"  vTypes="vt_car vt_truck" probabilities="0.917 0.083"/>
    <vTypeDistribution id="vtd_feitianlu_north_T3" vTypes="vt_car vt_truck" probabilities="0.913 0.087"/>
    <vTypeDistribution id="vtd_feitianlu_south_T3" vTypes="vt_car vt_truck" probabilities="0.930 0.070"/>

    <vTypeDistribution id="vtd_yuanlinlu_east_T4"  vTypes="vt_car vt_truck" probabilities="0.902 0.098"/>
    <vTypeDistribution id="vtd_yuanlinlu_west_T4"  vTypes="vt_car vt_truck" probabilities="0.908 0.092"/>
    <vTypeDistribution id="vtd_xingminlu_north_T4" vTypes="vt_car vt_truck" probabilities="0.912 0.088"/>
    <vTypeDistribution id="vtd_xingminlu_south_T4" vTypes="vt_car vt_truck" probabilities="0.917 0.083"/>
    <vTypeDistribution id="vtd_fukanglu_north_T4"  vTypes="vt_car vt_truck" probabilities="0.932 0.068"/>
    <vTypeDistribution id="vtd_fukanglu_south_T4"  vTypes="vt_car vt_truck" probabilities="0.927 0.073"/>
    <vTypeDistribution id="vtd_feitianlu_north_T4" vTypes="vt_car vt_truck" probabilities="0.911 0.089"/>
    <vTypeDistribution id="vtd_feitianlu_south_T4" vTypes="vt_car vt_truck" probabilities="0.921 0.079"/>

</routes>