<?xml version="1.0" encoding="UTF-8"?>

<!-- generated on 2024-04-29 21:35:07 by Eclipse SUMO GUI Version 1.19.0
<configuration xmlns:xsi="http://www.w3.org/2001/XMLSchema-instance" xsi:noNamespaceSchemaLocation="http://sumo.dlr.de/xsd/sumoConfiguration.xsd">

    <input>
        <net-file value="C:\Users\10539\Documents\BaiduNetdiskWorkspace\Python项目\Python绘图\本科毕业设计\交叉口模型参数分析\jmCrossingGap\3.4晚高峰（jmCrossingGap=12）\4.net.xml"/>
        <route-files value="C:\Users\10539\Documents\BaiduNetdiskWorkspace\Python项目\Python绘图\本科毕业设计\交叉口模型参数分析\jmCrossingGap\3.4晚高峰（jmCrossingGap=12）\v_vehs.rou.xml,C:\Users\10539\Documents\BaiduNetdiskWorkspace\Python项目\Python绘图\本科毕业设计\交叉口模型参数分析\jmCrossingGap\3.4晚高峰（jmCrossingGap=12）\pedestrian.rou.xml,C:\Users\10539\Documents\BaiduNetdiskWorkspace\Python项目\Python绘图\本科毕业设计\交叉口模型参数分析\jmCrossingGap\3.4晚高峰（jmCrossingGap=12）\bus.rou.xml"/>
        <additional-files value="C:\Users\10539\Documents\BaiduNetdiskWorkspace\Python项目\Python绘图\本科毕业设计\交叉口模型参数分析\jmCrossingGap\3.4晚高峰（jmCrossingGap=12）\det_e3.add.xml,C:\Users\10539\Documents\BaiduNetdiskWorkspace\Python项目\Python绘图\本科毕业设计\交叉口模型参数分析\jmCrossingGap\3.4晚高峰（jmCrossingGap=12）\det_e2.add.xml,C:\Users\10539\Documents\BaiduNetdiskWorkspace\Python项目\Python绘图\本科毕业设计\交叉口模型参数分析\jmCrossingGap\3.4晚高峰（jmCrossingGap=12）\busstop_def.add.xml"/>
    </input>

    <output>
        <write-license value="false"/>
        <output-prefix value="OUTPUT-"/>
        <precision value="2"/>
        <human-readable-time value="false"/>
        <emission-output value="C:\Users\10539\Documents\BaiduNetdiskWorkspace\Python项目\Python绘图\本科毕业设计\交叉口模型参数分析\jmCrossingGap\3.4晚高峰（jmCrossingGap=12）\output/data_emission.xml"/>
        <emission-output.precision value="2"/>
        <queue-output value="C:\Users\10539\Documents\BaiduNetdiskWorkspace\Python项目\Python绘图\本科毕业设计\交叉口模型参数分析\jmCrossingGap\3.4晚高峰（jmCrossingGap=12）\output/data_Queue.xml"/>
        <queue-output.period value="300"/>
        <summary-output value="C:\Users\10539\Documents\BaiduNetdiskWorkspace\Python项目\Python绘图\本科毕业设计\交叉口模型参数分析\jmCrossingGap\3.4晚高峰（jmCrossingGap=12）\output/data_summary.xml"/>
        <summary-output.period value="300"/>
        <person-summary-output value="C:\Users\10539\Documents\BaiduNetdiskWorkspace\Python项目\Python绘图\本科毕业设计\交叉口模型参数分析\jmCrossingGap\3.4晚高峰（jmCrossingGap=12）\output/data_person_summary.xml"/>
        <personinfo-output value="C:\Users\10539\Documents\BaiduNetdiskWorkspace\Python项目\Python绘图\本科毕业设计\交叉口模型参数分析\jmCrossingGap\3.4晚高峰（jmCrossingGap=12）\output/data_personinfo.xml"/>
        <collision-output value="C:\Users\10539\Documents\BaiduNetdiskWorkspace\Python项目\Python绘图\本科毕业设计\交叉口模型参数分析\jmCrossingGap\3.4晚高峰（jmCrossingGap=12）\output/data_collision.xml"/>
        <edgedata-output value="C:\Users\10539\Documents\BaiduNetdiskWorkspace\Python项目\Python绘图\本科毕业设计\交叉口模型参数分析\jmCrossingGap\3.4晚高峰（jmCrossingGap=12）\output/data_edges.xml"/>
        <lanedata-output value="C:\Users\10539\Documents\BaiduNetdiskWorkspace\Python项目\Python绘图\本科毕业设计\交叉口模型参数分析\jmCrossingGap\3.4晚高峰（jmCrossingGap=12）\output/data_lanes.xml"/>
        <statistic-output value="C:\Users\10539\Documents\BaiduNetdiskWorkspace\Python项目\Python绘图\本科毕业设计\交叉口模型参数分析\jmCrossingGap\3.4晚高峰（jmCrossingGap=12）\output/data_statistic.xml"/>
    </output>

    <time>
        <begin value="0"/>
        <end value="3600"/>
        <step-length value="1"/>
    </time>

    <processing>
        <no-internal-links value="false"/>
        <ignore-route-errors value="true"/>
        <collision.action value="teleport"/>
        <intermodal-collision.action value="warn"/>
        <collision.stoptime value="0"/>
        <intermodal-collision.stoptime value="0"/>
        <collision.check-junctions value="false"/>
        <max-num-vehicles value="-1"/>
        <max-num-teleports value="-1"/>
        <time-to-teleport value="300"/>
        <time-to-teleport.remove value="false"/>
        <waiting-time-memory value="100"/>
        <max-depart-delay value="-1"/>
        <random-depart-offset value="0"/>
        <lanechange.duration value="0"/>
        <lanechange.overtake-right value="false"/>
        <tls.all-off value="false"/>
        <tls.yellow.min-decel value="3"/>
    </processing>

    <routing>
        <routing-algorithm value="dijkstra"/>
    </routing>

    <report>
        <verbose value="true"/>
        <no-warnings value="true"/>
        <log value="C:\Users\10539\Documents\BaiduNetdiskWorkspace\Python项目\Python绘图\本科毕业设计\交叉口模型参数分析\jmCrossingGap\3.4晚高峰（jmCrossingGap=12）\output/data_log.xml"/>
        <no-step-log value="true"/>
        <step-log.period value="300"/>
    </report>

    <emissions>
        <device.emissions.period value="300"/>
    </emissions>

    <mesoscopic>
        <mesosim value="false"/>
    </mesoscopic>

    <random_number>
        <random value="false"/>
        <seed value="23423"/>
    </random_number>

    <gui_only>
        <gui-settings-file value="C:\Users\10539\Documents\BaiduNetdiskWorkspace\Python项目\Python绘图\本科毕业设计\交叉口模型参数分析\jmCrossingGap\3.4晚高峰（jmCrossingGap=12）\viewsettings.xml"/>
        <start value="false"/>
        <demo value="false"/>
        <window-size value="800,600"/>
        <window-pos value="100,100"/>
    </gui_only>

</configuration>
-->

<e3Detector xmlns:xsi="http://www.w3.org/2001/XMLSchema-instance" xsi:noNamespaceSchemaLocation="http://sumo.dlr.de/xsd/det_e3_file.xsd">
   <interval begin="0.00" end="300.00" id="首体路整体" meanTravelTime="78.31" meanOverlapTravelTime="78.76" meanSpeed="8.64" meanHaltsPerVehicle="0.72" meanTimeLoss="36.44" vehicleSum="54" meanSpeedWithin="5.45" meanHaltsPerVehicleWithin="1.25" meanDurationWithin="119.31" vehicleSumWithin="67" meanIntervalSpeedWithin="5.45" meanIntervalHaltsPerVehicleWithin="1.25" meanIntervalDurationWithin="119.31" meanTimeLossWithin="87.52"/>
   <interval begin="0.00" end="300.00" id="首体路与车公庄西" meanTravelTime="43.73" meanOverlapTravelTime="44.19" meanSpeed="10.26" meanHaltsPerVehicle="0.54" meanTimeLoss="12.87" vehicleSum="39" meanSpeedWithin="4.37" meanHaltsPerVehicleWithin="1.05" meanDurationWithin="108.93" vehicleSumWithin="20" meanIntervalSpeedWithin="4.37" meanIntervalHaltsPerVehicleWithin="1.05" meanIntervalDurationWithin="108.93" meanTimeLossWithin="91.34"/>
   <interval begin="0.00" end="300.00" id="首体路与增光路" meanTravelTime="60.23" meanOverlapTravelTime="60.68" meanSpeed="8.29" meanHaltsPerVehicle="0.53" meanTimeLoss="33.77" vehicleSum="59" meanSpeedWithin="5.51" meanHaltsPerVehicleWithin="0.81" meanDurationWithin="87.11" vehicleSumWithin="26" meanIntervalSpeedWithin="5.51" meanIntervalHaltsPerVehicleWithin="0.81" meanIntervalDurationWithin="87.11" meanTimeLossWithin="69.43"/>
   <interval begin="0.00" end="300.00" id="首体路与阜城路" meanTravelTime="70.99" meanOverlapTravelTime="71.49" meanSpeed="8.54" meanHaltsPerVehicle="0.58" meanTimeLoss="35.83" vehicleSum="31" meanSpeedWithin="7.48" meanHaltsPerVehicleWithin="0.96" meanDurationWithin="62.86" vehicleSumWithin="26" meanIntervalSpeedWithin="7.48" meanIntervalHaltsPerVehicleWithin="0.96" meanIntervalDurationWithin="62.86" meanTimeLossWithin="40.06"/>
   <interval begin="0.00" end="300.00" id="CAV_首体路整体" meanTravelTime="-1.00" meanOverlapTravelTime="-1.00" meanSpeed="-1.00" meanHaltsPerVehicle="-1.00" meanTimeLoss="-1.00" vehicleSum="0" meanSpeedWithin="-1.00" meanHaltsPerVehicleWithin="-1.00" meanDurationWithin="-1.00" vehicleSumWithin="0" meanIntervalSpeedWithin="-1.00" meanIntervalHaltsPerVehicleWithin="-1.00" meanIntervalDurationWithin="-1.00" meanTimeLossWithin="-1.00"/>
   <interval begin="0.00" end="300.00" id="CAV_首体路与车公庄西" meanTravelTime="-1.00" meanOverlapTravelTime="-1.00" meanSpeed="-1.00" meanHaltsPerVehicle="-1.00" meanTimeLoss="-1.00" vehicleSum="0" meanSpeedWithin="-1.00" meanHaltsPerVehicleWithin="-1.00" meanDurationWithin="-1.00" vehicleSumWithin="0" meanIntervalSpeedWithin="-1.00" meanIntervalHaltsPerVehicleWithin="-1.00" meanIntervalDurationWithin="-1.00" meanTimeLossWithin="-1.00"/>
   <interval begin="0.00" end="300.00" id="CAV_首体路与增光路" meanTravelTime="-1.00" meanOverlapTravelTime="-1.00" meanSpeed="-1.00" meanHaltsPerVehicle="-1.00" meanTimeLoss="-1.00" vehicleSum="0" meanSpeedWithin="-1.00" meanHaltsPerVehicleWithin="-1.00" meanDurationWithin="-1.00" vehicleSumWithin="0" meanIntervalSpeedWithin="-1.00" meanIntervalHaltsPerVehicleWithin="-1.00" meanIntervalDurationWithin="-1.00" meanTimeLossWithin="-1.00"/>
   <interval begin="0.00" end="300.00" id="CAV_首体路与阜城路" meanTravelTime="-1.00" meanOverlapTravelTime="-1.00" meanSpeed="-1.00" meanHaltsPerVehicle="-1.00" meanTimeLoss="-1.00" vehicleSum="0" meanSpeedWithin="-1.00" meanHaltsPerVehicleWithin="-1.00" meanDurationWithin="-1.00" vehicleSumWithin="0" meanIntervalSpeedWithin="-1.00" meanIntervalHaltsPerVehicleWithin="-1.00" meanIntervalDurationWithin="-1.00" meanTimeLossWithin="-1.00"/>
   <interval begin="300.00" end="600.00" id="首体路整体" meanTravelTime="139.56" meanOverlapTravelTime="139.95" meanSpeed="6.29" meanHaltsPerVehicle="1.60" meanTimeLoss="94.48" vehicleSum="121" meanSpeedWithin="5.10" meanHaltsPerVehicleWithin="1.33" meanDurationWithin="162.82" vehicleSumWithin="60" meanIntervalSpeedWithin="5.13" meanIntervalHaltsPerVehicleWithin="1.20" meanIntervalDurationWithin="138.37" meanTimeLossWithin="108.16"/>
   <interval begin="300.00" end="600.00" id="首体路与车公庄西" meanTravelTime="72.91" meanOverlapTravelTime="73.33" meanSpeed="8.39" meanHaltsPerVehicle="1.05" meanTimeLoss="41.49" vehicleSum="60" meanSpeedWithin="4.58" meanHaltsPerVehicleWithin="1.24" meanDurationWithin="181.84" vehicleSumWithin="29" meanIntervalSpeedWithin="4.59" meanIntervalHaltsPerVehicleWithin="1.03" meanIntervalDurationWithin="144.21" meanTimeLossWithin="125.10"/>
   <interval begin="300.00" end="600.00" id="首体路与增光路" meanTravelTime="99.37" meanOverlapTravelTime="99.77" meanSpeed="5.92" meanHaltsPerVehicle="0.97" meanTimeLoss="74.05" vehicleSum="87" meanSpeedWithin="6.20" meanHaltsPerVehicleWithin="0.71" meanDurationWithin="74.52" vehicleSumWithin="24" meanIntervalSpeedWithin="6.20" meanIntervalHaltsPerVehicleWithin="0.71" meanIntervalDurationWithin="74.52" meanTimeLossWithin="57.21"/>
   <interval begin="300.00" end="600.00" id="首体路与阜城路" meanTravelTime="81.65" meanOverlapTravelTime="82.05" meanSpeed="7.40" meanHaltsPerVehicle="0.97" meanTimeLoss="49.83" vehicleSum="60" meanSpeedWithin="6.79" meanHaltsPerVehicleWithin="0.73" meanDurationWithin="71.36" vehicleSumWithin="11" meanIntervalSpeedWithin="6.79" meanIntervalHaltsPerVehicleWithin="0.73" meanIntervalDurationWithin="71.36" meanTimeLossWithin="50.26"/>
   <interval begin="300.00" end="600.00" id="CAV_首体路整体" meanTravelTime="-1.00" meanOverlapTravelTime="-1.00" meanSpeed="-1.00" meanHaltsPerVehicle="-1.00" meanTimeLoss="-1.00" vehicleSum="0" meanSpeedWithin="-1.00" meanHaltsPerVehicleWithin="-1.00" meanDurationWithin="-1.00" vehicleSumWithin="0" meanIntervalSpeedWithin="-1.00" meanIntervalHaltsPerVehicleWithin="-1.00" meanIntervalDurationWithin="-1.00" meanTimeLossWithin="-1.00"/>
   <interval begin="300.00" end="600.00" id="CAV_首体路与车公庄西" meanTravelTime="-1.00" meanOverlapTravelTime="-1.00" meanSpeed="-1.00" meanHaltsPerVehicle="-1.00" meanTimeLoss="-1.00" vehicleSum="0" meanSpeedWithin="-1.00" meanHaltsPerVehicleWithin="-1.00" meanDurationWithin="-1.00" vehicleSumWithin="0" meanIntervalSpeedWithin="-1.00" meanIntervalHaltsPerVehicleWithin="-1.00" meanIntervalDurationWithin="-1.00" meanTimeLossWithin="-1.00"/>
   <interval begin="300.00" end="600.00" id="CAV_首体路与增光路" meanTravelTime="-1.00" meanOverlapTravelTime="-1.00" meanSpeed="-1.00" meanHaltsPerVehicle="-1.00" meanTimeLoss="-1.00" vehicleSum="0" meanSpeedWithin="-1.00" meanHaltsPerVehicleWithin="-1.00" meanDurationWithin="-1.00" vehicleSumWithin="0" meanIntervalSpeedWithin="-1.00" meanIntervalHaltsPerVehicleWithin="-1.00" meanIntervalDurationWithin="-1.00" meanTimeLossWithin="-1.00"/>
   <interval begin="300.00" end="600.00" id="CAV_首体路与阜城路" meanTravelTime="-1.00" meanOverlapTravelTime="-1.00" meanSpeed="-1.00" meanHaltsPerVehicle="-1.00" meanTimeLoss="-1.00" vehicleSum="0" meanSpeedWithin="-1.00" meanHaltsPerVehicleWithin="-1.00" meanDurationWithin="-1.00" vehicleSumWithin="0" meanIntervalSpeedWithin="-1.00" meanIntervalHaltsPerVehicleWithin="-1.00" meanIntervalDurationWithin="-1.00" meanTimeLossWithin="-1.00"/>
   <interval begin="600.00" end="900.00" id="首体路整体" meanTravelTime="149.62" meanOverlapTravelTime="150.04" meanSpeed="6.69" meanHaltsPerVehicle="1.36" meanTimeLoss="108.35" vehicleSum="123" meanSpeedWithin="4.75" meanHaltsPerVehicleWithin="1.64" meanDurationWithin="167.57" vehicleSumWithin="56" meanIntervalSpeedWithin="4.69" meanIntervalHaltsPerVehicleWithin="1.52" meanIntervalDurationWithin="156.13" meanTimeLossWithin="120.82"/>
   <interval begin="600.00" end="900.00" id="首体路与车公庄西" meanTravelTime="122.23" meanOverlapTravelTime="122.66" meanSpeed="7.23" meanHaltsPerVehicle="1.11" meanTimeLoss="92.19" vehicleSum="75" meanSpeedWithin="7.06" meanHaltsPerVehicleWithin="0.67" meanDurationWithin="76.89" vehicleSumWithin="24" meanIntervalSpeedWithin="7.06" meanIntervalHaltsPerVehicleWithin="0.67" meanIntervalDurationWithin="76.89" meanTimeLossWithin="58.64"/>
   <interval begin="600.00" end="900.00" id="首体路与增光路" meanTravelTime="88.19" meanOverlapTravelTime="88.64" meanSpeed="6.97" meanHaltsPerVehicle="0.78" meanTimeLoss="61.29" vehicleSum="89" meanSpeedWithin="6.05" meanHaltsPerVehicleWithin="0.92" meanDurationWithin="125.92" vehicleSumWithin="26" meanIntervalSpeedWithin="5.96" meanIntervalHaltsPerVehicleWithin="0.81" meanIntervalDurationWithin="108.33" meanTimeLossWithin="93.96"/>
   <interval begin="600.00" end="900.00" id="首体路与阜城路" meanTravelTime="87.00" meanOverlapTravelTime="87.45" meanSpeed="6.84" meanHaltsPerVehicle="1.09" meanTimeLoss="54.58" vehicleSum="55" meanSpeedWithin="9.02" meanHaltsPerVehicleWithin="0.55" meanDurationWithin="51.26" vehicleSumWithin="11" meanIntervalSpeedWithin="9.02" meanIntervalHaltsPerVehicleWithin="0.55" meanIntervalDurationWithin="51.26" meanTimeLossWithin="33.87"/>
   <interval begin="600.00" end="900.00" id="CAV_首体路整体" meanTravelTime="-1.00" meanOverlapTravelTime="-1.00" meanSpeed="-1.00" meanHaltsPerVehicle="-1.00" meanTimeLoss="-1.00" vehicleSum="0" meanSpeedWithin="-1.00" meanHaltsPerVehicleWithin="-1.00" meanDurationWithin="-1.00" vehicleSumWithin="0" meanIntervalSpeedWithin="-1.00" meanIntervalHaltsPerVehicleWithin="-1.00" meanIntervalDurationWithin="-1.00" meanTimeLossWithin="-1.00"/>
   <interval begin="600.00" end="900.00" id="CAV_首体路与车公庄西" meanTravelTime="-1.00" meanOverlapTravelTime="-1.00" meanSpeed="-1.00" meanHaltsPerVehicle="-1.00" meanTimeLoss="-1.00" vehicleSum="0" meanSpeedWithin="-1.00" meanHaltsPerVehicleWithin="-1.00" meanDurationWithin="-1.00" vehicleSumWithin="0" meanIntervalSpeedWithin="-1.00" meanIntervalHaltsPerVehicleWithin="-1.00" meanIntervalDurationWithin="-1.00" meanTimeLossWithin="-1.00"/>
   <interval begin="600.00" end="900.00" id="CAV_首体路与增光路" meanTravelTime="-1.00" meanOverlapTravelTime="-1.00" meanSpeed="-1.00" meanHaltsPerVehicle="-1.00" meanTimeLoss="-1.00" vehicleSum="0" meanSpeedWithin="-1.00" meanHaltsPerVehicleWithin="-1.00" meanDurationWithin="-1.00" vehicleSumWithin="0" meanIntervalSpeedWithin="-1.00" meanIntervalHaltsPerVehicleWithin="-1.00" meanIntervalDurationWithin="-1.00" meanTimeLossWithin="-1.00"/>
   <interval begin="600.00" end="900.00" id="CAV_首体路与阜城路" meanTravelTime="-1.00" meanOverlapTravelTime="-1.00" meanSpeed="-1.00" meanHaltsPerVehicle="-1.00" meanTimeLoss="-1.00" vehicleSum="0" meanSpeedWithin="-1.00" meanHaltsPerVehicleWithin="-1.00" meanDurationWithin="-1.00" vehicleSumWithin="0" meanIntervalSpeedWithin="-1.00" meanIntervalHaltsPerVehicleWithin="-1.00" meanIntervalDurationWithin="-1.00" meanTimeLossWithin="-1.00"/>
   <interval begin="900.00" end="1200.00" id="首体路整体" meanTravelTime="146.78" meanOverlapTravelTime="147.18" meanSpeed="6.88" meanHaltsPerVehicle="1.62" meanTimeLoss="96.78" vehicleSum="107" meanSpeedWithin="5.14" meanHaltsPerVehicleWithin="1.57" meanDurationWithin="180.63" vehicleSumWithin="69" meanIntervalSpeedWithin="5.11" meanIntervalHaltsPerVehicleWithin="1.28" meanIntervalDurationWithin="139.81" meanTimeLossWithin="112.86"/>
   <interval begin="900.00" end="1200.00" id="首体路与车公庄西" meanTravelTime="70.90" meanOverlapTravelTime="71.33" meanSpeed="8.92" meanHaltsPerVehicle="0.93" meanTimeLoss="39.46" vehicleSum="68" meanSpeedWithin="5.00" meanHaltsPerVehicleWithin="1.05" meanDurationWithin="162.90" vehicleSumWithin="20" meanIntervalSpeedWithin="5.00" meanIntervalHaltsPerVehicleWithin="0.80" meanIntervalDurationWithin="133.14" meanTimeLossWithin="115.93"/>
   <interval begin="900.00" end="1200.00" id="首体路与增光路" meanTravelTime="79.07" meanOverlapTravelTime="79.46" meanSpeed="7.36" meanHaltsPerVehicle="0.67" meanTimeLoss="54.34" vehicleSum="82" meanSpeedWithin="4.92" meanHaltsPerVehicleWithin="1.43" meanDurationWithin="178.72" vehicleSumWithin="35" meanIntervalSpeedWithin="4.85" meanIntervalHaltsPerVehicleWithin="1.09" meanIntervalDurationWithin="123.93" meanTimeLossWithin="106.89"/>
   <interval begin="900.00" end="1200.00" id="首体路与阜城路" meanTravelTime="95.64" meanOverlapTravelTime="96.05" meanSpeed="6.24" meanHaltsPerVehicle="1.13" meanTimeLoss="64.18" vehicleSum="47" meanSpeedWithin="10.73" meanHaltsPerVehicleWithin="0.30" meanDurationWithin="29.02" vehicleSumWithin="20" meanIntervalSpeedWithin="10.73" meanIntervalHaltsPerVehicleWithin="0.30" meanIntervalDurationWithin="29.02" meanTimeLossWithin="12.18"/>
   <interval begin="900.00" end="1200.00" id="CAV_首体路整体" meanTravelTime="-1.00" meanOverlapTravelTime="-1.00" meanSpeed="-1.00" meanHaltsPerVehicle="-1.00" meanTimeLoss="-1.00" vehicleSum="0" meanSpeedWithin="-1.00" meanHaltsPerVehicleWithin="-1.00" meanDurationWithin="-1.00" vehicleSumWithin="0" meanIntervalSpeedWithin="-1.00" meanIntervalHaltsPerVehicleWithin="-1.00" meanIntervalDurationWithin="-1.00" meanTimeLossWithin="-1.00"/>
   <interval begin="900.00" end="1200.00" id="CAV_首体路与车公庄西" meanTravelTime="-1.00" meanOverlapTravelTime="-1.00" meanSpeed="-1.00" meanHaltsPerVehicle="-1.00" meanTimeLoss="-1.00" vehicleSum="0" meanSpeedWithin="-1.00" meanHaltsPerVehicleWithin="-1.00" meanDurationWithin="-1.00" vehicleSumWithin="0" meanIntervalSpeedWithin="-1.00" meanIntervalHaltsPerVehicleWithin="-1.00" meanIntervalDurationWithin="-1.00" meanTimeLossWithin="-1.00"/>
   <interval begin="900.00" end="1200.00" id="CAV_首体路与增光路" meanTravelTime="-1.00" meanOverlapTravelTime="-1.00" meanSpeed="-1.00" meanHaltsPerVehicle="-1.00" meanTimeLoss="-1.00" vehicleSum="0" meanSpeedWithin="-1.00" meanHaltsPerVehicleWithin="-1.00" meanDurationWithin="-1.00" vehicleSumWithin="0" meanIntervalSpeedWithin="-1.00" meanIntervalHaltsPerVehicleWithin="-1.00" meanIntervalDurationWithin="-1.00" meanTimeLossWithin="-1.00"/>
   <interval begin="900.00" end="1200.00" id="CAV_首体路与阜城路" meanTravelTime="-1.00" meanOverlapTravelTime="-1.00" meanSpeed="-1.00" meanHaltsPerVehicle="-1.00" meanTimeLoss="-1.00" vehicleSum="0" meanSpeedWithin="-1.00" meanHaltsPerVehicleWithin="-1.00" meanDurationWithin="-1.00" vehicleSumWithin="0" meanIntervalSpeedWithin="-1.00" meanIntervalHaltsPerVehicleWithin="-1.00" meanIntervalDurationWithin="-1.00" meanTimeLossWithin="-1.00"/>
   <interval begin="1200.00" end="1500.00" id="首体路整体" meanTravelTime="166.53" meanOverlapTravelTime="166.95" meanSpeed="6.12" meanHaltsPerVehicle="1.55" meanTimeLoss="115.57" vehicleSum="119" meanSpeedWithin="4.50" meanHaltsPerVehicleWithin="1.51" meanDurationWithin="192.19" vehicleSumWithin="72" meanIntervalSpeedWithin="4.46" meanIntervalHaltsPerVehicleWithin="1.24" meanIntervalDurationWithin="141.65" meanTimeLossWithin="115.44"/>
   <interval begin="1200.00" end="1500.00" id="首体路与车公庄西" meanTravelTime="105.19" meanOverlapTravelTime="105.61" meanSpeed="7.62" meanHaltsPerVehicle="0.86" meanTimeLoss="73.47" vehicleSum="81" meanSpeedWithin="4.11" meanHaltsPerVehicleWithin="1.11" meanDurationWithin="100.78" vehicleSumWithin="18" meanIntervalSpeedWithin="4.11" meanIntervalHaltsPerVehicleWithin="1.11" meanIntervalDurationWithin="100.78" meanTimeLossWithin="86.53"/>
   <interval begin="1200.00" end="1500.00" id="首体路与增光路" meanTravelTime="99.21" meanOverlapTravelTime="99.65" meanSpeed="6.03" meanHaltsPerVehicle="0.91" meanTimeLoss="71.96" vehicleSum="92" meanSpeedWithin="4.56" meanHaltsPerVehicleWithin="1.52" meanDurationWithin="240.82" vehicleSumWithin="33" meanIntervalSpeedWithin="4.48" meanIntervalHaltsPerVehicleWithin="0.91" meanIntervalDurationWithin="130.59" meanTimeLossWithin="117.29"/>
   <interval begin="1200.00" end="1500.00" id="首体路与阜城路" meanTravelTime="60.77" meanOverlapTravelTime="61.20" meanSpeed="9.65" meanHaltsPerVehicle="0.70" meanTimeLoss="27.27" vehicleSum="56" meanSpeedWithin="6.22" meanHaltsPerVehicleWithin="0.88" meanDurationWithin="87.36" vehicleSumWithin="26" meanIntervalSpeedWithin="6.22" meanIntervalHaltsPerVehicleWithin="0.88" meanIntervalDurationWithin="87.29" meanTimeLossWithin="65.46"/>
   <interval begin="1200.00" end="1500.00" id="CAV_首体路整体" meanTravelTime="-1.00" meanOverlapTravelTime="-1.00" meanSpeed="-1.00" meanHaltsPerVehicle="-1.00" meanTimeLoss="-1.00" vehicleSum="0" meanSpeedWithin="-1.00" meanHaltsPerVehicleWithin="-1.00" meanDurationWithin="-1.00" vehicleSumWithin="0" meanIntervalSpeedWithin="-1.00" meanIntervalHaltsPerVehicleWithin="-1.00" meanIntervalDurationWithin="-1.00" meanTimeLossWithin="-1.00"/>
   <interval begin="1200.00" end="1500.00" id="CAV_首体路与车公庄西" meanTravelTime="-1.00" meanOverlapTravelTime="-1.00" meanSpeed="-1.00" meanHaltsPerVehicle="-1.00" meanTimeLoss="-1.00" vehicleSum="0" meanSpeedWithin="-1.00" meanHaltsPerVehicleWithin="-1.00" meanDurationWithin="-1.00" vehicleSumWithin="0" meanIntervalSpeedWithin="-1.00" meanIntervalHaltsPerVehicleWithin="-1.00" meanIntervalDurationWithin="-1.00" meanTimeLossWithin="-1.00"/>
   <interval begin="1200.00" end="1500.00" id="CAV_首体路与增光路" meanTravelTime="-1.00" meanOverlapTravelTime="-1.00" meanSpeed="-1.00" meanHaltsPerVehicle="-1.00" meanTimeLoss="-1.00" vehicleSum="0" meanSpeedWithin="-1.00" meanHaltsPerVehicleWithin="-1.00" meanDurationWithin="-1.00" vehicleSumWithin="0" meanIntervalSpeedWithin="-1.00" meanIntervalHaltsPerVehicleWithin="-1.00" meanIntervalDurationWithin="-1.00" meanTimeLossWithin="-1.00"/>
   <interval begin="1200.00" end="1500.00" id="CAV_首体路与阜城路" meanTravelTime="-1.00" meanOverlapTravelTime="-1.00" meanSpeed="-1.00" meanHaltsPerVehicle="-1.00" meanTimeLoss="-1.00" vehicleSum="0" meanSpeedWithin="-1.00" meanHaltsPerVehicleWithin="-1.00" meanDurationWithin="-1.00" vehicleSumWithin="0" meanIntervalSpeedWithin="-1.00" meanIntervalHaltsPerVehicleWithin="-1.00" meanIntervalDurationWithin="-1.00" meanTimeLossWithin="-1.00"/>
   <interval begin="1500.00" end="1800.00" id="首体路整体" meanTravelTime="141.65" meanOverlapTravelTime="142.06" meanSpeed="6.60" meanHaltsPerVehicle="1.46" meanTimeLoss="98.70" vehicleSum="116" meanSpeedWithin="4.67" meanHaltsPerVehicleWithin="1.95" meanDurationWithin="266.94" vehicleSumWithin="73" meanIntervalSpeedWithin="4.65" meanIntervalHaltsPerVehicleWithin="1.42" meanIntervalDurationWithin="169.90" meanTimeLossWithin="136.08"/>
   <interval begin="1500.00" end="1800.00" id="首体路与车公庄西" meanTravelTime="79.55" meanOverlapTravelTime="79.99" meanSpeed="7.46" meanHaltsPerVehicle="1.34" meanTimeLoss="48.73" vehicleSum="58" meanSpeedWithin="6.62" meanHaltsPerVehicleWithin="1.06" meanDurationWithin="145.29" vehicleSumWithin="32" meanIntervalSpeedWithin="6.62" meanIntervalHaltsPerVehicleWithin="0.84" meanIntervalDurationWithin="112.73" meanTimeLossWithin="90.97"/>
   <interval begin="1500.00" end="1800.00" id="首体路与增光路" meanTravelTime="94.97" meanOverlapTravelTime="95.37" meanSpeed="6.94" meanHaltsPerVehicle="0.83" meanTimeLoss="69.25" vehicleSum="90" meanSpeedWithin="5.32" meanHaltsPerVehicleWithin="1.53" meanDurationWithin="270.28" vehicleSumWithin="34" meanIntervalSpeedWithin="5.26" meanIntervalHaltsPerVehicleWithin="0.79" meanIntervalDurationWithin="120.34" meanTimeLossWithin="106.08"/>
   <interval begin="1500.00" end="1800.00" id="首体路与阜城路" meanTravelTime="119.90" meanOverlapTravelTime="120.32" meanSpeed="5.75" meanHaltsPerVehicle="1.10" meanTimeLoss="88.87" vehicleSum="62" meanSpeedWithin="7.55" meanHaltsPerVehicleWithin="0.50" meanDurationWithin="61.60" vehicleSumWithin="12" meanIntervalSpeedWithin="7.55" meanIntervalHaltsPerVehicleWithin="0.50" meanIntervalDurationWithin="61.60" meanTimeLossWithin="38.21"/>
   <interval begin="1500.00" end="1800.00" id="CAV_首体路整体" meanTravelTime="-1.00" meanOverlapTravelTime="-1.00" meanSpeed="-1.00" meanHaltsPerVehicle="-1.00" meanTimeLoss="-1.00" vehicleSum="0" meanSpeedWithin="-1.00" meanHaltsPerVehicleWithin="-1.00" meanDurationWithin="-1.00" vehicleSumWithin="0" meanIntervalSpeedWithin="-1.00" meanIntervalHaltsPerVehicleWithin="-1.00" meanIntervalDurationWithin="-1.00" meanTimeLossWithin="-1.00"/>
   <interval begin="1500.00" end="1800.00" id="CAV_首体路与车公庄西" meanTravelTime="-1.00" meanOverlapTravelTime="-1.00" meanSpeed="-1.00" meanHaltsPerVehicle="-1.00" meanTimeLoss="-1.00" vehicleSum="0" meanSpeedWithin="-1.00" meanHaltsPerVehicleWithin="-1.00" meanDurationWithin="-1.00" vehicleSumWithin="0" meanIntervalSpeedWithin="-1.00" meanIntervalHaltsPerVehicleWithin="-1.00" meanIntervalDurationWithin="-1.00" meanTimeLossWithin="-1.00"/>
   <interval begin="1500.00" end="1800.00" id="CAV_首体路与增光路" meanTravelTime="-1.00" meanOverlapTravelTime="-1.00" meanSpeed="-1.00" meanHaltsPerVehicle="-1.00" meanTimeLoss="-1.00" vehicleSum="0" meanSpeedWithin="-1.00" meanHaltsPerVehicleWithin="-1.00" meanDurationWithin="-1.00" vehicleSumWithin="0" meanIntervalSpeedWithin="-1.00" meanIntervalHaltsPerVehicleWithin="-1.00" meanIntervalDurationWithin="-1.00" meanTimeLossWithin="-1.00"/>
   <interval begin="1500.00" end="1800.00" id="CAV_首体路与阜城路" meanTravelTime="-1.00" meanOverlapTravelTime="-1.00" meanSpeed="-1.00" meanHaltsPerVehicle="-1.00" meanTimeLoss="-1.00" vehicleSum="0" meanSpeedWithin="-1.00" meanHaltsPerVehicleWithin="-1.00" meanDurationWithin="-1.00" vehicleSumWithin="0" meanIntervalSpeedWithin="-1.00" meanIntervalHaltsPerVehicleWithin="-1.00" meanIntervalDurationWithin="-1.00" meanTimeLossWithin="-1.00"/>
   <interval begin="1800.00" end="2100.00" id="首体路整体" meanTravelTime="185.53" meanOverlapTravelTime="185.94" meanSpeed="6.00" meanHaltsPerVehicle="1.65" meanTimeLoss="139.94" vehicleSum="131" meanSpeedWithin="4.65" meanHaltsPerVehicleWithin="2.01" meanDurationWithin="262.89" vehicleSumWithin="70" meanIntervalSpeedWithin="4.59" meanIntervalHaltsPerVehicleWithin="1.46" meanIntervalDurationWithin="158.15" meanTimeLossWithin="124.44"/>
   <interval begin="1800.00" end="2100.00" id="首体路与车公庄西" meanTravelTime="131.87" meanOverlapTravelTime="132.30" meanSpeed="6.87" meanHaltsPerVehicle="1.34" meanTimeLoss="100.79" vehicleSum="80" meanSpeedWithin="6.72" meanHaltsPerVehicleWithin="0.95" meanDurationWithin="76.09" vehicleSumWithin="22" meanIntervalSpeedWithin="6.72" meanIntervalHaltsPerVehicleWithin="0.95" meanIntervalDurationWithin="76.09" meanTimeLossWithin="60.01"/>
   <interval begin="1800.00" end="2100.00" id="首体路与增光路" meanTravelTime="107.79" meanOverlapTravelTime="108.24" meanSpeed="6.16" meanHaltsPerVehicle="0.88" meanTimeLoss="81.08" vehicleSum="94" meanSpeedWithin="5.28" meanHaltsPerVehicleWithin="1.44" meanDurationWithin="252.98" vehicleSumWithin="43" meanIntervalSpeedWithin="5.25" meanIntervalHaltsPerVehicleWithin="0.81" meanIntervalDurationWithin="111.22" meanTimeLossWithin="94.76"/>
   <interval begin="1800.00" end="2100.00" id="首体路与阜城路" meanTravelTime="78.58" meanOverlapTravelTime="79.03" meanSpeed="7.92" meanHaltsPerVehicle="0.64" meanTimeLoss="44.66" vehicleSum="61" meanSpeedWithin="7.87" meanHaltsPerVehicleWithin="0.90" meanDurationWithin="107.35" vehicleSumWithin="10" meanIntervalSpeedWithin="7.87" meanIntervalHaltsPerVehicleWithin="0.90" meanIntervalDurationWithin="107.35" meanTimeLossWithin="81.68"/>
   <interval begin="1800.00" end="2100.00" id="CAV_首体路整体" meanTravelTime="-1.00" meanOverlapTravelTime="-1.00" meanSpeed="-1.00" meanHaltsPerVehicle="-1.00" meanTimeLoss="-1.00" vehicleSum="0" meanSpeedWithin="-1.00" meanHaltsPerVehicleWithin="-1.00" meanDurationWithin="-1.00" vehicleSumWithin="0" meanIntervalSpeedWithin="-1.00" meanIntervalHaltsPerVehicleWithin="-1.00" meanIntervalDurationWithin="-1.00" meanTimeLossWithin="-1.00"/>
   <interval begin="1800.00" end="2100.00" id="CAV_首体路与车公庄西" meanTravelTime="-1.00" meanOverlapTravelTime="-1.00" meanSpeed="-1.00" meanHaltsPerVehicle="-1.00" meanTimeLoss="-1.00" vehicleSum="0" meanSpeedWithin="-1.00" meanHaltsPerVehicleWithin="-1.00" meanDurationWithin="-1.00" vehicleSumWithin="0" meanIntervalSpeedWithin="-1.00" meanIntervalHaltsPerVehicleWithin="-1.00" meanIntervalDurationWithin="-1.00" meanTimeLossWithin="-1.00"/>
   <interval begin="1800.00" end="2100.00" id="CAV_首体路与增光路" meanTravelTime="-1.00" meanOverlapTravelTime="-1.00" meanSpeed="-1.00" meanHaltsPerVehicle="-1.00" meanTimeLoss="-1.00" vehicleSum="0" meanSpeedWithin="-1.00" meanHaltsPerVehicleWithin="-1.00" meanDurationWithin="-1.00" vehicleSumWithin="0" meanIntervalSpeedWithin="-1.00" meanIntervalHaltsPerVehicleWithin="-1.00" meanIntervalDurationWithin="-1.00" meanTimeLossWithin="-1.00"/>
   <interval begin="1800.00" end="2100.00" id="CAV_首体路与阜城路" meanTravelTime="-1.00" meanOverlapTravelTime="-1.00" meanSpeed="-1.00" meanHaltsPerVehicle="-1.00" meanTimeLoss="-1.00" vehicleSum="0" meanSpeedWithin="-1.00" meanHaltsPerVehicleWithin="-1.00" meanDurationWithin="-1.00" vehicleSumWithin="0" meanIntervalSpeedWithin="-1.00" meanIntervalHaltsPerVehicleWithin="-1.00" meanIntervalDurationWithin="-1.00" meanTimeLossWithin="-1.00"/>
   <interval begin="2100.00" end="2400.00" id="首体路整体" meanTravelTime="181.54" meanOverlapTravelTime="181.95" meanSpeed="6.74" meanHaltsPerVehicle="2.00" meanTimeLoss="123.21" vehicleSum="116" meanSpeedWithin="4.37" meanHaltsPerVehicleWithin="1.59" meanDurationWithin="244.05" vehicleSumWithin="74" meanIntervalSpeedWithin="4.35" meanIntervalHaltsPerVehicleWithin="1.09" meanIntervalDurationWithin="140.06" meanTimeLossWithin="116.83"/>
   <interval begin="2100.00" end="2400.00" id="首体路与车公庄西" meanTravelTime="78.14" meanOverlapTravelTime="78.57" meanSpeed="8.01" meanHaltsPerVehicle="1.29" meanTimeLoss="45.66" vehicleSum="70" meanSpeedWithin="3.31" meanHaltsPerVehicleWithin="1.32" meanDurationWithin="178.98" vehicleSumWithin="19" meanIntervalSpeedWithin="3.30" meanIntervalHaltsPerVehicleWithin="1.11" meanIntervalDurationWithin="148.21" meanTimeLossWithin="135.59"/>
   <interval begin="2100.00" end="2400.00" id="首体路与增光路" meanTravelTime="100.10" meanOverlapTravelTime="100.50" meanSpeed="7.04" meanHaltsPerVehicle="0.82" meanTimeLoss="73.19" vehicleSum="96" meanSpeedWithin="5.28" meanHaltsPerVehicleWithin="1.69" meanDurationWithin="303.94" vehicleSumWithin="35" meanIntervalSpeedWithin="5.24" meanIntervalHaltsPerVehicleWithin="0.83" meanIntervalDurationWithin="110.09" meanTimeLossWithin="96.55"/>
   <interval begin="2100.00" end="2400.00" id="首体路与阜城路" meanTravelTime="88.72" meanOverlapTravelTime="89.14" meanSpeed="7.03" meanHaltsPerVehicle="0.90" meanTimeLoss="56.76" vehicleSum="48" meanSpeedWithin="7.37" meanHaltsPerVehicleWithin="0.60" meanDurationWithin="75.03" vehicleSumWithin="25" meanIntervalSpeedWithin="7.37" meanIntervalHaltsPerVehicleWithin="0.60" meanIntervalDurationWithin="75.03" meanTimeLossWithin="52.24"/>
   <interval begin="2100.00" end="2400.00" id="CAV_首体路整体" meanTravelTime="-1.00" meanOverlapTravelTime="-1.00" meanSpeed="-1.00" meanHaltsPerVehicle="-1.00" meanTimeLoss="-1.00" vehicleSum="0" meanSpeedWithin="-1.00" meanHaltsPerVehicleWithin="-1.00" meanDurationWithin="-1.00" vehicleSumWithin="0" meanIntervalSpeedWithin="-1.00" meanIntervalHaltsPerVehicleWithin="-1.00" meanIntervalDurationWithin="-1.00" meanTimeLossWithin="-1.00"/>
   <interval begin="2100.00" end="2400.00" id="CAV_首体路与车公庄西" meanTravelTime="-1.00" meanOverlapTravelTime="-1.00" meanSpeed="-1.00" meanHaltsPerVehicle="-1.00" meanTimeLoss="-1.00" vehicleSum="0" meanSpeedWithin="-1.00" meanHaltsPerVehicleWithin="-1.00" meanDurationWithin="-1.00" vehicleSumWithin="0" meanIntervalSpeedWithin="-1.00" meanIntervalHaltsPerVehicleWithin="-1.00" meanIntervalDurationWithin="-1.00" meanTimeLossWithin="-1.00"/>
   <interval begin="2100.00" end="2400.00" id="CAV_首体路与增光路" meanTravelTime="-1.00" meanOverlapTravelTime="-1.00" meanSpeed="-1.00" meanHaltsPerVehicle="-1.00" meanTimeLoss="-1.00" vehicleSum="0" meanSpeedWithin="-1.00" meanHaltsPerVehicleWithin="-1.00" meanDurationWithin="-1.00" vehicleSumWithin="0" meanIntervalSpeedWithin="-1.00" meanIntervalHaltsPerVehicleWithin="-1.00" meanIntervalDurationWithin="-1.00" meanTimeLossWithin="-1.00"/>
   <interval begin="2100.00" end="2400.00" id="CAV_首体路与阜城路" meanTravelTime="-1.00" meanOverlapTravelTime="-1.00" meanSpeed="-1.00" meanHaltsPerVehicle="-1.00" meanTimeLoss="-1.00" vehicleSum="0" meanSpeedWithin="-1.00" meanHaltsPerVehicleWithin="-1.00" meanDurationWithin="-1.00" vehicleSumWithin="0" meanIntervalSpeedWithin="-1.00" meanIntervalHaltsPerVehicleWithin="-1.00" meanIntervalDurationWithin="-1.00" meanTimeLossWithin="-1.00"/>
   <interval begin="2400.00" end="2700.00" id="首体路整体" meanTravelTime="186.62" meanOverlapTravelTime="187.04" meanSpeed="6.06" meanHaltsPerVehicle="1.65" meanTimeLoss="139.78" vehicleSum="127" meanSpeedWithin="4.26" meanHaltsPerVehicleWithin="1.65" meanDurationWithin="241.01" vehicleSumWithin="74" meanIntervalSpeedWithin="4.23" meanIntervalHaltsPerVehicleWithin="1.19" meanIntervalDurationWithin="138.03" meanTimeLossWithin="113.47"/>
   <interval begin="2400.00" end="2700.00" id="首体路与车公庄西" meanTravelTime="123.60" meanOverlapTravelTime="124.03" meanSpeed="8.03" meanHaltsPerVehicle="0.74" meanTimeLoss="93.34" vehicleSum="74" meanSpeedWithin="5.23" meanHaltsPerVehicleWithin="0.85" meanDurationWithin="90.67" vehicleSumWithin="20" meanIntervalSpeedWithin="5.23" meanIntervalHaltsPerVehicleWithin="0.85" meanIntervalDurationWithin="90.67" meanTimeLossWithin="74.92"/>
   <interval begin="2400.00" end="2700.00" id="首体路与增光路" meanTravelTime="109.45" meanOverlapTravelTime="109.91" meanSpeed="6.15" meanHaltsPerVehicle="1.06" meanTimeLoss="81.68" vehicleSum="93" meanSpeedWithin="4.54" meanHaltsPerVehicleWithin="1.61" meanDurationWithin="307.29" vehicleSumWithin="41" meanIntervalSpeedWithin="4.49" meanIntervalHaltsPerVehicleWithin="0.80" meanIntervalDurationWithin="122.16" meanTimeLossWithin="109.50"/>
   <interval begin="2400.00" end="2700.00" id="首体路与阜城路" meanTravelTime="91.31" meanOverlapTravelTime="91.75" meanSpeed="6.74" meanHaltsPerVehicle="1.19" meanTimeLoss="58.53" vehicleSum="62" meanSpeedWithin="5.86" meanHaltsPerVehicleWithin="0.83" meanDurationWithin="75.01" vehicleSumWithin="18" meanIntervalSpeedWithin="5.86" meanIntervalHaltsPerVehicleWithin="0.83" meanIntervalDurationWithin="75.01" meanTimeLossWithin="53.41"/>
   <interval begin="2400.00" end="2700.00" id="CAV_首体路整体" meanTravelTime="-1.00" meanOverlapTravelTime="-1.00" meanSpeed="-1.00" meanHaltsPerVehicle="-1.00" meanTimeLoss="-1.00" vehicleSum="0" meanSpeedWithin="-1.00" meanHaltsPerVehicleWithin="-1.00" meanDurationWithin="-1.00" vehicleSumWithin="0" meanIntervalSpeedWithin="-1.00" meanIntervalHaltsPerVehicleWithin="-1.00" meanIntervalDurationWithin="-1.00" meanTimeLossWithin="-1.00"/>
   <interval begin="2400.00" end="2700.00" id="CAV_首体路与车公庄西" meanTravelTime="-1.00" meanOverlapTravelTime="-1.00" meanSpeed="-1.00" meanHaltsPerVehicle="-1.00" meanTimeLoss="-1.00" vehicleSum="0" meanSpeedWithin="-1.00" meanHaltsPerVehicleWithin="-1.00" meanDurationWithin="-1.00" vehicleSumWithin="0" meanIntervalSpeedWithin="-1.00" meanIntervalHaltsPerVehicleWithin="-1.00" meanIntervalDurationWithin="-1.00" meanTimeLossWithin="-1.00"/>
   <interval begin="2400.00" end="2700.00" id="CAV_首体路与增光路" meanTravelTime="-1.00" meanOverlapTravelTime="-1.00" meanSpeed="-1.00" meanHaltsPerVehicle="-1.00" meanTimeLoss="-1.00" vehicleSum="0" meanSpeedWithin="-1.00" meanHaltsPerVehicleWithin="-1.00" meanDurationWithin="-1.00" vehicleSumWithin="0" meanIntervalSpeedWithin="-1.00" meanIntervalHaltsPerVehicleWithin="-1.00" meanIntervalDurationWithin="-1.00" meanTimeLossWithin="-1.00"/>
   <interval begin="2400.00" end="2700.00" id="CAV_首体路与阜城路" meanTravelTime="-1.00" meanOverlapTravelTime="-1.00" meanSpeed="-1.00" meanHaltsPerVehicle="-1.00" meanTimeLoss="-1.00" vehicleSum="0" meanSpeedWithin="-1.00" meanHaltsPerVehicleWithin="-1.00" meanDurationWithin="-1.00" vehicleSumWithin="0" meanIntervalSpeedWithin="-1.00" meanIntervalHaltsPerVehicleWithin="-1.00" meanIntervalDurationWithin="-1.00" meanTimeLossWithin="-1.00"/>
   <interval begin="2700.00" end="3000.00" id="首体路整体" meanTravelTime="153.09" meanOverlapTravelTime="153.49" meanSpeed="6.49" meanHaltsPerVehicle="1.56" meanTimeLoss="110.16" vehicleSum="122" meanSpeedWithin="4.36" meanHaltsPerVehicleWithin="1.71" meanDurationWithin="284.03" vehicleSumWithin="73" meanIntervalSpeedWithin="4.34" meanIntervalHaltsPerVehicleWithin="1.08" meanIntervalDurationWithin="154.05" meanTimeLossWithin="128.09"/>
   <interval begin="2700.00" end="3000.00" id="首体路与车公庄西" meanTravelTime="79.92" meanOverlapTravelTime="80.36" meanSpeed="7.22" meanHaltsPerVehicle="1.37" meanTimeLoss="49.98" vehicleSum="57" meanSpeedWithin="7.00" meanHaltsPerVehicleWithin="0.80" meanDurationWithin="136.19" vehicleSumWithin="30" meanIntervalSpeedWithin="7.00" meanIntervalHaltsPerVehicleWithin="0.57" meanIntervalDurationWithin="102.03" meanTimeLossWithin="89.45"/>
   <interval begin="2700.00" end="3000.00" id="首体路与增光路" meanTravelTime="115.66" meanOverlapTravelTime="116.04" meanSpeed="6.71" meanHaltsPerVehicle="0.90" meanTimeLoss="90.60" vehicleSum="97" meanSpeedWithin="5.48" meanHaltsPerVehicleWithin="1.62" meanDurationWithin="315.51" vehicleSumWithin="39" meanIntervalSpeedWithin="5.45" meanIntervalHaltsPerVehicleWithin="0.74" meanIntervalDurationWithin="109.44" meanTimeLossWithin="97.18"/>
   <interval begin="2700.00" end="3000.00" id="首体路与阜城路" meanTravelTime="88.52" meanOverlapTravelTime="88.92" meanSpeed="7.11" meanHaltsPerVehicle="0.75" meanTimeLoss="56.97" vehicleSum="63" meanSpeedWithin="7.21" meanHaltsPerVehicleWithin="0.70" meanDurationWithin="61.81" vehicleSumWithin="10" meanIntervalSpeedWithin="7.21" meanIntervalHaltsPerVehicleWithin="0.70" meanIntervalDurationWithin="61.81" meanTimeLossWithin="40.43"/>
   <interval begin="2700.00" end="3000.00" id="CAV_首体路整体" meanTravelTime="-1.00" meanOverlapTravelTime="-1.00" meanSpeed="-1.00" meanHaltsPerVehicle="-1.00" meanTimeLoss="-1.00" vehicleSum="0" meanSpeedWithin="-1.00" meanHaltsPerVehicleWithin="-1.00" meanDurationWithin="-1.00" vehicleSumWithin="0" meanIntervalSpeedWithin="-1.00" meanIntervalHaltsPerVehicleWithin="-1.00" meanIntervalDurationWithin="-1.00" meanTimeLossWithin="-1.00"/>
   <interval begin="2700.00" end="3000.00" id="CAV_首体路与车公庄西" meanTravelTime="-1.00" meanOverlapTravelTime="-1.00" meanSpeed="-1.00" meanHaltsPerVehicle="-1.00" meanTimeLoss="-1.00" vehicleSum="0" meanSpeedWithin="-1.00" meanHaltsPerVehicleWithin="-1.00" meanDurationWithin="-1.00" vehicleSumWithin="0" meanIntervalSpeedWithin="-1.00" meanIntervalHaltsPerVehicleWithin="-1.00" meanIntervalDurationWithin="-1.00" meanTimeLossWithin="-1.00"/>
   <interval begin="2700.00" end="3000.00" id="CAV_首体路与增光路" meanTravelTime="-1.00" meanOverlapTravelTime="-1.00" meanSpeed="-1.00" meanHaltsPerVehicle="-1.00" meanTimeLoss="-1.00" vehicleSum="0" meanSpeedWithin="-1.00" meanHaltsPerVehicleWithin="-1.00" meanDurationWithin="-1.00" vehicleSumWithin="0" meanIntervalSpeedWithin="-1.00" meanIntervalHaltsPerVehicleWithin="-1.00" meanIntervalDurationWithin="-1.00" meanTimeLossWithin="-1.00"/>
   <interval begin="2700.00" end="3000.00" id="CAV_首体路与阜城路" meanTravelTime="-1.00" meanOverlapTravelTime="-1.00" meanSpeed="-1.00" meanHaltsPerVehicle="-1.00" meanTimeLoss="-1.00" vehicleSum="0" meanSpeedWithin="-1.00" meanHaltsPerVehicleWithin="-1.00" meanDurationWithin="-1.00" vehicleSumWithin="0" meanIntervalSpeedWithin="-1.00" meanIntervalHaltsPerVehicleWithin="-1.00" meanIntervalDurationWithin="-1.00" meanTimeLossWithin="-1.00"/>
   <interval begin="3000.00" end="3300.00" id="首体路整体" meanTravelTime="195.23" meanOverlapTravelTime="195.65" meanSpeed="6.17" meanHaltsPerVehicle="1.50" meanTimeLoss="148.21" vehicleSum="134" meanSpeedWithin="4.65" meanHaltsPerVehicleWithin="1.60" meanDurationWithin="260.49" vehicleSumWithin="63" meanIntervalSpeedWithin="4.63" meanIntervalHaltsPerVehicleWithin="1.06" meanIntervalDurationWithin="127.42" meanTimeLossWithin="106.15"/>
   <interval begin="3000.00" end="3300.00" id="首体路与车公庄西" meanTravelTime="144.01" meanOverlapTravelTime="144.43" meanSpeed="7.41" meanHaltsPerVehicle="0.92" meanTimeLoss="113.66" vehicleSum="78" meanSpeedWithin="5.87" meanHaltsPerVehicleWithin="0.77" meanDurationWithin="87.11" vehicleSumWithin="22" meanIntervalSpeedWithin="5.87" meanIntervalHaltsPerVehicleWithin="0.77" meanIntervalDurationWithin="87.11" meanTimeLossWithin="74.63"/>
   <interval begin="3000.00" end="3300.00" id="首体路与增光路" meanTravelTime="99.11" meanOverlapTravelTime="99.54" meanSpeed="7.16" meanHaltsPerVehicle="0.75" meanTimeLoss="72.64" vehicleSum="92" meanSpeedWithin="4.21" meanHaltsPerVehicleWithin="1.74" meanDurationWithin="348.88" vehicleSumWithin="38" meanIntervalSpeedWithin="4.18" meanIntervalHaltsPerVehicleWithin="0.84" meanIntervalDurationWithin="128.26" meanTimeLossWithin="115.40"/>
   <interval begin="3000.00" end="3300.00" id="首体路与阜城路" meanTravelTime="74.94" meanOverlapTravelTime="75.38" meanSpeed="8.01" meanHaltsPerVehicle="0.93" meanTimeLoss="41.99" vehicleSum="56" meanSpeedWithin="7.52" meanHaltsPerVehicleWithin="0.83" meanDurationWithin="66.96" vehicleSumWithin="12" meanIntervalSpeedWithin="7.52" meanIntervalHaltsPerVehicleWithin="0.83" meanIntervalDurationWithin="66.96" meanTimeLossWithin="43.97"/>
   <interval begin="3000.00" end="3300.00" id="CAV_首体路整体" meanTravelTime="-1.00" meanOverlapTravelTime="-1.00" meanSpeed="-1.00" meanHaltsPerVehicle="-1.00" meanTimeLoss="-1.00" vehicleSum="0" meanSpeedWithin="-1.00" meanHaltsPerVehicleWithin="-1.00" meanDurationWithin="-1.00" vehicleSumWithin="0" meanIntervalSpeedWithin="-1.00" meanIntervalHaltsPerVehicleWithin="-1.00" meanIntervalDurationWithin="-1.00" meanTimeLossWithin="-1.00"/>
   <interval begin="3000.00" end="3300.00" id="CAV_首体路与车公庄西" meanTravelTime="-1.00" meanOverlapTravelTime="-1.00" meanSpeed="-1.00" meanHaltsPerVehicle="-1.00" meanTimeLoss="-1.00" vehicleSum="0" meanSpeedWithin="-1.00" meanHaltsPerVehicleWithin="-1.00" meanDurationWithin="-1.00" vehicleSumWithin="0" meanIntervalSpeedWithin="-1.00" meanIntervalHaltsPerVehicleWithin="-1.00" meanIntervalDurationWithin="-1.00" meanTimeLossWithin="-1.00"/>
   <interval begin="3000.00" end="3300.00" id="CAV_首体路与增光路" meanTravelTime="-1.00" meanOverlapTravelTime="-1.00" meanSpeed="-1.00" meanHaltsPerVehicle="-1.00" meanTimeLoss="-1.00" vehicleSum="0" meanSpeedWithin="-1.00" meanHaltsPerVehicleWithin="-1.00" meanDurationWithin="-1.00" vehicleSumWithin="0" meanIntervalSpeedWithin="-1.00" meanIntervalHaltsPerVehicleWithin="-1.00" meanIntervalDurationWithin="-1.00" meanTimeLossWithin="-1.00"/>
   <interval begin="3000.00" end="3300.00" id="CAV_首体路与阜城路" meanTravelTime="-1.00" meanOverlapTravelTime="-1.00" meanSpeed="-1.00" meanHaltsPerVehicle="-1.00" meanTimeLoss="-1.00" vehicleSum="0" meanSpeedWithin="-1.00" meanHaltsPerVehicleWithin="-1.00" meanDurationWithin="-1.00" vehicleSumWithin="0" meanIntervalSpeedWithin="-1.00" meanIntervalHaltsPerVehicleWithin="-1.00" meanIntervalDurationWithin="-1.00" meanTimeLossWithin="-1.00"/>
   <interval begin="3300.00" end="3600.00" id="首体路整体" meanTravelTime="180.68" meanOverlapTravelTime="181.09" meanSpeed="6.47" meanHaltsPerVehicle="1.89" meanTimeLoss="127.17" vehicleSum="108" meanSpeedWithin="4.89" meanHaltsPerVehicleWithin="1.77" meanDurationWithin="265.09" vehicleSumWithin="75" meanIntervalSpeedWithin="4.88" meanIntervalHaltsPerVehicleWithin="1.21" meanIntervalDurationWithin="134.71" meanTimeLossWithin="110.07"/>
   <interval begin="3300.00" end="3600.00" id="首体路与车公庄西" meanTravelTime="71.91" meanOverlapTravelTime="72.34" meanSpeed="8.38" meanHaltsPerVehicle="0.94" meanTimeLoss="39.96" vehicleSum="68" meanSpeedWithin="5.95" meanHaltsPerVehicleWithin="1.00" meanDurationWithin="141.77" vehicleSumWithin="27" meanIntervalSpeedWithin="5.96" meanIntervalHaltsPerVehicleWithin="0.78" meanIntervalDurationWithin="104.14" meanTimeLossWithin="91.40"/>
   <interval begin="3300.00" end="3600.00" id="首体路与增光路" meanTravelTime="118.62" meanOverlapTravelTime="119.04" meanSpeed="6.06" meanHaltsPerVehicle="1.27" meanTimeLoss="92.62" vehicleSum="98" meanSpeedWithin="4.35" meanHaltsPerVehicleWithin="1.94" meanDurationWithin="404.50" vehicleSumWithin="31" meanIntervalSpeedWithin="4.31" meanIntervalHaltsPerVehicleWithin="0.84" meanIntervalDurationWithin="131.24" meanTimeLossWithin="119.13"/>
   <interval begin="3300.00" end="3600.00" id="首体路与阜城路" meanTravelTime="100.58" meanOverlapTravelTime="101.00" meanSpeed="5.94" meanHaltsPerVehicle="0.89" meanTimeLoss="68.70" vehicleSum="62" meanSpeedWithin="8.68" meanHaltsPerVehicleWithin="0.62" meanDurationWithin="50.13" vehicleSumWithin="24" meanIntervalSpeedWithin="8.68" meanIntervalHaltsPerVehicleWithin="0.62" meanIntervalDurationWithin="50.13" meanTimeLossWithin="25.17"/>
   <interval begin="3300.00" end="3600.00" id="CAV_首体路整体" meanTravelTime="-1.00" meanOverlapTravelTime="-1.00" meanSpeed="-1.00" meanHaltsPerVehicle="-1.00" meanTimeLoss="-1.00" vehicleSum="0" meanSpeedWithin="-1.00" meanHaltsPerVehicleWithin="-1.00" meanDurationWithin="-1.00" vehicleSumWithin="0" meanIntervalSpeedWithin="-1.00" meanIntervalHaltsPerVehicleWithin="-1.00" meanIntervalDurationWithin="-1.00" meanTimeLossWithin="-1.00"/>
   <interval begin="3300.00" end="3600.00" id="CAV_首体路与车公庄西" meanTravelTime="-1.00" meanOverlapTravelTime="-1.00" meanSpeed="-1.00" meanHaltsPerVehicle="-1.00" meanTimeLoss="-1.00" vehicleSum="0" meanSpeedWithin="-1.00" meanHaltsPerVehicleWithin="-1.00" meanDurationWithin="-1.00" vehicleSumWithin="0" meanIntervalSpeedWithin="-1.00" meanIntervalHaltsPerVehicleWithin="-1.00" meanIntervalDurationWithin="-1.00" meanTimeLossWithin="-1.00"/>
   <interval begin="3300.00" end="3600.00" id="CAV_首体路与增光路" meanTravelTime="-1.00" meanOverlapTravelTime="-1.00" meanSpeed="-1.00" meanHaltsPerVehicle="-1.00" meanTimeLoss="-1.00" vehicleSum="0" meanSpeedWithin="-1.00" meanHaltsPerVehicleWithin="-1.00" meanDurationWithin="-1.00" vehicleSumWithin="0" meanIntervalSpeedWithin="-1.00" meanIntervalHaltsPerVehicleWithin="-1.00" meanIntervalDurationWithin="-1.00" meanTimeLossWithin="-1.00"/>
   <interval begin="3300.00" end="3600.00" id="CAV_首体路与阜城路" meanTravelTime="-1.00" meanOverlapTravelTime="-1.00" meanSpeed="-1.00" meanHaltsPerVehicle="-1.00" meanTimeLoss="-1.00" vehicleSum="0" meanSpeedWithin="-1.00" meanHaltsPerVehicleWithin="-1.00" meanDurationWithin="-1.00" vehicleSumWithin="0" meanIntervalSpeedWithin="-1.00" meanIntervalHaltsPerVehicleWithin="-1.00" meanIntervalDurationWithin="-1.00" meanTimeLossWithin="-1.00"/>
</e3Detector>
