<?xml version="1.0" encoding="UTF-8"?>

<!-- generated on 2024-04-29 21:35:07 by Eclipse SUMO GUI Version 1.19.0
<configuration xmlns:xsi="http://www.w3.org/2001/XMLSchema-instance" xsi:noNamespaceSchemaLocation="http://sumo.dlr.de/xsd/sumoConfiguration.xsd">

    <input>
        <net-file value="C:\Users\10539\Documents\BaiduNetdiskWorkspace\Python项目\Python绘图\本科毕业设计\交叉口模型参数分析\jmCrossingGap\3.4晚高峰（jmCrossingGap=12）\4.net.xml"/>
        <route-files value="C:\Users\10539\Documents\BaiduNetdiskWorkspace\Python项目\Python绘图\本科毕业设计\交叉口模型参数分析\jmCrossingGap\3.4晚高峰（jmCrossingGap=12）\v_vehs.rou.xml,C:\Users\10539\Documents\BaiduNetdiskWorkspace\Python项目\Python绘图\本科毕业设计\交叉口模型参数分析\jmCrossingGap\3.4晚高峰（jmCrossingGap=12）\pedestrian.rou.xml,C:\Users\10539\Documents\BaiduNetdiskWorkspace\Python项目\Python绘图\本科毕业设计\交叉口模型参数分析\jmCrossingGap\3.4晚高峰（jmCrossingGap=12）\bus.rou.xml"/>
        <additional-files value="C:\Users\10539\Documents\BaiduNetdiskWorkspace\Python项目\Python绘图\本科毕业设计\交叉口模型参数分析\jmCrossingGap\3.4晚高峰（jmCrossingGap=12）\det_e3.add.xml,C:\Users\10539\Documents\BaiduNetdiskWorkspace\Python项目\Python绘图\本科毕业设计\交叉口模型参数分析\jmCrossingGap\3.4晚高峰（jmCrossingGap=12）\det_e2.add.xml,C:\Users\10539\Documents\BaiduNetdiskWorkspace\Python项目\Python绘图\本科毕业设计\交叉口模型参数分析\jmCrossingGap\3.4晚高峰（jmCrossingGap=12）\busstop_def.add.xml"/>
    </input>

    <output>
        <write-license value="false"/>
        <output-prefix value="OUTPUT-"/>
        <precision value="2"/>
        <human-readable-time value="false"/>
        <emission-output value="C:\Users\10539\Documents\BaiduNetdiskWorkspace\Python项目\Python绘图\本科毕业设计\交叉口模型参数分析\jmCrossingGap\3.4晚高峰（jmCrossingGap=12）\output/data_emission.xml"/>
        <emission-output.precision value="2"/>
        <queue-output value="C:\Users\10539\Documents\BaiduNetdiskWorkspace\Python项目\Python绘图\本科毕业设计\交叉口模型参数分析\jmCrossingGap\3.4晚高峰（jmCrossingGap=12）\output/data_Queue.xml"/>
        <queue-output.period value="300"/>
        <summary-output value="C:\Users\10539\Documents\BaiduNetdiskWorkspace\Python项目\Python绘图\本科毕业设计\交叉口模型参数分析\jmCrossingGap\3.4晚高峰（jmCrossingGap=12）\output/data_summary.xml"/>
        <summary-output.period value="300"/>
        <person-summary-output value="C:\Users\10539\Documents\BaiduNetdiskWorkspace\Python项目\Python绘图\本科毕业设计\交叉口模型参数分析\jmCrossingGap\3.4晚高峰（jmCrossingGap=12）\output/data_person_summary.xml"/>
        <personinfo-output value="C:\Users\10539\Documents\BaiduNetdiskWorkspace\Python项目\Python绘图\本科毕业设计\交叉口模型参数分析\jmCrossingGap\3.4晚高峰（jmCrossingGap=12）\output/data_personinfo.xml"/>
        <collision-output value="C:\Users\10539\Documents\BaiduNetdiskWorkspace\Python项目\Python绘图\本科毕业设计\交叉口模型参数分析\jmCrossingGap\3.4晚高峰（jmCrossingGap=12）\output/data_collision.xml"/>
        <edgedata-output value="C:\Users\10539\Documents\BaiduNetdiskWorkspace\Python项目\Python绘图\本科毕业设计\交叉口模型参数分析\jmCrossingGap\3.4晚高峰（jmCrossingGap=12）\output/data_edges.xml"/>
        <lanedata-output value="C:\Users\10539\Documents\BaiduNetdiskWorkspace\Python项目\Python绘图\本科毕业设计\交叉口模型参数分析\jmCrossingGap\3.4晚高峰（jmCrossingGap=12）\output/data_lanes.xml"/>
        <statistic-output value="C:\Users\10539\Documents\BaiduNetdiskWorkspace\Python项目\Python绘图\本科毕业设计\交叉口模型参数分析\jmCrossingGap\3.4晚高峰（jmCrossingGap=12）\output/data_statistic.xml"/>
    </output>

    <time>
        <begin value="0"/>
        <end value="3600"/>
        <step-length value="1"/>
    </time>

    <processing>
        <no-internal-links value="false"/>
        <ignore-route-errors value="true"/>
        <collision.action value="teleport"/>
        <intermodal-collision.action value="warn"/>
        <collision.stoptime value="0"/>
        <intermodal-collision.stoptime value="0"/>
        <collision.check-junctions value="false"/>
        <max-num-vehicles value="-1"/>
        <max-num-teleports value="-1"/>
        <time-to-teleport value="300"/>
        <time-to-teleport.remove value="false"/>
        <waiting-time-memory value="100"/>
        <max-depart-delay value="-1"/>
        <random-depart-offset value="0"/>
        <lanechange.duration value="0"/>
        <lanechange.overtake-right value="false"/>
        <tls.all-off value="false"/>
        <tls.yellow.min-decel value="3"/>
    </processing>

    <routing>
        <routing-algorithm value="dijkstra"/>
    </routing>

    <report>
        <verbose value="true"/>
        <no-warnings value="true"/>
        <log value="C:\Users\10539\Documents\BaiduNetdiskWorkspace\Python项目\Python绘图\本科毕业设计\交叉口模型参数分析\jmCrossingGap\3.4晚高峰（jmCrossingGap=12）\output/data_log.xml"/>
        <no-step-log value="true"/>
        <step-log.period value="300"/>
    </report>

    <emissions>
        <device.emissions.period value="300"/>
    </emissions>

    <mesoscopic>
        <mesosim value="false"/>
    </mesoscopic>

    <random_number>
        <random value="false"/>
        <seed value="23423"/>
    </random_number>

    <gui_only>
        <gui-settings-file value="C:\Users\10539\Documents\BaiduNetdiskWorkspace\Python项目\Python绘图\本科毕业设计\交叉口模型参数分析\jmCrossingGap\3.4晚高峰（jmCrossingGap=12）\viewsettings.xml"/>
        <start value="false"/>
        <demo value="false"/>
        <window-size value="800,600"/>
        <window-pos value="100,100"/>
    </gui_only>

</configuration>
-->

<queue-export xmlns:xsi="http://www.w3.org/2001/XMLSchema-instance" xsi:noNamespaceSchemaLocation="http://sumo.dlr.de/xsd/queue_file.xsd">
    <data timestep="0.00">
        <lanes/>
    </data>
    <data timestep="300.00">
        <lanes>
            <lane id="E13_3" queueing_time="246.00" queueing_length="6.00" queueing_length_experimental="6.00"/>
            <lane id="E13_7" queueing_time="189.00" queueing_length="6.00" queueing_length_experimental="6.00"/>
            <lane id="E13_8" queueing_time="177.00" queueing_length="13.50" queueing_length_experimental="13.50"/>
            <lane id="E14_7" queueing_time="89.00" queueing_length="28.00" queueing_length_experimental="28.00"/>
            <lane id="E17_4" queueing_time="24.00" queueing_length="28.50" queueing_length_experimental="28.50"/>
            <lane id="E17_5" queueing_time="22.00" queueing_length="21.00" queueing_length_experimental="21.00"/>
            <lane id="E17_6" queueing_time="15.00" queueing_length="21.00" queueing_length_experimental="21.00"/>
            <lane id="E17_7" queueing_time="17.00" queueing_length="13.50" queueing_length_experimental="13.50"/>
            <lane id="E18_2" queueing_time="247.00" queueing_length="21.00" queueing_length_experimental="21.00"/>
            <lane id="E29_3" queueing_time="73.00" queueing_length="12.00" queueing_length_experimental="12.00"/>
            <lane id="E29_4" queueing_time="9.00" queueing_length="19.50" queueing_length_experimental="19.50"/>
            <lane id="E34_4" queueing_time="19.00" queueing_length="6.00" queueing_length_experimental="6.00"/>
            <lane id="E34_5" queueing_time="5.00" queueing_length="6.00" queueing_length_experimental="6.00"/>
            <lane id="E37_2" queueing_time="273.00" queueing_length="125.26" queueing_length_experimental="125.26"/>
            <lane id="E38_4" queueing_time="15.00" queueing_length="13.52" queueing_length_experimental="13.52"/>
            <lane id="E5_4" queueing_time="122.00" queueing_length="6.00" queueing_length_experimental="6.00"/>
            <lane id="E5_5" queueing_time="102.00" queueing_length="51.01" queueing_length_experimental="51.01"/>
            <lane id="E5_6" queueing_time="81.00" queueing_length="6.00" queueing_length_experimental="6.00"/>
            <lane id="E5_7" queueing_time="65.00" queueing_length="13.29" queueing_length_experimental="13.29"/>
            <lane id="E9_3" queueing_time="74.00" queueing_length="13.50" queueing_length_experimental="13.50"/>
            <lane id="E9_4" queueing_time="31.00" queueing_length="6.00" queueing_length_experimental="6.00"/>
        </lanes>
    </data>
    <data timestep="600.00">
        <lanes>
            <lane id=":J25_15_2" queueing_time="3.00" queueing_length="6.00" queueing_length_experimental="6.00"/>
            <lane id="E13_3" queueing_time="201.00" queueing_length="28.50" queueing_length_experimental="36.13"/>
            <lane id="E13_5" queueing_time="53.00" queueing_length="21.00" queueing_length_experimental="21.00"/>
            <lane id="E13_6" queueing_time="42.00" queueing_length="13.50" queueing_length_experimental="13.50"/>
            <lane id="E13_7" queueing_time="26.00" queueing_length="6.00" queueing_length_experimental="6.00"/>
            <lane id="E14_4" queueing_time="28.00" queueing_length="6.00" queueing_length_experimental="6.00"/>
            <lane id="E14_5" queueing_time="23.00" queueing_length="13.00" queueing_length_experimental="13.00"/>
            <lane id="E17_4" queueing_time="18.00" queueing_length="6.00" queueing_length_experimental="6.00"/>
            <lane id="E18_2" queueing_time="223.00" queueing_length="13.50" queueing_length_experimental="13.50"/>
            <lane id="E18_3" queueing_time="73.00" queueing_length="13.50" queueing_length_experimental="13.50"/>
            <lane id="E22_2" queueing_time="3.00" queueing_length="6.00" queueing_length_experimental="6.00"/>
            <lane id="E22_3" queueing_time="80.00" queueing_length="6.00" queueing_length_experimental="6.00"/>
            <lane id="E30_5" queueing_time="4.00" queueing_length="13.47" queueing_length_experimental="13.47"/>
            <lane id="E30_6" queueing_time="56.00" queueing_length="21.00" queueing_length_experimental="21.00"/>
            <lane id="E30_7" queueing_time="37.00" queueing_length="13.50" queueing_length_experimental="13.50"/>
            <lane id="E34_4" queueing_time="23.00" queueing_length="6.00" queueing_length_experimental="6.00"/>
            <lane id="E37_2" queueing_time="123.00" queueing_length="24.14" queueing_length_experimental="24.14"/>
            <lane id="E38_2" queueing_time="252.00" queueing_length="94.51" queueing_length_experimental="72.01"/>
            <lane id="E38_4" queueing_time="10.00" queueing_length="6.00" queueing_length_experimental="6.00"/>
            <lane id="E5_7" queueing_time="128.00" queueing_length="36.01" queueing_length_experimental="36.01"/>
        </lanes>
    </data>
    <data timestep="900.00">
        <lanes>
            <lane id=":J16_23_0" queueing_time="3.00" queueing_length="10.02" queueing_length_experimental="10.02"/>
            <lane id="E13_3" queueing_time="197.00" queueing_length="58.51" queueing_length_experimental="43.51"/>
            <lane id="E13_5" queueing_time="130.00" queueing_length="21.00" queueing_length_experimental="21.00"/>
            <lane id="E13_6" queueing_time="105.00" queueing_length="28.50" queueing_length_experimental="28.50"/>
            <lane id="E14_4" queueing_time="46.00" queueing_length="6.00" queueing_length_experimental="6.00"/>
            <lane id="E17_7" queueing_time="54.00" queueing_length="6.00" queueing_length_experimental="6.00"/>
            <lane id="E18_2" queueing_time="195.00" queueing_length="6.00" queueing_length_experimental="6.00"/>
            <lane id="E18_3" queueing_time="20.00" queueing_length="6.00" queueing_length_experimental="6.00"/>
            <lane id="E22_3" queueing_time="15.00" queueing_length="6.00" queueing_length_experimental="6.00"/>
            <lane id="E26_7" queueing_time="67.00" queueing_length="6.00" queueing_length_experimental="6.00"/>
            <lane id="E29_3" queueing_time="153.00" queueing_length="12.00" queueing_length_experimental="12.00"/>
            <lane id="E34_4" queueing_time="6.00" queueing_length="6.00" queueing_length_experimental="6.00"/>
            <lane id="E36_2" queueing_time="225.00" queueing_length="185.25" queueing_length_experimental="185.25"/>
            <lane id="E37_2" queueing_time="276.00" queueing_length="110.26" queueing_length_experimental="110.26"/>
            <lane id="E38_4" queueing_time="25.00" queueing_length="6.00" queueing_length_experimental="6.00"/>
            <lane id="E9_3" queueing_time="19.00" queueing_length="6.00" queueing_length_experimental="6.00"/>
        </lanes>
    </data>
    <data timestep="1200.00">
        <lanes>
            <lane id=":J0_5_0" queueing_time="3.00" queueing_length="9.89" queueing_length_experimental="25.17"/>
            <lane id=":J0_37_0" queueing_time="5.00" queueing_length="10.27" queueing_length_experimental="10.27"/>
            <lane id=":J11_0_3" queueing_time="48.00" queueing_length="7.74" queueing_length_experimental="7.74"/>
            <lane id="E12_3" queueing_time="5.00" queueing_length="6.00" queueing_length_experimental="6.00"/>
            <lane id="E13_3" queueing_time="191.00" queueing_length="58.51" queueing_length_experimental="43.51"/>
            <lane id="E14_7" queueing_time="61.00" queueing_length="13.50" queueing_length_experimental="13.50"/>
            <lane id="E17_4" queueing_time="43.00" queueing_length="13.50" queueing_length_experimental="13.50"/>
            <lane id="E17_5" queueing_time="37.00" queueing_length="6.00" queueing_length_experimental="6.00"/>
            <lane id="E17_6" queueing_time="11.00" queueing_length="6.00" queueing_length_experimental="6.00"/>
            <lane id="E18_2" queueing_time="56.00" queueing_length="6.00" queueing_length_experimental="6.00"/>
            <lane id="E26_4" queueing_time="24.00" queueing_length="6.00" queueing_length_experimental="6.00"/>
            <lane id="E34_4" queueing_time="32.00" queueing_length="6.00" queueing_length_experimental="6.00"/>
            <lane id="E38_2" queueing_time="201.00" queueing_length="94.51" queueing_length_experimental="72.01"/>
            <lane id="E5_4" queueing_time="74.00" queueing_length="6.00" queueing_length_experimental="6.00"/>
            <lane id="E5_5" queueing_time="6.00" queueing_length="6.00" queueing_length_experimental="6.00"/>
            <lane id="E5_7" queueing_time="15.00" queueing_length="6.00" queueing_length_experimental="6.00"/>
            <lane id="E9_3" queueing_time="60.00" queueing_length="6.00" queueing_length_experimental="6.00"/>
            <lane id="E9_4" queueing_time="36.00" queueing_length="6.00" queueing_length_experimental="6.00"/>
        </lanes>
    </data>
    <data timestep="1500.00">
        <lanes>
            <lane id=":J0_27_0" queueing_time="0.00" queueing_length="0.00" queueing_length_experimental="19.32"/>
            <lane id="E12_3" queueing_time="0.00" queueing_length="0.00" queueing_length_experimental="6.05"/>
            <lane id="E13_3" queueing_time="187.00" queueing_length="58.51" queueing_length_experimental="43.51"/>
            <lane id="E13_5" queueing_time="6.00" queueing_length="6.00" queueing_length_experimental="6.00"/>
            <lane id="E17_4" queueing_time="43.00" queueing_length="35.50" queueing_length_experimental="35.50"/>
            <lane id="E17_5" queueing_time="38.00" queueing_length="21.00" queueing_length_experimental="21.00"/>
            <lane id="E17_6" queueing_time="35.00" queueing_length="21.00" queueing_length_experimental="21.00"/>
            <lane id="E18_2" queueing_time="284.00" queueing_length="43.51" queueing_length_experimental="43.51"/>
            <lane id="E18_3" queueing_time="0.00" queueing_length="0.00" queueing_length_experimental="17.67"/>
            <lane id="E29_3" queueing_time="64.00" queueing_length="27.00" queueing_length_experimental="27.00"/>
            <lane id="E34_4" queueing_time="33.00" queueing_length="13.50" queueing_length_experimental="13.50"/>
            <lane id="E34_5" queueing_time="18.00" queueing_length="6.00" queueing_length_experimental="6.00"/>
            <lane id="E36_2" queueing_time="175.00" queueing_length="170.25" queueing_length_experimental="170.25"/>
            <lane id="E37_2" queueing_time="275.00" queueing_length="125.26" queueing_length_experimental="125.26"/>
            <lane id="E38_4" queueing_time="35.00" queueing_length="13.50" queueing_length_experimental="13.50"/>
            <lane id="E5_4" queueing_time="145.00" queueing_length="6.00" queueing_length_experimental="6.00"/>
            <lane id="E5_5" queueing_time="86.00" queueing_length="36.01" queueing_length_experimental="36.01"/>
            <lane id="E5_6" queueing_time="69.00" queueing_length="6.00" queueing_length_experimental="6.00"/>
            <lane id="E5_7" queueing_time="58.00" queueing_length="13.50" queueing_length_experimental="13.50"/>
            <lane id="E9_3" queueing_time="142.00" queueing_length="13.50" queueing_length_experimental="13.50"/>
            <lane id="E9_4" queueing_time="117.00" queueing_length="13.50" queueing_length_experimental="13.50"/>
            <lane id="E9_5" queueing_time="75.00" queueing_length="13.50" queueing_length_experimental="13.50"/>
        </lanes>
    </data>
    <data timestep="1800.00">
        <lanes>
            <lane id="E11_4" queueing_time="199.00" queueing_length="5.24" queueing_length_experimental="5.24"/>
            <lane id="E12_3" queueing_time="300.00" queueing_length="6.00" queueing_length_experimental="6.00"/>
            <lane id="E13_2" queueing_time="25.00" queueing_length="6.00" queueing_length_experimental="13.66"/>
            <lane id="E13_3" queueing_time="181.00" queueing_length="51.01" queueing_length_experimental="43.51"/>
            <lane id="E13_5" queueing_time="83.00" queueing_length="13.50" queueing_length_experimental="13.50"/>
            <lane id="E13_6" queueing_time="39.00" queueing_length="13.50" queueing_length_experimental="13.50"/>
            <lane id="E13_7" queueing_time="32.00" queueing_length="6.00" queueing_length_experimental="6.00"/>
            <lane id="E14_4" queueing_time="55.00" queueing_length="6.00" queueing_length_experimental="6.00"/>
            <lane id="E14_5" queueing_time="49.00" queueing_length="13.50" queueing_length_experimental="13.50"/>
            <lane id="E14_6" queueing_time="49.00" queueing_length="13.50" queueing_length_experimental="13.50"/>
            <lane id="E18_3" queueing_time="47.00" queueing_length="6.00" queueing_length_experimental="6.00"/>
            <lane id="E22_3" queueing_time="56.00" queueing_length="6.00" queueing_length_experimental="6.00"/>
            <lane id="E30_3" queueing_time="8.00" queueing_length="13.37" queueing_length_experimental="13.37"/>
            <lane id="E34_4" queueing_time="29.00" queueing_length="13.50" queueing_length_experimental="13.50"/>
            <lane id="E34_5" queueing_time="15.00" queueing_length="6.00" queueing_length_experimental="6.00"/>
            <lane id="E38_2" queueing_time="163.00" queueing_length="87.01" queueing_length_experimental="72.01"/>
            <lane id="E38_4" queueing_time="42.00" queueing_length="6.00" queueing_length_experimental="6.00"/>
            <lane id="E38_7" queueing_time="9.00" queueing_length="6.00" queueing_length_experimental="6.00"/>
            <lane id="E5_2" queueing_time="31.00" queueing_length="13.50" queueing_length_experimental="13.50"/>
            <lane id="E5_7" queueing_time="146.00" queueing_length="28.50" queueing_length_experimental="28.50"/>
        </lanes>
    </data>
    <data timestep="2100.00">
        <lanes>
            <lane id=":J16_5_0" queueing_time="2.00" queueing_length="17.60" queueing_length_experimental="17.60"/>
            <lane id=":J16_5_1" queueing_time="9.00" queueing_length="17.09" queueing_length_experimental="17.09"/>
            <lane id="E13_3" queueing_time="176.00" queueing_length="58.51" queueing_length_experimental="43.51"/>
            <lane id="E13_5" queueing_time="128.00" queueing_length="36.01" queueing_length_experimental="36.01"/>
            <lane id="E13_6" queueing_time="116.00" queueing_length="36.01" queueing_length_experimental="36.01"/>
            <lane id="E13_7" queueing_time="66.00" queueing_length="6.00" queueing_length_experimental="6.00"/>
            <lane id="E14_4" queueing_time="147.00" queueing_length="21.00" queueing_length_experimental="21.00"/>
            <lane id="E14_5" queueing_time="146.00" queueing_length="13.50" queueing_length_experimental="13.50"/>
            <lane id="E14_6" queueing_time="126.00" queueing_length="20.50" queueing_length_experimental="20.50"/>
            <lane id="E14_7" queueing_time="74.00" queueing_length="6.00" queueing_length_experimental="6.00"/>
            <lane id="E17_4" queueing_time="2.00" queueing_length="6.01" queueing_length_experimental="6.01"/>
            <lane id="E18_2" queueing_time="273.00" queueing_length="21.00" queueing_length_experimental="21.00"/>
            <lane id="E29_3" queueing_time="145.00" queueing_length="12.00" queueing_length_experimental="12.00"/>
            <lane id="E34_4" queueing_time="42.00" queueing_length="13.50" queueing_length_experimental="13.50"/>
            <lane id="E34_5" queueing_time="26.00" queueing_length="6.00" queueing_length_experimental="6.00"/>
            <lane id="E36_2" queueing_time="137.00" queueing_length="177.75" queueing_length_experimental="177.75"/>
            <lane id="E37_2" queueing_time="277.00" queueing_length="102.75" queueing_length_experimental="102.75"/>
            <lane id="E38_4" queueing_time="32.00" queueing_length="6.00" queueing_length_experimental="6.00"/>
            <lane id="E38_7" queueing_time="12.00" queueing_length="6.00" queueing_length_experimental="6.00"/>
            <lane id="E5_4" queueing_time="29.00" queueing_length="6.00" queueing_length_experimental="6.00"/>
            <lane id="E5_5" queueing_time="19.00" queueing_length="6.00" queueing_length_experimental="6.00"/>
            <lane id="E5_6" queueing_time="0.00" queueing_length="0.00" queueing_length_experimental="6.07"/>
            <lane id="E9_3" queueing_time="17.00" queueing_length="6.00" queueing_length_experimental="6.00"/>
        </lanes>
    </data>
    <data timestep="2400.00">
        <lanes>
            <lane id=":J11_0_3" queueing_time="125.00" queueing_length="7.74" queueing_length_experimental="7.74"/>
            <lane id="E11_4" queueing_time="93.00" queueing_length="6.00" queueing_length_experimental="6.00"/>
            <lane id="E13_3" queueing_time="171.00" queueing_length="58.51" queueing_length_experimental="43.51"/>
            <lane id="E13_7" queueing_time="53.00" queueing_length="6.00" queueing_length_experimental="6.00"/>
            <lane id="E14_7" queueing_time="110.00" queueing_length="6.00" queueing_length_experimental="6.00"/>
            <lane id="E17_4" queueing_time="66.00" queueing_length="21.00" queueing_length_experimental="21.00"/>
            <lane id="E17_5" queueing_time="57.00" queueing_length="13.50" queueing_length_experimental="13.50"/>
            <lane id="E17_6" queueing_time="45.00" queueing_length="13.50" queueing_length_experimental="13.50"/>
            <lane id="E18_2" queueing_time="256.00" queueing_length="58.51" queueing_length_experimental="58.51"/>
            <lane id="E34_4" queueing_time="51.00" queueing_length="13.50" queueing_length_experimental="13.50"/>
            <lane id="E34_5" queueing_time="35.00" queueing_length="6.00" queueing_length_experimental="6.00"/>
            <lane id="E34_6" queueing_time="7.00" queueing_length="6.00" queueing_length_experimental="6.00"/>
            <lane id="E37_2" queueing_time="13.00" queueing_length="9.13" queueing_length_experimental="16.71"/>
            <lane id="E38_2" queueing_time="128.00" queueing_length="94.51" queueing_length_experimental="72.01"/>
            <lane id="E5_4" queueing_time="100.00" queueing_length="6.00" queueing_length_experimental="6.00"/>
            <lane id="E5_5" queueing_time="90.00" queueing_length="36.01" queueing_length_experimental="36.01"/>
            <lane id="E5_6" queueing_time="82.00" queueing_length="6.00" queueing_length_experimental="6.00"/>
            <lane id="E5_7" queueing_time="28.00" queueing_length="6.00" queueing_length_experimental="6.00"/>
            <lane id="E9_3" queueing_time="61.00" queueing_length="13.50" queueing_length_experimental="13.50"/>
            <lane id="E9_4" queueing_time="35.00" queueing_length="6.00" queueing_length_experimental="6.00"/>
        </lanes>
    </data>
    <data timestep="2700.00">
        <lanes>
            <lane id="E11_4" queueing_time="119.00" queueing_length="5.94" queueing_length_experimental="5.94"/>
            <lane id="E12_3" queueing_time="159.00" queueing_length="6.00" queueing_length_experimental="6.00"/>
            <lane id="E13_3" queueing_time="167.00" queueing_length="58.51" queueing_length_experimental="43.51"/>
            <lane id="E13_5" queueing_time="40.00" queueing_length="13.50" queueing_length_experimental="13.50"/>
            <lane id="E13_6" queueing_time="23.00" queueing_length="13.50" queueing_length_experimental="13.50"/>
            <lane id="E17_4" queueing_time="38.00" queueing_length="20.50" queueing_length_experimental="20.50"/>
            <lane id="E17_5" queueing_time="31.00" queueing_length="13.50" queueing_length_experimental="13.50"/>
            <lane id="E17_6" queueing_time="33.00" queueing_length="13.50" queueing_length_experimental="13.50"/>
            <lane id="E18_2" queueing_time="263.00" queueing_length="21.00" queueing_length_experimental="21.00"/>
            <lane id="E18_3" queueing_time="63.00" queueing_length="21.00" queueing_length_experimental="21.00"/>
            <lane id="E22_3" queueing_time="71.00" queueing_length="21.02" queueing_length_experimental="21.02"/>
            <lane id="E26_4" queueing_time="12.00" queueing_length="6.00" queueing_length_experimental="6.00"/>
            <lane id="E29_3" queueing_time="34.00" queueing_length="27.04" queueing_length_experimental="27.04"/>
            <lane id="E34_4" queueing_time="44.00" queueing_length="13.50" queueing_length_experimental="13.50"/>
            <lane id="E34_5" queueing_time="33.00" queueing_length="6.00" queueing_length_experimental="6.00"/>
            <lane id="E34_6" queueing_time="0.00" queueing_length="0.00" queueing_length_experimental="6.04"/>
            <lane id="E36_2" queueing_time="101.00" queueing_length="192.75" queueing_length_experimental="192.75"/>
            <lane id="E37_2" queueing_time="272.00" queueing_length="125.26" queueing_length_experimental="125.26"/>
            <lane id="E38_4" queueing_time="32.00" queueing_length="6.00" queueing_length_experimental="6.00"/>
            <lane id="E38_7" queueing_time="1.00" queueing_length="6.00" queueing_length_experimental="6.00"/>
            <lane id="E5_5" queueing_time="100.00" queueing_length="58.51" queueing_length_experimental="51.01"/>
            <lane id="E5_7" queueing_time="88.00" queueing_length="21.00" queueing_length_experimental="21.00"/>
            <lane id="E9_3" queueing_time="0.00" queueing_length="0.00" queueing_length_experimental="12.51"/>
            <lane id="E9_4" queueing_time="0.00" queueing_length="0.00" queueing_length_experimental="12.23"/>
            <lane id="E9_5" queueing_time="102.00" queueing_length="13.50" queueing_length_experimental="13.50"/>
        </lanes>
    </data>
    <data timestep="3000.00">
        <lanes>
            <lane id="E11_4" queueing_time="108.00" queueing_length="6.00" queueing_length_experimental="6.00"/>
            <lane id="E12_3" queueing_time="153.00" queueing_length="6.00" queueing_length_experimental="6.00"/>
            <lane id="E13_2" queueing_time="51.00" queueing_length="21.00" queueing_length_experimental="21.00"/>
            <lane id="E13_3" queueing_time="162.00" queueing_length="51.01" queueing_length_experimental="43.51"/>
            <lane id="E13_5" queueing_time="86.00" queueing_length="21.00" queueing_length_experimental="21.00"/>
            <lane id="E13_6" queueing_time="78.00" queueing_length="13.50" queueing_length_experimental="21.16"/>
            <lane id="E13_7" queueing_time="23.00" queueing_length="6.00" queueing_length_experimental="6.00"/>
            <lane id="E14_4" queueing_time="67.00" queueing_length="6.00" queueing_length_experimental="6.00"/>
            <lane id="E14_5" queueing_time="16.00" queueing_length="6.00" queueing_length_experimental="6.00"/>
            <lane id="E17_7" queueing_time="120.00" queueing_length="6.00" queueing_length_experimental="6.00"/>
            <lane id="E18_2" queueing_time="144.00" queueing_length="13.50" queueing_length_experimental="13.50"/>
            <lane id="E18_3" queueing_time="37.00" queueing_length="6.00" queueing_length_experimental="6.00"/>
            <lane id="E22_3" queueing_time="40.00" queueing_length="13.50" queueing_length_experimental="13.50"/>
            <lane id="E26_7" queueing_time="22.00" queueing_length="6.00" queueing_length_experimental="6.00"/>
            <lane id="E34_4" queueing_time="46.00" queueing_length="6.00" queueing_length_experimental="6.00"/>
            <lane id="E34_5" queueing_time="30.00" queueing_length="6.00" queueing_length_experimental="6.00"/>
            <lane id="E37_2" queueing_time="8.00" queueing_length="9.13" queueing_length_experimental="9.13"/>
            <lane id="E38_2" queueing_time="82.00" queueing_length="94.51" queueing_length_experimental="72.01"/>
            <lane id="E38_4" queueing_time="54.00" queueing_length="6.00" queueing_length_experimental="6.00"/>
            <lane id="E5_2" queueing_time="38.00" queueing_length="6.00" queueing_length_experimental="6.00"/>
            <lane id="E5_7" queueing_time="149.00" queueing_length="36.01" queueing_length_experimental="36.01"/>
            <lane id="E9_5" queueing_time="132.00" queueing_length="13.50" queueing_length_experimental="13.50"/>
        </lanes>
    </data>
    <data timestep="3300.00">
        <lanes>
            <lane id=":J11_0_4" queueing_time="4.00" queueing_length="7.24" queueing_length_experimental="7.24"/>
            <lane id=":J16_22_0" queueing_time="1.00" queueing_length="6.04" queueing_length_experimental="6.04"/>
            <lane id="E11_4" queueing_time="60.00" queueing_length="5.32" queueing_length_experimental="5.32"/>
            <lane id="E12_3" queueing_time="151.00" queueing_length="6.00" queueing_length_experimental="6.00"/>
            <lane id="E13_3" queueing_time="157.00" queueing_length="51.01" queueing_length_experimental="43.51"/>
            <lane id="E13_5" queueing_time="155.00" queueing_length="58.01" queueing_length_experimental="43.01"/>
            <lane id="E13_6" queueing_time="142.00" queueing_length="51.01" queueing_length_experimental="43.51"/>
            <lane id="E13_7" queueing_time="119.00" queueing_length="6.00" queueing_length_experimental="6.00"/>
            <lane id="E13_8" queueing_time="18.00" queueing_length="6.00" queueing_length_experimental="6.00"/>
            <lane id="E14_7" queueing_time="127.00" queueing_length="13.00" queueing_length_experimental="13.00"/>
            <lane id="E17_7" queueing_time="19.00" queueing_length="13.50" queueing_length_experimental="13.50"/>
            <lane id="E18_2" queueing_time="179.00" queueing_length="28.50" queueing_length_experimental="28.50"/>
            <lane id="E22_3" queueing_time="8.00" queueing_length="6.00" queueing_length_experimental="6.00"/>
            <lane id="E26_7" queueing_time="19.00" queueing_length="6.00" queueing_length_experimental="6.00"/>
            <lane id="E29_3" queueing_time="133.00" queueing_length="27.00" queueing_length_experimental="27.00"/>
            <lane id="E36_2" queueing_time="56.00" queueing_length="177.75" queueing_length_experimental="177.75"/>
            <lane id="E37_2" queueing_time="275.00" queueing_length="117.76" queueing_length_experimental="117.76"/>
            <lane id="E38_7" queueing_time="28.00" queueing_length="6.00" queueing_length_experimental="6.00"/>
            <lane id="E5_4" queueing_time="55.00" queueing_length="6.00" queueing_length_experimental="6.00"/>
            <lane id="E5_5" queueing_time="47.00" queueing_length="13.51" queueing_length_experimental="13.51"/>
            <lane id="E5_6" queueing_time="27.00" queueing_length="6.00" queueing_length_experimental="6.00"/>
            <lane id="E9_3" queueing_time="61.00" queueing_length="6.00" queueing_length_experimental="6.00"/>
        </lanes>
    </data>
</queue-export>
